timestamp_unix,timestamp_iso,participant_full_id,activity_class,missing_value_reason
1716336000000,2024-05-22T00:00:00Z,101-1-1-0005,,device_not_recording
1716336060000,2024-05-22T00:01:00Z,101-1-1-0005,,device_not_recording
1716336120000,2024-05-22T00:02:00Z,101-1-1-0005,,device_not_recording
1716336180000,2024-05-22T00:03:00Z,101-1-1-0005,,device_not_recording
1716336240000,2024-05-22T00:04:00Z,101-1-1-0005,,device_not_recording
1716336300000,2024-05-22T00:05:00Z,101-1-1-0005,,device_not_recording
1716336360000,2024-05-22T00:06:00Z,101-1-1-0005,,device_not_recording
1716336420000,2024-05-22T00:07:00Z,101-1-1-0005,,device_not_recording
1716336480000,2024-05-22T00:08:00Z,101-1-1-0005,,device_not_recording
1716336540000,2024-05-22T00:09:00Z,101-1-1-0005,,device_not_recording
1716336600000,2024-05-22T00:10:00Z,101-1-1-0005,,device_not_recording
1716336660000,2024-05-22T00:11:00Z,101-1-1-0005,,device_not_recording
1716336720000,2024-05-22T00:12:00Z,101-1-1-0005,,device_not_recording
1716336780000,2024-05-22T00:13:00Z,101-1-1-0005,,device_not_recording
1716336840000,2024-05-22T00:14:00Z,101-1-1-0005,,device_not_recording
1716336900000,2024-05-22T00:15:00Z,101-1-1-0005,,device_not_recording
1716336960000,2024-05-22T00:16:00Z,101-1-1-0005,,device_not_recording
1716337020000,2024-05-22T00:17:00Z,101-1-1-0005,,device_not_recording
1716337080000,2024-05-22T00:18:00Z,101-1-1-0005,,device_not_recording
1716337140000,2024-05-22T00:19:00Z,101-1-1-0005,,device_not_recording
1716337200000,2024-05-22T00:20:00Z,101-1-1-0005,,device_not_recording
1716337260000,2024-05-22T00:21:00Z,101-1-1-0005,,device_not_recording
1716337320000,2024-05-22T00:22:00Z,101-1-1-0005,,device_not_recording
1716337380000,2024-05-22T00:23:00Z,101-1-1-0005,,device_not_recording
1716337440000,2024-05-22T00:24:00Z,101-1-1-0005,,device_not_recording
1716337500000,2024-05-22T00:25:00Z,101-1-1-0005,,device_not_recording
1716337560000,2024-05-22T00:26:00Z,101-1-1-0005,,device_not_recording
1716337620000,2024-05-22T00:27:00Z,101-1-1-0005,,device_not_recording
1716337680000,2024-05-22T00:28:00Z,101-1-1-0005,,device_not_recording
1716337740000,2024-05-22T00:29:00Z,101-1-1-0005,,device_not_recording
1716337800000,2024-05-22T00:30:00Z,101-1-1-0005,,device_not_recording
1716337860000,2024-05-22T00:31:00Z,101-1-1-0005,,device_not_recording
1716337920000,2024-05-22T00:32:00Z,101-1-1-0005,,device_not_recording
1716337980000,2024-05-22T00:33:00Z,101-1-1-0005,,device_not_recording
1716338040000,2024-05-22T00:34:00Z,101-1-1-0005,,device_not_recording
1716338100000,2024-05-22T00:35:00Z,101-1-1-0005,,device_not_recording
1716338160000,2024-05-22T00:36:00Z,101-1-1-0005,,device_not_recording
1716338220000,2024-05-22T00:37:00Z,101-1-1-0005,,device_not_recording
1716338280000,2024-05-22T00:38:00Z,101-1-1-0005,,device_not_recording
1716338340000,2024-05-22T00:39:00Z,101-1-1-0005,,device_not_recording
1716338400000,2024-05-22T00:40:00Z,101-1-1-0005,,device_not_recording
1716338460000,2024-05-22T00:41:00Z,101-1-1-0005,,device_not_recording
1716338520000,2024-05-22T00:42:00Z,101-1-1-0005,,device_not_recording
1716338580000,2024-05-22T00:43:00Z,101-1-1-0005,,device_not_recording
1716338640000,2024-05-22T00:44:00Z,101-1-1-0005,,device_not_recording
1716338700000,2024-05-22T00:45:00Z,101-1-1-0005,,device_not_recording
1716338760000,2024-05-22T00:46:00Z,101-1-1-0005,,device_not_recording
1716338820000,2024-05-22T00:47:00Z,101-1-1-0005,,device_not_recording
1716338880000,2024-05-22T00:48:00Z,101-1-1-0005,,device_not_recording
1716338940000,2024-05-22T00:49:00Z,101-1-1-0005,,device_not_recording
1716339000000,2024-05-22T00:50:00Z,101-1-1-0005,,device_not_recording
1716339060000,2024-05-22T00:51:00Z,101-1-1-0005,,device_not_recording
1716339120000,2024-05-22T00:52:00Z,101-1-1-0005,,device_not_recording
1716339180000,2024-05-22T00:53:00Z,101-1-1-0005,,device_not_recording
1716339240000,2024-05-22T00:54:00Z,101-1-1-0005,,device_not_recording
1716339300000,2024-05-22T00:55:00Z,101-1-1-0005,,device_not_recording
1716339360000,2024-05-22T00:56:00Z,101-1-1-0005,,device_not_recording
1716339420000,2024-05-22T00:57:00Z,101-1-1-0005,,device_not_recording
1716339480000,2024-05-22T00:58:00Z,101-1-1-0005,,device_not_recording
1716339540000,2024-05-22T00:59:00Z,101-1-1-0005,,device_not_recording
1716339600000,2024-05-22T01:00:00Z,101-1-1-0005,,device_not_recording
1716339660000,2024-05-22T01:01:00Z,101-1-1-0005,,device_not_recording
1716339720000,2024-05-22T01:02:00Z,101-1-1-0005,,device_not_recording
1716339780000,2024-05-22T01:03:00Z,101-1-1-0005,,device_not_recording
1716339840000,2024-05-22T01:04:00Z,101-1-1-0005,,device_not_recording
1716339900000,2024-05-22T01:05:00Z,101-1-1-0005,,device_not_recording
1716339960000,2024-05-22T01:06:00Z,101-1-1-0005,,device_not_recording
1716340020000,2024-05-22T01:07:00Z,101-1-1-0005,,device_not_recording
1716340080000,2024-05-22T01:08:00Z,101-1-1-0005,,device_not_recording
1716340140000,2024-05-22T01:09:00Z,101-1-1-0005,,device_not_recording
1716340200000,2024-05-22T01:10:00Z,101-1-1-0005,,device_not_recording
1716340260000,2024-05-22T01:11:00Z,101-1-1-0005,,device_not_recording
1716340320000,2024-05-22T01:12:00Z,101-1-1-0005,,device_not_recording
1716340380000,2024-05-22T01:13:00Z,101-1-1-0005,,device_not_recording
1716340440000,2024-05-22T01:14:00Z,101-1-1-0005,,device_not_recording
1716340500000,2024-05-22T01:15:00Z,101-1-1-0005,,device_not_recording
1716340560000,2024-05-22T01:16:00Z,101-1-1-0005,,device_not_recording
1716340620000,2024-05-22T01:17:00Z,101-1-1-0005,,device_not_recording
1716340680000,2024-05-22T01:18:00Z,101-1-1-0005,,device_not_recording
1716340740000,2024-05-22T01:19:00Z,101-1-1-0005,,device_not_recording
1716340800000,2024-05-22T01:20:00Z,101-1-1-0005,,device_not_recording
1716340860000,2024-05-22T01:21:00Z,101-1-1-0005,,device_not_recording
1716340920000,2024-05-22T01:22:00Z,101-1-1-0005,,device_not_recording
1716340980000,2024-05-22T01:23:00Z,101-1-1-0005,,device_not_recording
1716341040000,2024-05-22T01:24:00Z,101-1-1-0005,,device_not_recording
1716341100000,2024-05-22T01:25:00Z,101-1-1-0005,,device_not_recording
1716341160000,2024-05-22T01:26:00Z,101-1-1-0005,,device_not_recording
1716341220000,2024-05-22T01:27:00Z,101-1-1-0005,,device_not_recording
1716341280000,2024-05-22T01:28:00Z,101-1-1-0005,,device_not_recording
1716341340000,2024-05-22T01:29:00Z,101-1-1-0005,,device_not_recording
1716341400000,2024-05-22T01:30:00Z,101-1-1-0005,,device_not_recording
1716341460000,2024-05-22T01:31:00Z,101-1-1-0005,,device_not_recording
1716341520000,2024-05-22T01:32:00Z,101-1-1-0005,,device_not_recording
1716341580000,2024-05-22T01:33:00Z,101-1-1-0005,,device_not_recording
1716341640000,2024-05-22T01:34:00Z,101-1-1-0005,,device_not_recording
1716341700000,2024-05-22T01:35:00Z,101-1-1-0005,,device_not_recording
1716341760000,2024-05-22T01:36:00Z,101-1-1-0005,,device_not_recording
1716341820000,2024-05-22T01:37:00Z,101-1-1-0005,,device_not_recording
1716341880000,2024-05-22T01:38:00Z,101-1-1-0005,,device_not_recording
1716341940000,2024-05-22T01:39:00Z,101-1-1-0005,,device_not_recording
1716342000000,2024-05-22T01:40:00Z,101-1-1-0005,,device_not_recording
1716342060000,2024-05-22T01:41:00Z,101-1-1-0005,,device_not_recording
1716342120000,2024-05-22T01:42:00Z,101-1-1-0005,,device_not_recording
1716342180000,2024-05-22T01:43:00Z,101-1-1-0005,,device_not_recording
1716342240000,2024-05-22T01:44:00Z,101-1-1-0005,,device_not_recording
1716342300000,2024-05-22T01:45:00Z,101-1-1-0005,,device_not_recording
1716342360000,2024-05-22T01:46:00Z,101-1-1-0005,,device_not_recording
1716342420000,2024-05-22T01:47:00Z,101-1-1-0005,,device_not_recording
1716342480000,2024-05-22T01:48:00Z,101-1-1-0005,,device_not_recording
1716342540000,2024-05-22T01:49:00Z,101-1-1-0005,,device_not_recording
1716342600000,2024-05-22T01:50:00Z,101-1-1-0005,,device_not_recording
1716342660000,2024-05-22T01:51:00Z,101-1-1-0005,,device_not_recording
1716342720000,2024-05-22T01:52:00Z,101-1-1-0005,,device_not_recording
1716342780000,2024-05-22T01:53:00Z,101-1-1-0005,,device_not_recording
1716342840000,2024-05-22T01:54:00Z,101-1-1-0005,,device_not_recording
1716342900000,2024-05-22T01:55:00Z,101-1-1-0005,,device_not_recording
1716342960000,2024-05-22T01:56:00Z,101-1-1-0005,,device_not_recording
1716343020000,2024-05-22T01:57:00Z,101-1-1-0005,,device_not_recording
1716343080000,2024-05-22T01:58:00Z,101-1-1-0005,,device_not_recording
1716343140000,2024-05-22T01:59:00Z,101-1-1-0005,,device_not_recording
1716343200000,2024-05-22T02:00:00Z,101-1-1-0005,,device_not_recording
1716343260000,2024-05-22T02:01:00Z,101-1-1-0005,,device_not_recording
1716343320000,2024-05-22T02:02:00Z,101-1-1-0005,,device_not_recording
1716343380000,2024-05-22T02:03:00Z,101-1-1-0005,,device_not_recording
1716343440000,2024-05-22T02:04:00Z,101-1-1-0005,,device_not_recording
1716343500000,2024-05-22T02:05:00Z,101-1-1-0005,,device_not_recording
1716343560000,2024-05-22T02:06:00Z,101-1-1-0005,,device_not_recording
1716343620000,2024-05-22T02:07:00Z,101-1-1-0005,,device_not_recording
1716343680000,2024-05-22T02:08:00Z,101-1-1-0005,,device_not_recording
1716343740000,2024-05-22T02:09:00Z,101-1-1-0005,,device_not_recording
1716343800000,2024-05-22T02:10:00Z,101-1-1-0005,,device_not_recording
1716343860000,2024-05-22T02:11:00Z,101-1-1-0005,,device_not_recording
1716343920000,2024-05-22T02:12:00Z,101-1-1-0005,,device_not_recording
1716343980000,2024-05-22T02:13:00Z,101-1-1-0005,,device_not_recording
1716344040000,2024-05-22T02:14:00Z,101-1-1-0005,,device_not_recording
1716344100000,2024-05-22T02:15:00Z,101-1-1-0005,,device_not_recording
1716344160000,2024-05-22T02:16:00Z,101-1-1-0005,,device_not_recording
1716344220000,2024-05-22T02:17:00Z,101-1-1-0005,,device_not_recording
1716344280000,2024-05-22T02:18:00Z,101-1-1-0005,,device_not_recording
1716344340000,2024-05-22T02:19:00Z,101-1-1-0005,,device_not_recording
1716344400000,2024-05-22T02:20:00Z,101-1-1-0005,,device_not_recording
1716344460000,2024-05-22T02:21:00Z,101-1-1-0005,,device_not_recording
1716344520000,2024-05-22T02:22:00Z,101-1-1-0005,,device_not_recording
1716344580000,2024-05-22T02:23:00Z,101-1-1-0005,,device_not_recording
1716344640000,2024-05-22T02:24:00Z,101-1-1-0005,,device_not_recording
1716344700000,2024-05-22T02:25:00Z,101-1-1-0005,,device_not_recording
1716344760000,2024-05-22T02:26:00Z,101-1-1-0005,,device_not_recording
1716344820000,2024-05-22T02:27:00Z,101-1-1-0005,,device_not_recording
1716344880000,2024-05-22T02:28:00Z,101-1-1-0005,,device_not_recording
1716344940000,2024-05-22T02:29:00Z,101-1-1-0005,,device_not_recording
1716345000000,2024-05-22T02:30:00Z,101-1-1-0005,,device_not_recording
1716345060000,2024-05-22T02:31:00Z,101-1-1-0005,,device_not_recording
1716345120000,2024-05-22T02:32:00Z,101-1-1-0005,,device_not_recording
1716345180000,2024-05-22T02:33:00Z,101-1-1-0005,,device_not_recording
1716345240000,2024-05-22T02:34:00Z,101-1-1-0005,,device_not_recording
1716345300000,2024-05-22T02:35:00Z,101-1-1-0005,,device_not_recording
1716345360000,2024-05-22T02:36:00Z,101-1-1-0005,,device_not_recording
1716345420000,2024-05-22T02:37:00Z,101-1-1-0005,,device_not_recording
1716345480000,2024-05-22T02:38:00Z,101-1-1-0005,,device_not_recording
1716345540000,2024-05-22T02:39:00Z,101-1-1-0005,,device_not_recording
1716345600000,2024-05-22T02:40:00Z,101-1-1-0005,,device_not_recording
1716345660000,2024-05-22T02:41:00Z,101-1-1-0005,,device_not_recording
1716345720000,2024-05-22T02:42:00Z,101-1-1-0005,,device_not_recording
1716345780000,2024-05-22T02:43:00Z,101-1-1-0005,,device_not_recording
1716345840000,2024-05-22T02:44:00Z,101-1-1-0005,,device_not_recording
1716345900000,2024-05-22T02:45:00Z,101-1-1-0005,,device_not_recording
1716345960000,2024-05-22T02:46:00Z,101-1-1-0005,,device_not_recording
1716346020000,2024-05-22T02:47:00Z,101-1-1-0005,,device_not_recording
1716346080000,2024-05-22T02:48:00Z,101-1-1-0005,,device_not_recording
1716346140000,2024-05-22T02:49:00Z,101-1-1-0005,,device_not_recording
1716346200000,2024-05-22T02:50:00Z,101-1-1-0005,,device_not_recording
1716346260000,2024-05-22T02:51:00Z,101-1-1-0005,,device_not_recording
1716346320000,2024-05-22T02:52:00Z,101-1-1-0005,,device_not_recording
1716346380000,2024-05-22T02:53:00Z,101-1-1-0005,,device_not_recording
1716346440000,2024-05-22T02:54:00Z,101-1-1-0005,,device_not_recording
1716346500000,2024-05-22T02:55:00Z,101-1-1-0005,,device_not_recording
1716346560000,2024-05-22T02:56:00Z,101-1-1-0005,,device_not_recording
1716346620000,2024-05-22T02:57:00Z,101-1-1-0005,,device_not_recording
1716346680000,2024-05-22T02:58:00Z,101-1-1-0005,,device_not_recording
1716346740000,2024-05-22T02:59:00Z,101-1-1-0005,,device_not_recording
1716346800000,2024-05-22T03:00:00Z,101-1-1-0005,,device_not_recording
1716346860000,2024-05-22T03:01:00Z,101-1-1-0005,,device_not_recording
1716346920000,2024-05-22T03:02:00Z,101-1-1-0005,,device_not_recording
1716346980000,2024-05-22T03:03:00Z,101-1-1-0005,,device_not_recording
1716347040000,2024-05-22T03:04:00Z,101-1-1-0005,,device_not_recording
1716347100000,2024-05-22T03:05:00Z,101-1-1-0005,,device_not_recording
1716347160000,2024-05-22T03:06:00Z,101-1-1-0005,,device_not_recording
1716347220000,2024-05-22T03:07:00Z,101-1-1-0005,,device_not_recording
1716347280000,2024-05-22T03:08:00Z,101-1-1-0005,,device_not_recording
1716347340000,2024-05-22T03:09:00Z,101-1-1-0005,,device_not_recording
1716347400000,2024-05-22T03:10:00Z,101-1-1-0005,,device_not_recording
1716347460000,2024-05-22T03:11:00Z,101-1-1-0005,,device_not_recording
1716347520000,2024-05-22T03:12:00Z,101-1-1-0005,,device_not_recording
1716347580000,2024-05-22T03:13:00Z,101-1-1-0005,,device_not_recording
1716347640000,2024-05-22T03:14:00Z,101-1-1-0005,,device_not_recording
1716347700000,2024-05-22T03:15:00Z,101-1-1-0005,,device_not_recording
1716347760000,2024-05-22T03:16:00Z,101-1-1-0005,,device_not_recording
1716347820000,2024-05-22T03:17:00Z,101-1-1-0005,,device_not_recording
1716347880000,2024-05-22T03:18:00Z,101-1-1-0005,,device_not_recording
1716347940000,2024-05-22T03:19:00Z,101-1-1-0005,,device_not_recording
1716348000000,2024-05-22T03:20:00Z,101-1-1-0005,,device_not_recording
1716348060000,2024-05-22T03:21:00Z,101-1-1-0005,,device_not_recording
1716348120000,2024-05-22T03:22:00Z,101-1-1-0005,,device_not_recording
1716348180000,2024-05-22T03:23:00Z,101-1-1-0005,,device_not_recording
1716348240000,2024-05-22T03:24:00Z,101-1-1-0005,,device_not_recording
1716348300000,2024-05-22T03:25:00Z,101-1-1-0005,,device_not_recording
1716348360000,2024-05-22T03:26:00Z,101-1-1-0005,,device_not_recording
1716348420000,2024-05-22T03:27:00Z,101-1-1-0005,,device_not_recording
1716348480000,2024-05-22T03:28:00Z,101-1-1-0005,,device_not_recording
1716348540000,2024-05-22T03:29:00Z,101-1-1-0005,,device_not_recording
1716348600000,2024-05-22T03:30:00Z,101-1-1-0005,,device_not_recording
1716348660000,2024-05-22T03:31:00Z,101-1-1-0005,,device_not_recording
1716348720000,2024-05-22T03:32:00Z,101-1-1-0005,,device_not_recording
1716348780000,2024-05-22T03:33:00Z,101-1-1-0005,,device_not_recording
1716348840000,2024-05-22T03:34:00Z,101-1-1-0005,,device_not_recording
1716348900000,2024-05-22T03:35:00Z,101-1-1-0005,,device_not_recording
1716348960000,2024-05-22T03:36:00Z,101-1-1-0005,,device_not_recording
1716349020000,2024-05-22T03:37:00Z,101-1-1-0005,,device_not_recording
1716349080000,2024-05-22T03:38:00Z,101-1-1-0005,,device_not_recording
1716349140000,2024-05-22T03:39:00Z,101-1-1-0005,,device_not_recording
1716349200000,2024-05-22T03:40:00Z,101-1-1-0005,,device_not_recording
1716349260000,2024-05-22T03:41:00Z,101-1-1-0005,,device_not_recording
1716349320000,2024-05-22T03:42:00Z,101-1-1-0005,,device_not_recording
1716349380000,2024-05-22T03:43:00Z,101-1-1-0005,,device_not_recording
1716349440000,2024-05-22T03:44:00Z,101-1-1-0005,,device_not_recording
1716349500000,2024-05-22T03:45:00Z,101-1-1-0005,,device_not_recording
1716349560000,2024-05-22T03:46:00Z,101-1-1-0005,,device_not_recording
1716349620000,2024-05-22T03:47:00Z,101-1-1-0005,,device_not_recording
1716349680000,2024-05-22T03:48:00Z,101-1-1-0005,,device_not_recording
1716349740000,2024-05-22T03:49:00Z,101-1-1-0005,,device_not_recording
1716349800000,2024-05-22T03:50:00Z,101-1-1-0005,,device_not_recording
1716349860000,2024-05-22T03:51:00Z,101-1-1-0005,,device_not_recording
1716349920000,2024-05-22T03:52:00Z,101-1-1-0005,,device_not_recording
1716349980000,2024-05-22T03:53:00Z,101-1-1-0005,,device_not_recording
1716350040000,2024-05-22T03:54:00Z,101-1-1-0005,,device_not_recording
1716350100000,2024-05-22T03:55:00Z,101-1-1-0005,,device_not_recording
1716350160000,2024-05-22T03:56:00Z,101-1-1-0005,,device_not_recording
1716350220000,2024-05-22T03:57:00Z,101-1-1-0005,,device_not_recording
1716350280000,2024-05-22T03:58:00Z,101-1-1-0005,,device_not_recording
1716350340000,2024-05-22T03:59:00Z,101-1-1-0005,,device_not_recording
1716350400000,2024-05-22T04:00:00Z,101-1-1-0005,,device_not_recording
1716350460000,2024-05-22T04:01:00Z,101-1-1-0005,,device_not_recording
1716350520000,2024-05-22T04:02:00Z,101-1-1-0005,,device_not_recording
1716350580000,2024-05-22T04:03:00Z,101-1-1-0005,,device_not_recording
1716350640000,2024-05-22T04:04:00Z,101-1-1-0005,,device_not_recording
1716350700000,2024-05-22T04:05:00Z,101-1-1-0005,,device_not_recording
1716350760000,2024-05-22T04:06:00Z,101-1-1-0005,,device_not_recording
1716350820000,2024-05-22T04:07:00Z,101-1-1-0005,,device_not_recording
1716350880000,2024-05-22T04:08:00Z,101-1-1-0005,,device_not_recording
1716350940000,2024-05-22T04:09:00Z,101-1-1-0005,,device_not_recording
1716351000000,2024-05-22T04:10:00Z,101-1-1-0005,,device_not_recording
1716351060000,2024-05-22T04:11:00Z,101-1-1-0005,,device_not_recording
1716351120000,2024-05-22T04:12:00Z,101-1-1-0005,,device_not_recording
1716351180000,2024-05-22T04:13:00Z,101-1-1-0005,,device_not_recording
1716351240000,2024-05-22T04:14:00Z,101-1-1-0005,,device_not_recording
1716351300000,2024-05-22T04:15:00Z,101-1-1-0005,,device_not_recording
1716351360000,2024-05-22T04:16:00Z,101-1-1-0005,,device_not_recording
1716351420000,2024-05-22T04:17:00Z,101-1-1-0005,,device_not_recording
1716351480000,2024-05-22T04:18:00Z,101-1-1-0005,,device_not_recording
1716351540000,2024-05-22T04:19:00Z,101-1-1-0005,,device_not_recording
1716351600000,2024-05-22T04:20:00Z,101-1-1-0005,,device_not_recording
1716351660000,2024-05-22T04:21:00Z,101-1-1-0005,,device_not_recording
1716351720000,2024-05-22T04:22:00Z,101-1-1-0005,,device_not_recording
1716351780000,2024-05-22T04:23:00Z,101-1-1-0005,,device_not_recording
1716351840000,2024-05-22T04:24:00Z,101-1-1-0005,,device_not_recording
1716351900000,2024-05-22T04:25:00Z,101-1-1-0005,,device_not_recording
1716351960000,2024-05-22T04:26:00Z,101-1-1-0005,,device_not_recording
1716352020000,2024-05-22T04:27:00Z,101-1-1-0005,,device_not_recording
1716352080000,2024-05-22T04:28:00Z,101-1-1-0005,,device_not_recording
1716352140000,2024-05-22T04:29:00Z,101-1-1-0005,,device_not_recording
1716352200000,2024-05-22T04:30:00Z,101-1-1-0005,,device_not_recording
1716352260000,2024-05-22T04:31:00Z,101-1-1-0005,,device_not_recording
1716352320000,2024-05-22T04:32:00Z,101-1-1-0005,,device_not_recording
1716352380000,2024-05-22T04:33:00Z,101-1-1-0005,,device_not_recording
1716352440000,2024-05-22T04:34:00Z,101-1-1-0005,,device_not_recording
1716352500000,2024-05-22T04:35:00Z,101-1-1-0005,,device_not_recording
1716352560000,2024-05-22T04:36:00Z,101-1-1-0005,,device_not_recording
1716352620000,2024-05-22T04:37:00Z,101-1-1-0005,,device_not_recording
1716352680000,2024-05-22T04:38:00Z,101-1-1-0005,,device_not_recording
1716352740000,2024-05-22T04:39:00Z,101-1-1-0005,,device_not_recording
1716352800000,2024-05-22T04:40:00Z,101-1-1-0005,,device_not_recording
1716352860000,2024-05-22T04:41:00Z,101-1-1-0005,,device_not_recording
1716352920000,2024-05-22T04:42:00Z,101-1-1-0005,,device_not_recording
1716352980000,2024-05-22T04:43:00Z,101-1-1-0005,,device_not_recording
1716353040000,2024-05-22T04:44:00Z,101-1-1-0005,,device_not_recording
1716353100000,2024-05-22T04:45:00Z,101-1-1-0005,,device_not_recording
1716353160000,2024-05-22T04:46:00Z,101-1-1-0005,,device_not_recording
1716353220000,2024-05-22T04:47:00Z,101-1-1-0005,,device_not_recording
1716353280000,2024-05-22T04:48:00Z,101-1-1-0005,,device_not_recording
1716353340000,2024-05-22T04:49:00Z,101-1-1-0005,,device_not_recording
1716353400000,2024-05-22T04:50:00Z,101-1-1-0005,,device_not_recording
1716353460000,2024-05-22T04:51:00Z,101-1-1-0005,,device_not_recording
1716353520000,2024-05-22T04:52:00Z,101-1-1-0005,,device_not_recording
1716353580000,2024-05-22T04:53:00Z,101-1-1-0005,,device_not_recording
1716353640000,2024-05-22T04:54:00Z,101-1-1-0005,,device_not_recording
1716353700000,2024-05-22T04:55:00Z,101-1-1-0005,,device_not_recording
1716353760000,2024-05-22T04:56:00Z,101-1-1-0005,,device_not_recording
1716353820000,2024-05-22T04:57:00Z,101-1-1-0005,,device_not_recording
1716353880000,2024-05-22T04:58:00Z,101-1-1-0005,,device_not_recording
1716353940000,2024-05-22T04:59:00Z,101-1-1-0005,,device_not_recording
1716354000000,2024-05-22T05:00:00Z,101-1-1-0005,,device_not_recording
1716354060000,2024-05-22T05:01:00Z,101-1-1-0005,,device_not_recording
1716354120000,2024-05-22T05:02:00Z,101-1-1-0005,,device_not_recording
1716354180000,2024-05-22T05:03:00Z,101-1-1-0005,,device_not_recording
1716354240000,2024-05-22T05:04:00Z,101-1-1-0005,,device_not_recording
1716354300000,2024-05-22T05:05:00Z,101-1-1-0005,,device_not_recording
1716354360000,2024-05-22T05:06:00Z,101-1-1-0005,,device_not_recording
1716354420000,2024-05-22T05:07:00Z,101-1-1-0005,,device_not_recording
1716354480000,2024-05-22T05:08:00Z,101-1-1-0005,,device_not_recording
1716354540000,2024-05-22T05:09:00Z,101-1-1-0005,,device_not_recording
1716354600000,2024-05-22T05:10:00Z,101-1-1-0005,,device_not_recording
1716354660000,2024-05-22T05:11:00Z,101-1-1-0005,,device_not_recording
1716354720000,2024-05-22T05:12:00Z,101-1-1-0005,,device_not_recording
1716354780000,2024-05-22T05:13:00Z,101-1-1-0005,,device_not_recording
1716354840000,2024-05-22T05:14:00Z,101-1-1-0005,,device_not_recording
1716354900000,2024-05-22T05:15:00Z,101-1-1-0005,,device_not_recording
1716354960000,2024-05-22T05:16:00Z,101-1-1-0005,,device_not_recording
1716355020000,2024-05-22T05:17:00Z,101-1-1-0005,,device_not_recording
1716355080000,2024-05-22T05:18:00Z,101-1-1-0005,,device_not_recording
1716355140000,2024-05-22T05:19:00Z,101-1-1-0005,,device_not_recording
1716355200000,2024-05-22T05:20:00Z,101-1-1-0005,,device_not_recording
1716355260000,2024-05-22T05:21:00Z,101-1-1-0005,,device_not_recording
1716355320000,2024-05-22T05:22:00Z,101-1-1-0005,,device_not_recording
1716355380000,2024-05-22T05:23:00Z,101-1-1-0005,,device_not_recording
1716355440000,2024-05-22T05:24:00Z,101-1-1-0005,,device_not_recording
1716355500000,2024-05-22T05:25:00Z,101-1-1-0005,,device_not_recording
1716355560000,2024-05-22T05:26:00Z,101-1-1-0005,,device_not_recording
1716355620000,2024-05-22T05:27:00Z,101-1-1-0005,,device_not_recording
1716355680000,2024-05-22T05:28:00Z,101-1-1-0005,,device_not_recording
1716355740000,2024-05-22T05:29:00Z,101-1-1-0005,,device_not_recording
1716355800000,2024-05-22T05:30:00Z,101-1-1-0005,,device_not_recording
1716355860000,2024-05-22T05:31:00Z,101-1-1-0005,,device_not_recording
1716355920000,2024-05-22T05:32:00Z,101-1-1-0005,,device_not_recording
1716355980000,2024-05-22T05:33:00Z,101-1-1-0005,,device_not_recording
1716356040000,2024-05-22T05:34:00Z,101-1-1-0005,,device_not_recording
1716356100000,2024-05-22T05:35:00Z,101-1-1-0005,,device_not_recording
1716356160000,2024-05-22T05:36:00Z,101-1-1-0005,,device_not_recording
1716356220000,2024-05-22T05:37:00Z,101-1-1-0005,,device_not_recording
1716356280000,2024-05-22T05:38:00Z,101-1-1-0005,,device_not_recording
1716356340000,2024-05-22T05:39:00Z,101-1-1-0005,,device_not_recording
1716356400000,2024-05-22T05:40:00Z,101-1-1-0005,,device_not_recording
1716356460000,2024-05-22T05:41:00Z,101-1-1-0005,,device_not_recording
1716356520000,2024-05-22T05:42:00Z,101-1-1-0005,,device_not_recording
1716356580000,2024-05-22T05:43:00Z,101-1-1-0005,,device_not_recording
1716356640000,2024-05-22T05:44:00Z,101-1-1-0005,,device_not_recording
1716356700000,2024-05-22T05:45:00Z,101-1-1-0005,,device_not_recording
1716356760000,2024-05-22T05:46:00Z,101-1-1-0005,,device_not_recording
1716356820000,2024-05-22T05:47:00Z,101-1-1-0005,,device_not_recording
1716356880000,2024-05-22T05:48:00Z,101-1-1-0005,,device_not_recording
1716356940000,2024-05-22T05:49:00Z,101-1-1-0005,,device_not_recording
1716357000000,2024-05-22T05:50:00Z,101-1-1-0005,,device_not_recording
1716357060000,2024-05-22T05:51:00Z,101-1-1-0005,,device_not_recording
1716357120000,2024-05-22T05:52:00Z,101-1-1-0005,,device_not_recording
1716357180000,2024-05-22T05:53:00Z,101-1-1-0005,,device_not_recording
1716357240000,2024-05-22T05:54:00Z,101-1-1-0005,,device_not_recording
1716357300000,2024-05-22T05:55:00Z,101-1-1-0005,,device_not_recording
1716357360000,2024-05-22T05:56:00Z,101-1-1-0005,,device_not_recording
1716357420000,2024-05-22T05:57:00Z,101-1-1-0005,,device_not_recording
1716357480000,2024-05-22T05:58:00Z,101-1-1-0005,,device_not_recording
1716357540000,2024-05-22T05:59:00Z,101-1-1-0005,,device_not_recording
1716357600000,2024-05-22T06:00:00Z,101-1-1-0005,,device_not_recording
1716357660000,2024-05-22T06:01:00Z,101-1-1-0005,,device_not_recording
1716357720000,2024-05-22T06:02:00Z,101-1-1-0005,,device_not_recording
1716357780000,2024-05-22T06:03:00Z,101-1-1-0005,,device_not_recording
1716357840000,2024-05-22T06:04:00Z,101-1-1-0005,,device_not_recording
1716357900000,2024-05-22T06:05:00Z,101-1-1-0005,,device_not_recording
1716357960000,2024-05-22T06:06:00Z,101-1-1-0005,,device_not_recording
1716358020000,2024-05-22T06:07:00Z,101-1-1-0005,,device_not_recording
1716358080000,2024-05-22T06:08:00Z,101-1-1-0005,,device_not_recording
1716358140000,2024-05-22T06:09:00Z,101-1-1-0005,,device_not_recording
1716358200000,2024-05-22T06:10:00Z,101-1-1-0005,,device_not_recording
1716358260000,2024-05-22T06:11:00Z,101-1-1-0005,,device_not_recording
1716358320000,2024-05-22T06:12:00Z,101-1-1-0005,,device_not_recording
1716358380000,2024-05-22T06:13:00Z,101-1-1-0005,,device_not_recording
1716358440000,2024-05-22T06:14:00Z,101-1-1-0005,,device_not_recording
1716358500000,2024-05-22T06:15:00Z,101-1-1-0005,,device_not_recording
1716358560000,2024-05-22T06:16:00Z,101-1-1-0005,,device_not_recording
1716358620000,2024-05-22T06:17:00Z,101-1-1-0005,,device_not_recording
1716358680000,2024-05-22T06:18:00Z,101-1-1-0005,,device_not_recording
1716358740000,2024-05-22T06:19:00Z,101-1-1-0005,,device_not_recording
1716358800000,2024-05-22T06:20:00Z,101-1-1-0005,,device_not_recording
1716358860000,2024-05-22T06:21:00Z,101-1-1-0005,,device_not_recording
1716358920000,2024-05-22T06:22:00Z,101-1-1-0005,,device_not_recording
1716358980000,2024-05-22T06:23:00Z,101-1-1-0005,,device_not_recording
1716359040000,2024-05-22T06:24:00Z,101-1-1-0005,,device_not_recording
1716359100000,2024-05-22T06:25:00Z,101-1-1-0005,,device_not_recording
1716359160000,2024-05-22T06:26:00Z,101-1-1-0005,,device_not_recording
1716359220000,2024-05-22T06:27:00Z,101-1-1-0005,,device_not_recording
1716359280000,2024-05-22T06:28:00Z,101-1-1-0005,,device_not_recording
1716359340000,2024-05-22T06:29:00Z,101-1-1-0005,,device_not_recording
1716359400000,2024-05-22T06:30:00Z,101-1-1-0005,,device_not_recording
1716359460000,2024-05-22T06:31:00Z,101-1-1-0005,,device_not_recording
1716359520000,2024-05-22T06:32:00Z,101-1-1-0005,,device_not_recording
1716359580000,2024-05-22T06:33:00Z,101-1-1-0005,,device_not_recording
1716359640000,2024-05-22T06:34:00Z,101-1-1-0005,,device_not_recording
1716359700000,2024-05-22T06:35:00Z,101-1-1-0005,,device_not_recording
1716359760000,2024-05-22T06:36:00Z,101-1-1-0005,,device_not_recording
1716359820000,2024-05-22T06:37:00Z,101-1-1-0005,,device_not_recording
1716359880000,2024-05-22T06:38:00Z,101-1-1-0005,,device_not_recording
1716359940000,2024-05-22T06:39:00Z,101-1-1-0005,,device_not_recording
1716360000000,2024-05-22T06:40:00Z,101-1-1-0005,,device_not_recording
1716360060000,2024-05-22T06:41:00Z,101-1-1-0005,,device_not_recording
1716360120000,2024-05-22T06:42:00Z,101-1-1-0005,,device_not_recording
1716360180000,2024-05-22T06:43:00Z,101-1-1-0005,,device_not_recording
1716360240000,2024-05-22T06:44:00Z,101-1-1-0005,,device_not_recording
1716360300000,2024-05-22T06:45:00Z,101-1-1-0005,,device_not_recording
1716360360000,2024-05-22T06:46:00Z,101-1-1-0005,,device_not_recording
1716360420000,2024-05-22T06:47:00Z,101-1-1-0005,,device_not_recording
1716360480000,2024-05-22T06:48:00Z,101-1-1-0005,,device_not_recording
1716360540000,2024-05-22T06:49:00Z,101-1-1-0005,,device_not_recording
1716360600000,2024-05-22T06:50:00Z,101-1-1-0005,,device_not_recording
1716360660000,2024-05-22T06:51:00Z,101-1-1-0005,,device_not_recording
1716360720000,2024-05-22T06:52:00Z,101-1-1-0005,,device_not_recording
1716360780000,2024-05-22T06:53:00Z,101-1-1-0005,,device_not_recording
1716360840000,2024-05-22T06:54:00Z,101-1-1-0005,,device_not_recording
1716360900000,2024-05-22T06:55:00Z,101-1-1-0005,,device_not_recording
1716360960000,2024-05-22T06:56:00Z,101-1-1-0005,,device_not_recording
1716361020000,2024-05-22T06:57:00Z,101-1-1-0005,,device_not_recording
1716361080000,2024-05-22T06:58:00Z,101-1-1-0005,,device_not_recording
1716361140000,2024-05-22T06:59:00Z,101-1-1-0005,,device_not_recording
1716361200000,2024-05-22T07:00:00Z,101-1-1-0005,,device_not_recording
1716361260000,2024-05-22T07:01:00Z,101-1-1-0005,,device_not_recording
1716361320000,2024-05-22T07:02:00Z,101-1-1-0005,,device_not_recording
1716361380000,2024-05-22T07:03:00Z,101-1-1-0005,,device_not_recording
1716361440000,2024-05-22T07:04:00Z,101-1-1-0005,,device_not_recording
1716361500000,2024-05-22T07:05:00Z,101-1-1-0005,,device_not_recording
1716361560000,2024-05-22T07:06:00Z,101-1-1-0005,,device_not_recording
1716361620000,2024-05-22T07:07:00Z,101-1-1-0005,,device_not_recording
1716361680000,2024-05-22T07:08:00Z,101-1-1-0005,,device_not_recording
1716361740000,2024-05-22T07:09:00Z,101-1-1-0005,,device_not_recording
1716361800000,2024-05-22T07:10:00Z,101-1-1-0005,,device_not_recording
1716361860000,2024-05-22T07:11:00Z,101-1-1-0005,,device_not_recording
1716361920000,2024-05-22T07:12:00Z,101-1-1-0005,,device_not_recording
1716361980000,2024-05-22T07:13:00Z,101-1-1-0005,,device_not_recording
1716362040000,2024-05-22T07:14:00Z,101-1-1-0005,,device_not_recording
1716362100000,2024-05-22T07:15:00Z,101-1-1-0005,,device_not_recording
1716362160000,2024-05-22T07:16:00Z,101-1-1-0005,,device_not_recording
1716362220000,2024-05-22T07:17:00Z,101-1-1-0005,,device_not_recording
1716362280000,2024-05-22T07:18:00Z,101-1-1-0005,,device_not_recording
1716362340000,2024-05-22T07:19:00Z,101-1-1-0005,,device_not_recording
1716362400000,2024-05-22T07:20:00Z,101-1-1-0005,,device_not_recording
1716362460000,2024-05-22T07:21:00Z,101-1-1-0005,,device_not_recording
1716362520000,2024-05-22T07:22:00Z,101-1-1-0005,,device_not_recording
1716362580000,2024-05-22T07:23:00Z,101-1-1-0005,,device_not_recording
1716362640000,2024-05-22T07:24:00Z,101-1-1-0005,,device_not_recording
1716362700000,2024-05-22T07:25:00Z,101-1-1-0005,,device_not_recording
1716362760000,2024-05-22T07:26:00Z,101-1-1-0005,,device_not_recording
1716362820000,2024-05-22T07:27:00Z,101-1-1-0005,,device_not_recording
1716362880000,2024-05-22T07:28:00Z,101-1-1-0005,,device_not_recording
1716362940000,2024-05-22T07:29:00Z,101-1-1-0005,,device_not_recording
1716363000000,2024-05-22T07:30:00Z,101-1-1-0005,,device_not_recording
1716363060000,2024-05-22T07:31:00Z,101-1-1-0005,,device_not_recording
1716363120000,2024-05-22T07:32:00Z,101-1-1-0005,,device_not_recording
1716363180000,2024-05-22T07:33:00Z,101-1-1-0005,,device_not_recording
1716363240000,2024-05-22T07:34:00Z,101-1-1-0005,,device_not_recording
1716363300000,2024-05-22T07:35:00Z,101-1-1-0005,,device_not_recording
1716363360000,2024-05-22T07:36:00Z,101-1-1-0005,,device_not_recording
1716363420000,2024-05-22T07:37:00Z,101-1-1-0005,,device_not_recording
1716363480000,2024-05-22T07:38:00Z,101-1-1-0005,,device_not_recording
1716363540000,2024-05-22T07:39:00Z,101-1-1-0005,,device_not_recording
1716363600000,2024-05-22T07:40:00Z,101-1-1-0005,,device_not_recording
1716363660000,2024-05-22T07:41:00Z,101-1-1-0005,,device_not_recording
1716363720000,2024-05-22T07:42:00Z,101-1-1-0005,,device_not_recording
1716363780000,2024-05-22T07:43:00Z,101-1-1-0005,,device_not_recording
1716363840000,2024-05-22T07:44:00Z,101-1-1-0005,,device_not_recording
1716363900000,2024-05-22T07:45:00Z,101-1-1-0005,,device_not_recording
1716363960000,2024-05-22T07:46:00Z,101-1-1-0005,,device_not_recording
1716364020000,2024-05-22T07:47:00Z,101-1-1-0005,,device_not_recording
1716364080000,2024-05-22T07:48:00Z,101-1-1-0005,,device_not_recording
1716364140000,2024-05-22T07:49:00Z,101-1-1-0005,,device_not_recording
1716364200000,2024-05-22T07:50:00Z,101-1-1-0005,,device_not_recording
1716364260000,2024-05-22T07:51:00Z,101-1-1-0005,,device_not_recording
1716364320000,2024-05-22T07:52:00Z,101-1-1-0005,,device_not_recording
1716364380000,2024-05-22T07:53:00Z,101-1-1-0005,,device_not_recording
1716364440000,2024-05-22T07:54:00Z,101-1-1-0005,,device_not_recording
1716364500000,2024-05-22T07:55:00Z,101-1-1-0005,,device_not_recording
1716364560000,2024-05-22T07:56:00Z,101-1-1-0005,,device_not_recording
1716364620000,2024-05-22T07:57:00Z,101-1-1-0005,,device_not_recording
1716364680000,2024-05-22T07:58:00Z,101-1-1-0005,,device_not_recording
1716364740000,2024-05-22T07:59:00Z,101-1-1-0005,,device_not_recording
1716364800000,2024-05-22T08:00:00Z,101-1-1-0005,,device_not_recording
1716364860000,2024-05-22T08:01:00Z,101-1-1-0005,,device_not_recording
1716364920000,2024-05-22T08:02:00Z,101-1-1-0005,,device_not_recording
1716364980000,2024-05-22T08:03:00Z,101-1-1-0005,,device_not_recording
1716365040000,2024-05-22T08:04:00Z,101-1-1-0005,,device_not_recording
1716365100000,2024-05-22T08:05:00Z,101-1-1-0005,,device_not_recording
1716365160000,2024-05-22T08:06:00Z,101-1-1-0005,,device_not_recording
1716365220000,2024-05-22T08:07:00Z,101-1-1-0005,,device_not_recording
1716365280000,2024-05-22T08:08:00Z,101-1-1-0005,,device_not_recording
1716365340000,2024-05-22T08:09:00Z,101-1-1-0005,,device_not_recording
1716365400000,2024-05-22T08:10:00Z,101-1-1-0005,,device_not_recording
1716365460000,2024-05-22T08:11:00Z,101-1-1-0005,,device_not_recording
1716365520000,2024-05-22T08:12:00Z,101-1-1-0005,,device_not_recording
1716365580000,2024-05-22T08:13:00Z,101-1-1-0005,,device_not_recording
1716365640000,2024-05-22T08:14:00Z,101-1-1-0005,,device_not_recording
1716365700000,2024-05-22T08:15:00Z,101-1-1-0005,,device_not_recording
1716365760000,2024-05-22T08:16:00Z,101-1-1-0005,,device_not_recording
1716365820000,2024-05-22T08:17:00Z,101-1-1-0005,,device_not_recording
1716365880000,2024-05-22T08:18:00Z,101-1-1-0005,,device_not_recording
1716365940000,2024-05-22T08:19:00Z,101-1-1-0005,,device_not_recording
1716366000000,2024-05-22T08:20:00Z,101-1-1-0005,,device_not_recording
1716366060000,2024-05-22T08:21:00Z,101-1-1-0005,,device_not_recording
1716366120000,2024-05-22T08:22:00Z,101-1-1-0005,,device_not_recording
1716366180000,2024-05-22T08:23:00Z,101-1-1-0005,,device_not_recording
1716366240000,2024-05-22T08:24:00Z,101-1-1-0005,,device_not_recording
1716366300000,2024-05-22T08:25:00Z,101-1-1-0005,,device_not_recording
1716366360000,2024-05-22T08:26:00Z,101-1-1-0005,,device_not_recording
1716366420000,2024-05-22T08:27:00Z,101-1-1-0005,,device_not_recording
1716366480000,2024-05-22T08:28:00Z,101-1-1-0005,,device_not_recording
1716366540000,2024-05-22T08:29:00Z,101-1-1-0005,,device_not_recording
1716366600000,2024-05-22T08:30:00Z,101-1-1-0005,,device_not_recording
1716366660000,2024-05-22T08:31:00Z,101-1-1-0005,,device_not_recording
1716366720000,2024-05-22T08:32:00Z,101-1-1-0005,,device_not_recording
1716366780000,2024-05-22T08:33:00Z,101-1-1-0005,,device_not_recording
1716366840000,2024-05-22T08:34:00Z,101-1-1-0005,,device_not_recording
1716366900000,2024-05-22T08:35:00Z,101-1-1-0005,,device_not_recording
1716366960000,2024-05-22T08:36:00Z,101-1-1-0005,,device_not_recording
1716367020000,2024-05-22T08:37:00Z,101-1-1-0005,,device_not_recording
1716367080000,2024-05-22T08:38:00Z,101-1-1-0005,,device_not_recording
1716367140000,2024-05-22T08:39:00Z,101-1-1-0005,,device_not_recording
1716367200000,2024-05-22T08:40:00Z,101-1-1-0005,,device_not_recording
1716367260000,2024-05-22T08:41:00Z,101-1-1-0005,,device_not_recording
1716367320000,2024-05-22T08:42:00Z,101-1-1-0005,,device_not_recording
1716367380000,2024-05-22T08:43:00Z,101-1-1-0005,,device_not_recording
1716367440000,2024-05-22T08:44:00Z,101-1-1-0005,,device_not_recording
1716367500000,2024-05-22T08:45:00Z,101-1-1-0005,,device_not_recording
1716367560000,2024-05-22T08:46:00Z,101-1-1-0005,,device_not_recording
1716367620000,2024-05-22T08:47:00Z,101-1-1-0005,,device_not_recording
1716367680000,2024-05-22T08:48:00Z,101-1-1-0005,,device_not_recording
1716367740000,2024-05-22T08:49:00Z,101-1-1-0005,,device_not_recording
1716367800000,2024-05-22T08:50:00Z,101-1-1-0005,,device_not_recording
1716367860000,2024-05-22T08:51:00Z,101-1-1-0005,,device_not_recording
1716367920000,2024-05-22T08:52:00Z,101-1-1-0005,,device_not_recording
1716367980000,2024-05-22T08:53:00Z,101-1-1-0005,,device_not_recording
1716368040000,2024-05-22T08:54:00Z,101-1-1-0005,,device_not_recording
1716368100000,2024-05-22T08:55:00Z,101-1-1-0005,,device_not_recording
1716368160000,2024-05-22T08:56:00Z,101-1-1-0005,,device_not_recording
1716368220000,2024-05-22T08:57:00Z,101-1-1-0005,,device_not_recording
1716368280000,2024-05-22T08:58:00Z,101-1-1-0005,,device_not_recording
1716368340000,2024-05-22T08:59:00Z,101-1-1-0005,,device_not_recording
1716368400000,2024-05-22T09:00:00Z,101-1-1-0005,,device_not_recording
1716368460000,2024-05-22T09:01:00Z,101-1-1-0005,,device_not_recording
1716368520000,2024-05-22T09:02:00Z,101-1-1-0005,,device_not_recording
1716368580000,2024-05-22T09:03:00Z,101-1-1-0005,,device_not_recording
1716368640000,2024-05-22T09:04:00Z,101-1-1-0005,,device_not_recording
1716368700000,2024-05-22T09:05:00Z,101-1-1-0005,,device_not_recording
1716368760000,2024-05-22T09:06:00Z,101-1-1-0005,,device_not_recording
1716368820000,2024-05-22T09:07:00Z,101-1-1-0005,,device_not_recording
1716368880000,2024-05-22T09:08:00Z,101-1-1-0005,,device_not_recording
1716368940000,2024-05-22T09:09:00Z,101-1-1-0005,,device_not_recording
1716369000000,2024-05-22T09:10:00Z,101-1-1-0005,,device_not_recording
1716369060000,2024-05-22T09:11:00Z,101-1-1-0005,,device_not_recording
1716369120000,2024-05-22T09:12:00Z,101-1-1-0005,,device_not_recording
1716369180000,2024-05-22T09:13:00Z,101-1-1-0005,,device_not_recording
1716369240000,2024-05-22T09:14:00Z,101-1-1-0005,generic,
1716369300000,2024-05-22T09:15:00Z,101-1-1-0005,generic,
1716369360000,2024-05-22T09:16:00Z,101-1-1-0005,still,
1716369420000,2024-05-22T09:17:00Z,101-1-1-0005,still,
1716369480000,2024-05-22T09:18:00Z,101-1-1-0005,still,
1716369540000,2024-05-22T09:19:00Z,101-1-1-0005,still,
1716369600000,2024-05-22T09:20:00Z,101-1-1-0005,still,
1716369660000,2024-05-22T09:21:00Z,101-1-1-0005,still,
1716369720000,2024-05-22T09:22:00Z,101-1-1-0005,generic,
1716369780000,2024-05-22T09:23:00Z,101-1-1-0005,still,
1716369840000,2024-05-22T09:24:00Z,101-1-1-0005,still,
1716369900000,2024-05-22T09:25:00Z,101-1-1-0005,generic,
1716369960000,2024-05-22T09:26:00Z,101-1-1-0005,generic,
1716370020000,2024-05-22T09:27:00Z,101-1-1-0005,generic,
1716370080000,2024-05-22T09:28:00Z,101-1-1-0005,generic,
1716370140000,2024-05-22T09:29:00Z,101-1-1-0005,generic,
1716370200000,2024-05-22T09:30:00Z,101-1-1-0005,generic,
1716370260000,2024-05-22T09:31:00Z,101-1-1-0005,generic,
1716370320000,2024-05-22T09:32:00Z,101-1-1-0005,generic,
1716370380000,2024-05-22T09:33:00Z,101-1-1-0005,generic,
1716370440000,2024-05-22T09:34:00Z,101-1-1-0005,still,
1716370500000,2024-05-22T09:35:00Z,101-1-1-0005,still,
1716370560000,2024-05-22T09:36:00Z,101-1-1-0005,still,
1716370620000,2024-05-22T09:37:00Z,101-1-1-0005,still,
1716370680000,2024-05-22T09:38:00Z,101-1-1-0005,generic,
1716370740000,2024-05-22T09:39:00Z,101-1-1-0005,generic,
1716370800000,2024-05-22T09:40:00Z,101-1-1-0005,generic,
1716370860000,2024-05-22T09:41:00Z,101-1-1-0005,generic,
1716370920000,2024-05-22T09:42:00Z,101-1-1-0005,generic,
1716370980000,2024-05-22T09:43:00Z,101-1-1-0005,generic,
1716371040000,2024-05-22T09:44:00Z,101-1-1-0005,still,
1716371100000,2024-05-22T09:45:00Z,101-1-1-0005,still,
1716371160000,2024-05-22T09:46:00Z,101-1-1-0005,generic,
1716371220000,2024-05-22T09:47:00Z,101-1-1-0005,generic,
1716371280000,2024-05-22T09:48:00Z,101-1-1-0005,generic,
1716371340000,2024-05-22T09:49:00Z,101-1-1-0005,generic,
1716371400000,2024-05-22T09:50:00Z,101-1-1-0005,generic,
1716371460000,2024-05-22T09:51:00Z,101-1-1-0005,generic,
1716371520000,2024-05-22T09:52:00Z,101-1-1-0005,generic,
1716371580000,2024-05-22T09:53:00Z,101-1-1-0005,generic,
1716371640000,2024-05-22T09:54:00Z,101-1-1-0005,generic,
1716371700000,2024-05-22T09:55:00Z,101-1-1-0005,generic,
1716371760000,2024-05-22T09:56:00Z,101-1-1-0005,generic,
1716371820000,2024-05-22T09:57:00Z,101-1-1-0005,generic,
1716371880000,2024-05-22T09:58:00Z,101-1-1-0005,walking,
1716371940000,2024-05-22T09:59:00Z,101-1-1-0005,walking,
1716372000000,2024-05-22T10:00:00Z,101-1-1-0005,still,
1716372060000,2024-05-22T10:01:00Z,101-1-1-0005,still,
1716372120000,2024-05-22T10:02:00Z,101-1-1-0005,still,
1716372180000,2024-05-22T10:03:00Z,101-1-1-0005,still,
1716372240000,2024-05-22T10:04:00Z,101-1-1-0005,still,
1716372300000,2024-05-22T10:05:00Z,101-1-1-0005,still,
1716372360000,2024-05-22T10:06:00Z,101-1-1-0005,still,
1716372420000,2024-05-22T10:07:00Z,101-1-1-0005,still,
1716372480000,2024-05-22T10:08:00Z,101-1-1-0005,still,
1716372540000,2024-05-22T10:09:00Z,101-1-1-0005,still,
1716372600000,2024-05-22T10:10:00Z,101-1-1-0005,generic,
1716372660000,2024-05-22T10:11:00Z,101-1-1-0005,generic,
1716372720000,2024-05-22T10:12:00Z,101-1-1-0005,generic,
1716372780000,2024-05-22T10:13:00Z,101-1-1-0005,generic,
1716372840000,2024-05-22T10:14:00Z,101-1-1-0005,generic,
1716372900000,2024-05-22T10:15:00Z,101-1-1-0005,generic,
1716372960000,2024-05-22T10:16:00Z,101-1-1-0005,generic,
1716373020000,2024-05-22T10:17:00Z,101-1-1-0005,still,
1716373080000,2024-05-22T10:18:00Z,101-1-1-0005,still,
1716373140000,2024-05-22T10:19:00Z,101-1-1-0005,still,
1716373200000,2024-05-22T10:20:00Z,101-1-1-0005,still,
1716373260000,2024-05-22T10:21:00Z,101-1-1-0005,still,
1716373320000,2024-05-22T10:22:00Z,101-1-1-0005,generic,
1716373380000,2024-05-22T10:23:00Z,101-1-1-0005,generic,
1716373440000,2024-05-22T10:24:00Z,101-1-1-0005,generic,
1716373500000,2024-05-22T10:25:00Z,101-1-1-0005,still,
1716373560000,2024-05-22T10:26:00Z,101-1-1-0005,still,
1716373620000,2024-05-22T10:27:00Z,101-1-1-0005,still,
1716373680000,2024-05-22T10:28:00Z,101-1-1-0005,still,
1716373740000,2024-05-22T10:29:00Z,101-1-1-0005,generic,
1716373800000,2024-05-22T10:30:00Z,101-1-1-0005,still,
1716373860000,2024-05-22T10:31:00Z,101-1-1-0005,still,
1716373920000,2024-05-22T10:32:00Z,101-1-1-0005,still,
1716373980000,2024-05-22T10:33:00Z,101-1-1-0005,generic,
1716374040000,2024-05-22T10:34:00Z,101-1-1-0005,still,
1716374100000,2024-05-22T10:35:00Z,101-1-1-0005,generic,
1716374160000,2024-05-22T10:36:00Z,101-1-1-0005,generic,
1716374220000,2024-05-22T10:37:00Z,101-1-1-0005,generic,
1716374280000,2024-05-22T10:38:00Z,101-1-1-0005,generic,
1716374340000,2024-05-22T10:39:00Z,101-1-1-0005,generic,
1716374400000,2024-05-22T10:40:00Z,101-1-1-0005,still,
1716374460000,2024-05-22T10:41:00Z,101-1-1-0005,still,
1716374520000,2024-05-22T10:42:00Z,101-1-1-0005,generic,
1716374580000,2024-05-22T10:43:00Z,101-1-1-0005,generic,
1716374640000,2024-05-22T10:44:00Z,101-1-1-0005,generic,
1716374700000,2024-05-22T10:45:00Z,101-1-1-0005,generic,
1716374760000,2024-05-22T10:46:00Z,101-1-1-0005,generic,
1716374820000,2024-05-22T10:47:00Z,101-1-1-0005,generic,
1716374880000,2024-05-22T10:48:00Z,101-1-1-0005,walking,
1716374940000,2024-05-22T10:49:00Z,101-1-1-0005,generic,
1716375000000,2024-05-22T10:50:00Z,101-1-1-0005,generic,
1716375060000,2024-05-22T10:51:00Z,101-1-1-0005,generic,
1716375120000,2024-05-22T10:52:00Z,101-1-1-0005,generic,
1716375180000,2024-05-22T10:53:00Z,101-1-1-0005,generic,
1716375240000,2024-05-22T10:54:00Z,101-1-1-0005,generic,
1716375300000,2024-05-22T10:55:00Z,101-1-1-0005,generic,
1716375360000,2024-05-22T10:56:00Z,101-1-1-0005,generic,
1716375420000,2024-05-22T10:57:00Z,101-1-1-0005,generic,
1716375480000,2024-05-22T10:58:00Z,101-1-1-0005,generic,
1716375540000,2024-05-22T10:59:00Z,101-1-1-0005,generic,
1716375600000,2024-05-22T11:00:00Z,101-1-1-0005,generic,
1716375660000,2024-05-22T11:01:00Z,101-1-1-0005,generic,
1716375720000,2024-05-22T11:02:00Z,101-1-1-0005,generic,
1716375780000,2024-05-22T11:03:00Z,101-1-1-0005,generic,
1716375840000,2024-05-22T11:04:00Z,101-1-1-0005,generic,
1716375900000,2024-05-22T11:05:00Z,101-1-1-0005,generic,
1716375960000,2024-05-22T11:06:00Z,101-1-1-0005,generic,
1716376020000,2024-05-22T11:07:00Z,101-1-1-0005,generic,
1716376080000,2024-05-22T11:08:00Z,101-1-1-0005,generic,
1716376140000,2024-05-22T11:09:00Z,101-1-1-0005,generic,
1716376200000,2024-05-22T11:10:00Z,101-1-1-0005,generic,
1716376260000,2024-05-22T11:11:00Z,101-1-1-0005,generic,
1716376320000,2024-05-22T11:12:00Z,101-1-1-0005,walking,
1716376380000,2024-05-22T11:13:00Z,101-1-1-0005,generic,
1716376440000,2024-05-22T11:14:00Z,101-1-1-0005,walking,
1716376500000,2024-05-22T11:15:00Z,101-1-1-0005,generic,
1716376560000,2024-05-22T11:16:00Z,101-1-1-0005,generic,
1716376620000,2024-05-22T11:17:00Z,101-1-1-0005,generic,
1716376680000,2024-05-22T11:18:00Z,101-1-1-0005,walking,
1716376740000,2024-05-22T11:19:00Z,101-1-1-0005,generic,
1716376800000,2024-05-22T11:20:00Z,101-1-1-0005,generic,
1716376860000,2024-05-22T11:21:00Z,101-1-1-0005,generic,
1716376920000,2024-05-22T11:22:00Z,101-1-1-0005,generic,
1716376980000,2024-05-22T11:23:00Z,101-1-1-0005,generic,
1716377040000,2024-05-22T11:24:00Z,101-1-1-0005,generic,
1716377100000,2024-05-22T11:25:00Z,101-1-1-0005,generic,
1716377160000,2024-05-22T11:26:00Z,101-1-1-0005,generic,
1716377220000,2024-05-22T11:27:00Z,101-1-1-0005,generic,
1716377280000,2024-05-22T11:28:00Z,101-1-1-0005,generic,
1716377340000,2024-05-22T11:29:00Z,101-1-1-0005,generic,
1716377400000,2024-05-22T11:30:00Z,101-1-1-0005,generic,
1716377460000,2024-05-22T11:31:00Z,101-1-1-0005,generic,
1716377520000,2024-05-22T11:32:00Z,101-1-1-0005,generic,
1716377580000,2024-05-22T11:33:00Z,101-1-1-0005,still,
1716377640000,2024-05-22T11:34:00Z,101-1-1-0005,generic,
1716377700000,2024-05-22T11:35:00Z,101-1-1-0005,generic,
1716377760000,2024-05-22T11:36:00Z,101-1-1-0005,still,
1716377820000,2024-05-22T11:37:00Z,101-1-1-0005,generic,
1716377880000,2024-05-22T11:38:00Z,101-1-1-0005,still,
1716377940000,2024-05-22T11:39:00Z,101-1-1-0005,still,
1716378000000,2024-05-22T11:40:00Z,101-1-1-0005,still,
1716378060000,2024-05-22T11:41:00Z,101-1-1-0005,still,
1716378120000,2024-05-22T11:42:00Z,101-1-1-0005,still,
1716378180000,2024-05-22T11:43:00Z,101-1-1-0005,still,
1716378240000,2024-05-22T11:44:00Z,101-1-1-0005,still,
1716378300000,2024-05-22T11:45:00Z,101-1-1-0005,generic,
1716378360000,2024-05-22T11:46:00Z,101-1-1-0005,generic,
1716378420000,2024-05-22T11:47:00Z,101-1-1-0005,generic,
1716378480000,2024-05-22T11:48:00Z,101-1-1-0005,generic,
1716378540000,2024-05-22T11:49:00Z,101-1-1-0005,generic,
1716378600000,2024-05-22T11:50:00Z,101-1-1-0005,generic,
1716378660000,2024-05-22T11:51:00Z,101-1-1-0005,walking,
1716378720000,2024-05-22T11:52:00Z,101-1-1-0005,generic,
1716378780000,2024-05-22T11:53:00Z,101-1-1-0005,walking,
1716378840000,2024-05-22T11:54:00Z,101-1-1-0005,generic,
1716378900000,2024-05-22T11:55:00Z,101-1-1-0005,generic,
1716378960000,2024-05-22T11:56:00Z,101-1-1-0005,still,
1716379020000,2024-05-22T11:57:00Z,101-1-1-0005,generic,
1716379080000,2024-05-22T11:58:00Z,101-1-1-0005,generic,
1716379140000,2024-05-22T11:59:00Z,101-1-1-0005,still,
1716379200000,2024-05-22T12:00:00Z,101-1-1-0005,still,
1716379260000,2024-05-22T12:01:00Z,101-1-1-0005,still,
1716379320000,2024-05-22T12:02:00Z,101-1-1-0005,still,
1716379380000,2024-05-22T12:03:00Z,101-1-1-0005,generic,
1716379440000,2024-05-22T12:04:00Z,101-1-1-0005,still,
1716379500000,2024-05-22T12:05:00Z,101-1-1-0005,generic,
1716379560000,2024-05-22T12:06:00Z,101-1-1-0005,generic,
1716379620000,2024-05-22T12:07:00Z,101-1-1-0005,generic,
1716379680000,2024-05-22T12:08:00Z,101-1-1-0005,generic,
1716379740000,2024-05-22T12:09:00Z,101-1-1-0005,generic,
1716379800000,2024-05-22T12:10:00Z,101-1-1-0005,still,
1716379860000,2024-05-22T12:11:00Z,101-1-1-0005,generic,
1716379920000,2024-05-22T12:12:00Z,101-1-1-0005,still,
1716379980000,2024-05-22T12:13:00Z,101-1-1-0005,still,
1716380040000,2024-05-22T12:14:00Z,101-1-1-0005,generic,
1716380100000,2024-05-22T12:15:00Z,101-1-1-0005,generic,
1716380160000,2024-05-22T12:16:00Z,101-1-1-0005,generic,
1716380220000,2024-05-22T12:17:00Z,101-1-1-0005,generic,
1716380280000,2024-05-22T12:18:00Z,101-1-1-0005,generic,
1716380340000,2024-05-22T12:19:00Z,101-1-1-0005,generic,
1716380400000,2024-05-22T12:20:00Z,101-1-1-0005,generic,
1716380460000,2024-05-22T12:21:00Z,101-1-1-0005,still,
1716380520000,2024-05-22T12:22:00Z,101-1-1-0005,still,
1716380580000,2024-05-22T12:23:00Z,101-1-1-0005,still,
1716380640000,2024-05-22T12:24:00Z,101-1-1-0005,still,
1716380700000,2024-05-22T12:25:00Z,101-1-1-0005,still,
1716380760000,2024-05-22T12:26:00Z,101-1-1-0005,generic,
1716380820000,2024-05-22T12:27:00Z,101-1-1-0005,generic,
1716380880000,2024-05-22T12:28:00Z,101-1-1-0005,generic,
1716380940000,2024-05-22T12:29:00Z,101-1-1-0005,generic,
1716381000000,2024-05-22T12:30:00Z,101-1-1-0005,generic,
1716381060000,2024-05-22T12:31:00Z,101-1-1-0005,generic,
1716381120000,2024-05-22T12:32:00Z,101-1-1-0005,generic,
1716381180000,2024-05-22T12:33:00Z,101-1-1-0005,walking,
1716381240000,2024-05-22T12:34:00Z,101-1-1-0005,generic,
1716381300000,2024-05-22T12:35:00Z,101-1-1-0005,walking,
1716381360000,2024-05-22T12:36:00Z,101-1-1-0005,generic,
1716381420000,2024-05-22T12:37:00Z,101-1-1-0005,generic,
1716381480000,2024-05-22T12:38:00Z,101-1-1-0005,generic,
1716381540000,2024-05-22T12:39:00Z,101-1-1-0005,generic,
1716381600000,2024-05-22T12:40:00Z,101-1-1-0005,generic,
1716381660000,2024-05-22T12:41:00Z,101-1-1-0005,walking,
1716381720000,2024-05-22T12:42:00Z,101-1-1-0005,walking,
1716381780000,2024-05-22T12:43:00Z,101-1-1-0005,generic,
1716381840000,2024-05-22T12:44:00Z,101-1-1-0005,generic,
1716381900000,2024-05-22T12:45:00Z,101-1-1-0005,generic,
1716381960000,2024-05-22T12:46:00Z,101-1-1-0005,walking,
1716382020000,2024-05-22T12:47:00Z,101-1-1-0005,generic,
1716382080000,2024-05-22T12:48:00Z,101-1-1-0005,still,
1716382140000,2024-05-22T12:49:00Z,101-1-1-0005,still,
1716382200000,2024-05-22T12:50:00Z,101-1-1-0005,generic,
1716382260000,2024-05-22T12:51:00Z,101-1-1-0005,still,
1716382320000,2024-05-22T12:52:00Z,101-1-1-0005,still,
1716382380000,2024-05-22T12:53:00Z,101-1-1-0005,generic,
1716382440000,2024-05-22T12:54:00Z,101-1-1-0005,generic,
1716382500000,2024-05-22T12:55:00Z,101-1-1-0005,still,
1716382560000,2024-05-22T12:56:00Z,101-1-1-0005,still,
1716382620000,2024-05-22T12:57:00Z,101-1-1-0005,still,
1716382680000,2024-05-22T12:58:00Z,101-1-1-0005,still,
1716382740000,2024-05-22T12:59:00Z,101-1-1-0005,still,
1716382800000,2024-05-22T13:00:00Z,101-1-1-0005,still,
1716382860000,2024-05-22T13:01:00Z,101-1-1-0005,generic,
1716382920000,2024-05-22T13:02:00Z,101-1-1-0005,generic,
1716382980000,2024-05-22T13:03:00Z,101-1-1-0005,still,
1716383040000,2024-05-22T13:04:00Z,101-1-1-0005,generic,
1716383100000,2024-05-22T13:05:00Z,101-1-1-0005,generic,
1716383160000,2024-05-22T13:06:00Z,101-1-1-0005,generic,
1716383220000,2024-05-22T13:07:00Z,101-1-1-0005,generic,
1716383280000,2024-05-22T13:08:00Z,101-1-1-0005,generic,
1716383340000,2024-05-22T13:09:00Z,101-1-1-0005,generic,
1716383400000,2024-05-22T13:10:00Z,101-1-1-0005,still,
1716383460000,2024-05-22T13:11:00Z,101-1-1-0005,generic,
1716383520000,2024-05-22T13:12:00Z,101-1-1-0005,generic,
1716383580000,2024-05-22T13:13:00Z,101-1-1-0005,generic,
1716383640000,2024-05-22T13:14:00Z,101-1-1-0005,generic,
1716383700000,2024-05-22T13:15:00Z,101-1-1-0005,still,
1716383760000,2024-05-22T13:16:00Z,101-1-1-0005,still,
1716383820000,2024-05-22T13:17:00Z,101-1-1-0005,still,
1716383880000,2024-05-22T13:18:00Z,101-1-1-0005,still,
1716383940000,2024-05-22T13:19:00Z,101-1-1-0005,generic,
1716384000000,2024-05-22T13:20:00Z,101-1-1-0005,still,
1716384060000,2024-05-22T13:21:00Z,101-1-1-0005,still,
1716384120000,2024-05-22T13:22:00Z,101-1-1-0005,still,
1716384180000,2024-05-22T13:23:00Z,101-1-1-0005,still,
1716384240000,2024-05-22T13:24:00Z,101-1-1-0005,generic,
1716384300000,2024-05-22T13:25:00Z,101-1-1-0005,generic,
1716384360000,2024-05-22T13:26:00Z,101-1-1-0005,generic,
1716384420000,2024-05-22T13:27:00Z,101-1-1-0005,generic,
1716384480000,2024-05-22T13:28:00Z,101-1-1-0005,walking,
1716384540000,2024-05-22T13:29:00Z,101-1-1-0005,generic,
1716384600000,2024-05-22T13:30:00Z,101-1-1-0005,generic,
1716384660000,2024-05-22T13:31:00Z,101-1-1-0005,generic,
1716384720000,2024-05-22T13:32:00Z,101-1-1-0005,still,
1716384780000,2024-05-22T13:33:00Z,101-1-1-0005,still,
1716384840000,2024-05-22T13:34:00Z,101-1-1-0005,still,
1716384900000,2024-05-22T13:35:00Z,101-1-1-0005,still,
1716384960000,2024-05-22T13:36:00Z,101-1-1-0005,generic,
1716385020000,2024-05-22T13:37:00Z,101-1-1-0005,generic,
1716385080000,2024-05-22T13:38:00Z,101-1-1-0005,still,
1716385140000,2024-05-22T13:39:00Z,101-1-1-0005,still,
1716385200000,2024-05-22T13:40:00Z,101-1-1-0005,still,
1716385260000,2024-05-22T13:41:00Z,101-1-1-0005,still,
1716385320000,2024-05-22T13:42:00Z,101-1-1-0005,still,
1716385380000,2024-05-22T13:43:00Z,101-1-1-0005,still,
1716385440000,2024-05-22T13:44:00Z,101-1-1-0005,still,
1716385500000,2024-05-22T13:45:00Z,101-1-1-0005,still,
1716385560000,2024-05-22T13:46:00Z,101-1-1-0005,still,
1716385620000,2024-05-22T13:47:00Z,101-1-1-0005,still,
1716385680000,2024-05-22T13:48:00Z,101-1-1-0005,still,
1716385740000,2024-05-22T13:49:00Z,101-1-1-0005,generic,
1716385800000,2024-05-22T13:50:00Z,101-1-1-0005,generic,
1716385860000,2024-05-22T13:51:00Z,101-1-1-0005,generic,
1716385920000,2024-05-22T13:52:00Z,101-1-1-0005,walking,
1716385980000,2024-05-22T13:53:00Z,101-1-1-0005,generic,
1716386040000,2024-05-22T13:54:00Z,101-1-1-0005,walking,
1716386100000,2024-05-22T13:55:00Z,101-1-1-0005,walking,
1716386160000,2024-05-22T13:56:00Z,101-1-1-0005,generic,
1716386220000,2024-05-22T13:57:00Z,101-1-1-0005,generic,
1716386280000,2024-05-22T13:58:00Z,101-1-1-0005,generic,
1716386340000,2024-05-22T13:59:00Z,101-1-1-0005,generic,
1716386400000,2024-05-22T14:00:00Z,101-1-1-0005,generic,
1716386460000,2024-05-22T14:01:00Z,101-1-1-0005,generic,
1716386520000,2024-05-22T14:02:00Z,101-1-1-0005,generic,
1716386580000,2024-05-22T14:03:00Z,101-1-1-0005,generic,
1716386640000,2024-05-22T14:04:00Z,101-1-1-0005,generic,
1716386700000,2024-05-22T14:05:00Z,101-1-1-0005,generic,
1716386760000,2024-05-22T14:06:00Z,101-1-1-0005,generic,
1716386820000,2024-05-22T14:07:00Z,101-1-1-0005,generic,
1716386880000,2024-05-22T14:08:00Z,101-1-1-0005,walking,
1716386940000,2024-05-22T14:09:00Z,101-1-1-0005,walking,
1716387000000,2024-05-22T14:10:00Z,101-1-1-0005,walking,
1716387060000,2024-05-22T14:11:00Z,101-1-1-0005,walking,
1716387120000,2024-05-22T14:12:00Z,101-1-1-0005,generic,
1716387180000,2024-05-22T14:13:00Z,101-1-1-0005,still,
1716387240000,2024-05-22T14:14:00Z,101-1-1-0005,still,
1716387300000,2024-05-22T14:15:00Z,101-1-1-0005,generic,
1716387360000,2024-05-22T14:16:00Z,101-1-1-0005,still,
1716387420000,2024-05-22T14:17:00Z,101-1-1-0005,generic,
1716387480000,2024-05-22T14:18:00Z,101-1-1-0005,still,
1716387540000,2024-05-22T14:19:00Z,101-1-1-0005,still,
1716387600000,2024-05-22T14:20:00Z,101-1-1-0005,generic,
1716387660000,2024-05-22T14:21:00Z,101-1-1-0005,walking,
1716387720000,2024-05-22T14:22:00Z,101-1-1-0005,walking,
1716387780000,2024-05-22T14:23:00Z,101-1-1-0005,walking,
1716387840000,2024-05-22T14:24:00Z,101-1-1-0005,generic,
1716387900000,2024-05-22T14:25:00Z,101-1-1-0005,generic,
1716387960000,2024-05-22T14:26:00Z,101-1-1-0005,generic,
1716388020000,2024-05-22T14:27:00Z,101-1-1-0005,generic,
1716388080000,2024-05-22T14:28:00Z,101-1-1-0005,generic,
1716388140000,2024-05-22T14:29:00Z,101-1-1-0005,walking,
1716388200000,2024-05-22T14:30:00Z,101-1-1-0005,walking,
1716388260000,2024-05-22T14:31:00Z,101-1-1-0005,generic,
1716388320000,2024-05-22T14:32:00Z,101-1-1-0005,still,
1716388380000,2024-05-22T14:33:00Z,101-1-1-0005,still,
1716388440000,2024-05-22T14:34:00Z,101-1-1-0005,generic,
1716388500000,2024-05-22T14:35:00Z,101-1-1-0005,generic,
1716388560000,2024-05-22T14:36:00Z,101-1-1-0005,generic,
1716388620000,2024-05-22T14:37:00Z,101-1-1-0005,generic,
1716388680000,2024-05-22T14:38:00Z,101-1-1-0005,still,
1716388740000,2024-05-22T14:39:00Z,101-1-1-0005,still,
1716388800000,2024-05-22T14:40:00Z,101-1-1-0005,still,
1716388860000,2024-05-22T14:41:00Z,101-1-1-0005,still,
1716388920000,2024-05-22T14:42:00Z,101-1-1-0005,still,
1716388980000,2024-05-22T14:43:00Z,101-1-1-0005,still,
1716389040000,2024-05-22T14:44:00Z,101-1-1-0005,still,
1716389100000,2024-05-22T14:45:00Z,101-1-1-0005,still,
1716389160000,2024-05-22T14:46:00Z,101-1-1-0005,still,
1716389220000,2024-05-22T14:47:00Z,101-1-1-0005,still,
1716389280000,2024-05-22T14:48:00Z,101-1-1-0005,still,
1716389340000,2024-05-22T14:49:00Z,101-1-1-0005,still,
1716389400000,2024-05-22T14:50:00Z,101-1-1-0005,still,
1716389460000,2024-05-22T14:51:00Z,101-1-1-0005,still,
1716389520000,2024-05-22T14:52:00Z,101-1-1-0005,still,
1716389580000,2024-05-22T14:53:00Z,101-1-1-0005,still,
1716389640000,2024-05-22T14:54:00Z,101-1-1-0005,generic,
1716389700000,2024-05-22T14:55:00Z,101-1-1-0005,still,
1716389760000,2024-05-22T14:56:00Z,101-1-1-0005,still,
1716389820000,2024-05-22T14:57:00Z,101-1-1-0005,generic,
1716389880000,2024-05-22T14:58:00Z,101-1-1-0005,walking,
1716389940000,2024-05-22T14:59:00Z,101-1-1-0005,generic,
1716390000000,2024-05-22T15:00:00Z,101-1-1-0005,generic,
1716390060000,2024-05-22T15:01:00Z,101-1-1-0005,generic,
1716390120000,2024-05-22T15:02:00Z,101-1-1-0005,generic,
1716390180000,2024-05-22T15:03:00Z,101-1-1-0005,generic,
1716390240000,2024-05-22T15:04:00Z,101-1-1-0005,walking,
1716390300000,2024-05-22T15:05:00Z,101-1-1-0005,generic,
1716390360000,2024-05-22T15:06:00Z,101-1-1-0005,generic,
1716390420000,2024-05-22T15:07:00Z,101-1-1-0005,generic,
1716390480000,2024-05-22T15:08:00Z,101-1-1-0005,generic,
1716390540000,2024-05-22T15:09:00Z,101-1-1-0005,generic,
1716390600000,2024-05-22T15:10:00Z,101-1-1-0005,generic,
1716390660000,2024-05-22T15:11:00Z,101-1-1-0005,generic,
1716390720000,2024-05-22T15:12:00Z,101-1-1-0005,generic,
1716390780000,2024-05-22T15:13:00Z,101-1-1-0005,walking,
1716390840000,2024-05-22T15:14:00Z,101-1-1-0005,generic,
1716390900000,2024-05-22T15:15:00Z,101-1-1-0005,generic,
1716390960000,2024-05-22T15:16:00Z,101-1-1-0005,walking,
1716391020000,2024-05-22T15:17:00Z,101-1-1-0005,generic,
1716391080000,2024-05-22T15:18:00Z,101-1-1-0005,generic,
1716391140000,2024-05-22T15:19:00Z,101-1-1-0005,generic,
1716391200000,2024-05-22T15:20:00Z,101-1-1-0005,generic,
1716391260000,2024-05-22T15:21:00Z,101-1-1-0005,generic,
1716391320000,2024-05-22T15:22:00Z,101-1-1-0005,generic,
1716391380000,2024-05-22T15:23:00Z,101-1-1-0005,generic,
1716391440000,2024-05-22T15:24:00Z,101-1-1-0005,generic,
1716391500000,2024-05-22T15:25:00Z,101-1-1-0005,generic,
1716391560000,2024-05-22T15:26:00Z,101-1-1-0005,generic,
1716391620000,2024-05-22T15:27:00Z,101-1-1-0005,generic,
1716391680000,2024-05-22T15:28:00Z,101-1-1-0005,generic,
1716391740000,2024-05-22T15:29:00Z,101-1-1-0005,generic,
1716391800000,2024-05-22T15:30:00Z,101-1-1-0005,generic,
1716391860000,2024-05-22T15:31:00Z,101-1-1-0005,generic,
1716391920000,2024-05-22T15:32:00Z,101-1-1-0005,generic,
1716391980000,2024-05-22T15:33:00Z,101-1-1-0005,generic,
1716392040000,2024-05-22T15:34:00Z,101-1-1-0005,generic,
1716392100000,2024-05-22T15:35:00Z,101-1-1-0005,still,
1716392160000,2024-05-22T15:36:00Z,101-1-1-0005,walking,
1716392220000,2024-05-22T15:37:00Z,101-1-1-0005,walking,
1716392280000,2024-05-22T15:38:00Z,101-1-1-0005,generic,
1716392340000,2024-05-22T15:39:00Z,101-1-1-0005,generic,
1716392400000,2024-05-22T15:40:00Z,101-1-1-0005,generic,
1716392460000,2024-05-22T15:41:00Z,101-1-1-0005,generic,
1716392520000,2024-05-22T15:42:00Z,101-1-1-0005,walking,
1716392580000,2024-05-22T15:43:00Z,101-1-1-0005,generic,
1716392640000,2024-05-22T15:44:00Z,101-1-1-0005,generic,
1716392700000,2024-05-22T15:45:00Z,101-1-1-0005,generic,
1716392760000,2024-05-22T15:46:00Z,101-1-1-0005,generic,
1716392820000,2024-05-22T15:47:00Z,101-1-1-0005,generic,
1716392880000,2024-05-22T15:48:00Z,101-1-1-0005,generic,
1716392940000,2024-05-22T15:49:00Z,101-1-1-0005,generic,
1716393000000,2024-05-22T15:50:00Z,101-1-1-0005,generic,
1716393060000,2024-05-22T15:51:00Z,101-1-1-0005,walking,
1716393120000,2024-05-22T15:52:00Z,101-1-1-0005,walking,
1716393180000,2024-05-22T15:53:00Z,101-1-1-0005,generic,
1716393240000,2024-05-22T15:54:00Z,101-1-1-0005,generic,
1716393300000,2024-05-22T15:55:00Z,101-1-1-0005,generic,
1716393360000,2024-05-22T15:56:00Z,101-1-1-0005,generic,
1716393420000,2024-05-22T15:57:00Z,101-1-1-0005,generic,
1716393480000,2024-05-22T15:58:00Z,101-1-1-0005,generic,
1716393540000,2024-05-22T15:59:00Z,101-1-1-0005,generic,
1716393600000,2024-05-22T16:00:00Z,101-1-1-0005,walking,
1716393660000,2024-05-22T16:01:00Z,101-1-1-0005,generic,
1716393720000,2024-05-22T16:02:00Z,101-1-1-0005,generic,
1716393780000,2024-05-22T16:03:00Z,101-1-1-0005,generic,
1716393840000,2024-05-22T16:04:00Z,101-1-1-0005,generic,
1716393900000,2024-05-22T16:05:00Z,101-1-1-0005,generic,
1716393960000,2024-05-22T16:06:00Z,101-1-1-0005,generic,
1716394020000,2024-05-22T16:07:00Z,101-1-1-0005,generic,
1716394080000,2024-05-22T16:08:00Z,101-1-1-0005,generic,
1716394140000,2024-05-22T16:09:00Z,101-1-1-0005,generic,
1716394200000,2024-05-22T16:10:00Z,101-1-1-0005,generic,
1716394260000,2024-05-22T16:11:00Z,101-1-1-0005,generic,
1716394320000,2024-05-22T16:12:00Z,101-1-1-0005,generic,
1716394380000,2024-05-22T16:13:00Z,101-1-1-0005,generic,
1716394440000,2024-05-22T16:14:00Z,101-1-1-0005,generic,
1716394500000,2024-05-22T16:15:00Z,101-1-1-0005,generic,
1716394560000,2024-05-22T16:16:00Z,101-1-1-0005,generic,
1716394620000,2024-05-22T16:17:00Z,101-1-1-0005,generic,
1716394680000,2024-05-22T16:18:00Z,101-1-1-0005,generic,
1716394740000,2024-05-22T16:19:00Z,101-1-1-0005,generic,
1716394800000,2024-05-22T16:20:00Z,101-1-1-0005,generic,
1716394860000,2024-05-22T16:21:00Z,101-1-1-0005,generic,
1716394920000,2024-05-22T16:22:00Z,101-1-1-0005,generic,
1716394980000,2024-05-22T16:23:00Z,101-1-1-0005,generic,
1716395040000,2024-05-22T16:24:00Z,101-1-1-0005,generic,
1716395100000,2024-05-22T16:25:00Z,101-1-1-0005,generic,
1716395160000,2024-05-22T16:26:00Z,101-1-1-0005,generic,
1716395220000,2024-05-22T16:27:00Z,101-1-1-0005,generic,
1716395280000,2024-05-22T16:28:00Z,101-1-1-0005,generic,
1716395340000,2024-05-22T16:29:00Z,101-1-1-0005,walking,
1716395400000,2024-05-22T16:30:00Z,101-1-1-0005,generic,
1716395460000,2024-05-22T16:31:00Z,101-1-1-0005,generic,
1716395520000,2024-05-22T16:32:00Z,101-1-1-0005,generic,
1716395580000,2024-05-22T16:33:00Z,101-1-1-0005,generic,
1716395640000,2024-05-22T16:34:00Z,101-1-1-0005,generic,
1716395700000,2024-05-22T16:35:00Z,101-1-1-0005,generic,
1716395760000,2024-05-22T16:36:00Z,101-1-1-0005,generic,
1716395820000,2024-05-22T16:37:00Z,101-1-1-0005,generic,
1716395880000,2024-05-22T16:38:00Z,101-1-1-0005,generic,
1716395940000,2024-05-22T16:39:00Z,101-1-1-0005,walking,
1716396000000,2024-05-22T16:40:00Z,101-1-1-0005,generic,
1716396060000,2024-05-22T16:41:00Z,101-1-1-0005,generic,
1716396120000,2024-05-22T16:42:00Z,101-1-1-0005,generic,
1716396180000,2024-05-22T16:43:00Z,101-1-1-0005,generic,
1716396240000,2024-05-22T16:44:00Z,101-1-1-0005,generic,
1716396300000,2024-05-22T16:45:00Z,101-1-1-0005,generic,
1716396360000,2024-05-22T16:46:00Z,101-1-1-0005,generic,
1716396420000,2024-05-22T16:47:00Z,101-1-1-0005,generic,
1716396480000,2024-05-22T16:48:00Z,101-1-1-0005,generic,
1716396540000,2024-05-22T16:49:00Z,101-1-1-0005,generic,
1716396600000,2024-05-22T16:50:00Z,101-1-1-0005,generic,
1716396660000,2024-05-22T16:51:00Z,101-1-1-0005,generic,
1716396720000,2024-05-22T16:52:00Z,101-1-1-0005,generic,
1716396780000,2024-05-22T16:53:00Z,101-1-1-0005,generic,
1716396840000,2024-05-22T16:54:00Z,101-1-1-0005,generic,
1716396900000,2024-05-22T16:55:00Z,101-1-1-0005,generic,
1716396960000,2024-05-22T16:56:00Z,101-1-1-0005,generic,
1716397020000,2024-05-22T16:57:00Z,101-1-1-0005,walking,
1716397080000,2024-05-22T16:58:00Z,101-1-1-0005,generic,
1716397140000,2024-05-22T16:59:00Z,101-1-1-0005,generic,
1716397200000,2024-05-22T17:00:00Z,101-1-1-0005,generic,
1716397260000,2024-05-22T17:01:00Z,101-1-1-0005,generic,
1716397320000,2024-05-22T17:02:00Z,101-1-1-0005,generic,
1716397380000,2024-05-22T17:03:00Z,101-1-1-0005,generic,
1716397440000,2024-05-22T17:04:00Z,101-1-1-0005,generic,
1716397500000,2024-05-22T17:05:00Z,101-1-1-0005,generic,
1716397560000,2024-05-22T17:06:00Z,101-1-1-0005,generic,
1716397620000,2024-05-22T17:07:00Z,101-1-1-0005,walking,
1716397680000,2024-05-22T17:08:00Z,101-1-1-0005,walking,
1716397740000,2024-05-22T17:09:00Z,101-1-1-0005,walking,
1716397800000,2024-05-22T17:10:00Z,101-1-1-0005,walking,
1716397860000,2024-05-22T17:11:00Z,101-1-1-0005,walking,
1716397920000,2024-05-22T17:12:00Z,101-1-1-0005,walking,
1716397980000,2024-05-22T17:13:00Z,101-1-1-0005,walking,
1716398040000,2024-05-22T17:14:00Z,101-1-1-0005,walking,
1716398100000,2024-05-22T17:15:00Z,101-1-1-0005,walking,
1716398160000,2024-05-22T17:16:00Z,101-1-1-0005,walking,
1716398220000,2024-05-22T17:17:00Z,101-1-1-0005,walking,
1716398280000,2024-05-22T17:18:00Z,101-1-1-0005,generic,
1716398340000,2024-05-22T17:19:00Z,101-1-1-0005,generic,
1716398400000,2024-05-22T17:20:00Z,101-1-1-0005,generic,
1716398460000,2024-05-22T17:21:00Z,101-1-1-0005,generic,
1716398520000,2024-05-22T17:22:00Z,101-1-1-0005,still,
1716398580000,2024-05-22T17:23:00Z,101-1-1-0005,generic,
1716398640000,2024-05-22T17:24:00Z,101-1-1-0005,generic,
1716398700000,2024-05-22T17:25:00Z,101-1-1-0005,generic,
1716398760000,2024-05-22T17:26:00Z,101-1-1-0005,still,
1716398820000,2024-05-22T17:27:00Z,101-1-1-0005,generic,
1716398880000,2024-05-22T17:28:00Z,101-1-1-0005,generic,
1716398940000,2024-05-22T17:29:00Z,101-1-1-0005,still,
1716399000000,2024-05-22T17:30:00Z,101-1-1-0005,still,
1716399060000,2024-05-22T17:31:00Z,101-1-1-0005,still,
1716399120000,2024-05-22T17:32:00Z,101-1-1-0005,still,
1716399180000,2024-05-22T17:33:00Z,101-1-1-0005,still,
1716399240000,2024-05-22T17:34:00Z,101-1-1-0005,still,
1716399300000,2024-05-22T17:35:00Z,101-1-1-0005,walking,
1716399360000,2024-05-22T17:36:00Z,101-1-1-0005,walking,
1716399420000,2024-05-22T17:37:00Z,101-1-1-0005,walking,
1716399480000,2024-05-22T17:38:00Z,101-1-1-0005,walking,
1716399540000,2024-05-22T17:39:00Z,101-1-1-0005,walking,
1716399600000,2024-05-22T17:40:00Z,101-1-1-0005,walking,
1716399660000,2024-05-22T17:41:00Z,101-1-1-0005,walking,
1716399720000,2024-05-22T17:42:00Z,101-1-1-0005,generic,
1716399780000,2024-05-22T17:43:00Z,101-1-1-0005,walking,
1716399840000,2024-05-22T17:44:00Z,101-1-1-0005,walking,
1716399900000,2024-05-22T17:45:00Z,101-1-1-0005,walking,
1716399960000,2024-05-22T17:46:00Z,101-1-1-0005,generic,
1716400020000,2024-05-22T17:47:00Z,101-1-1-0005,generic,
1716400080000,2024-05-22T17:48:00Z,101-1-1-0005,generic,
1716400140000,2024-05-22T17:49:00Z,101-1-1-0005,still,
1716400200000,2024-05-22T17:50:00Z,101-1-1-0005,still,
1716400260000,2024-05-22T17:51:00Z,101-1-1-0005,still,
1716400320000,2024-05-22T17:52:00Z,101-1-1-0005,still,
1716400380000,2024-05-22T17:53:00Z,101-1-1-0005,generic,
1716400440000,2024-05-22T17:54:00Z,101-1-1-0005,generic,
1716400500000,2024-05-22T17:55:00Z,101-1-1-0005,generic,
1716400560000,2024-05-22T17:56:00Z,101-1-1-0005,generic,
1716400620000,2024-05-22T17:57:00Z,101-1-1-0005,generic,
1716400680000,2024-05-22T17:58:00Z,101-1-1-0005,generic,
1716400740000,2024-05-22T17:59:00Z,101-1-1-0005,walking,
1716400800000,2024-05-22T18:00:00Z,101-1-1-0005,generic,
1716400860000,2024-05-22T18:01:00Z,101-1-1-0005,walking,
1716400920000,2024-05-22T18:02:00Z,101-1-1-0005,still,
1716400980000,2024-05-22T18:03:00Z,101-1-1-0005,still,
1716401040000,2024-05-22T18:04:00Z,101-1-1-0005,still,
1716401100000,2024-05-22T18:05:00Z,101-1-1-0005,walking,
1716401160000,2024-05-22T18:06:00Z,101-1-1-0005,walking,
1716401220000,2024-05-22T18:07:00Z,101-1-1-0005,walking,
1716401280000,2024-05-22T18:08:00Z,101-1-1-0005,walking,
1716401340000,2024-05-22T18:09:00Z,101-1-1-0005,still,
1716401400000,2024-05-22T18:10:00Z,101-1-1-0005,generic,
1716401460000,2024-05-22T18:11:00Z,101-1-1-0005,still,
1716401520000,2024-05-22T18:12:00Z,101-1-1-0005,still,
1716401580000,2024-05-22T18:13:00Z,101-1-1-0005,walking,
1716401640000,2024-05-22T18:14:00Z,101-1-1-0005,walking,
1716401700000,2024-05-22T18:15:00Z,101-1-1-0005,generic,
1716401760000,2024-05-22T18:16:00Z,101-1-1-0005,walking,
1716401820000,2024-05-22T18:17:00Z,101-1-1-0005,generic,
1716401880000,2024-05-22T18:18:00Z,101-1-1-0005,still,
1716401940000,2024-05-22T18:19:00Z,101-1-1-0005,still,
1716402000000,2024-05-22T18:20:00Z,101-1-1-0005,generic,
1716402060000,2024-05-22T18:21:00Z,101-1-1-0005,walking,
1716402120000,2024-05-22T18:22:00Z,101-1-1-0005,walking,
1716402180000,2024-05-22T18:23:00Z,101-1-1-0005,walking,
1716402240000,2024-05-22T18:24:00Z,101-1-1-0005,walking,
1716402300000,2024-05-22T18:25:00Z,101-1-1-0005,generic,
1716402360000,2024-05-22T18:26:00Z,101-1-1-0005,walking,
1716402420000,2024-05-22T18:27:00Z,101-1-1-0005,generic,
1716402480000,2024-05-22T18:28:00Z,101-1-1-0005,still,
1716402540000,2024-05-22T18:29:00Z,101-1-1-0005,still,
1716402600000,2024-05-22T18:30:00Z,101-1-1-0005,generic,
1716402660000,2024-05-22T18:31:00Z,101-1-1-0005,walking,
1716402720000,2024-05-22T18:32:00Z,101-1-1-0005,still,
1716402780000,2024-05-22T18:33:00Z,101-1-1-0005,still,
1716402840000,2024-05-22T18:34:00Z,101-1-1-0005,still,
1716402900000,2024-05-22T18:35:00Z,101-1-1-0005,still,
1716402960000,2024-05-22T18:36:00Z,101-1-1-0005,still,
1716403020000,2024-05-22T18:37:00Z,101-1-1-0005,still,
1716403080000,2024-05-22T18:38:00Z,101-1-1-0005,walking,
1716403140000,2024-05-22T18:39:00Z,101-1-1-0005,walking,
1716403200000,2024-05-22T18:40:00Z,101-1-1-0005,walking,
1716403260000,2024-05-22T18:41:00Z,101-1-1-0005,generic,
1716403320000,2024-05-22T18:42:00Z,101-1-1-0005,still,
1716403380000,2024-05-22T18:43:00Z,101-1-1-0005,still,
1716403440000,2024-05-22T18:44:00Z,101-1-1-0005,still,
1716403500000,2024-05-22T18:45:00Z,101-1-1-0005,still,
1716403560000,2024-05-22T18:46:00Z,101-1-1-0005,generic,
1716403620000,2024-05-22T18:47:00Z,101-1-1-0005,generic,
1716403680000,2024-05-22T18:48:00Z,101-1-1-0005,walking,
1716403740000,2024-05-22T18:49:00Z,101-1-1-0005,walking,
1716403800000,2024-05-22T18:50:00Z,101-1-1-0005,walking,
1716403860000,2024-05-22T18:51:00Z,101-1-1-0005,still,
1716403920000,2024-05-22T18:52:00Z,101-1-1-0005,still,
1716403980000,2024-05-22T18:53:00Z,101-1-1-0005,walking,
1716404040000,2024-05-22T18:54:00Z,101-1-1-0005,still,
1716404100000,2024-05-22T18:55:00Z,101-1-1-0005,still,
1716404160000,2024-05-22T18:56:00Z,101-1-1-0005,still,
1716404220000,2024-05-22T18:57:00Z,101-1-1-0005,still,
1716404280000,2024-05-22T18:58:00Z,101-1-1-0005,walking,
1716404340000,2024-05-22T18:59:00Z,101-1-1-0005,generic,
1716404400000,2024-05-22T19:00:00Z,101-1-1-0005,generic,
1716404460000,2024-05-22T19:01:00Z,101-1-1-0005,generic,
1716404520000,2024-05-22T19:02:00Z,101-1-1-0005,walking,
1716404580000,2024-05-22T19:03:00Z,101-1-1-0005,generic,
1716404640000,2024-05-22T19:04:00Z,101-1-1-0005,generic,
1716404700000,2024-05-22T19:05:00Z,101-1-1-0005,still,
1716404760000,2024-05-22T19:06:00Z,101-1-1-0005,still,
1716404820000,2024-05-22T19:07:00Z,101-1-1-0005,walking,
1716404880000,2024-05-22T19:08:00Z,101-1-1-0005,walking,
1716404940000,2024-05-22T19:09:00Z,101-1-1-0005,still,
1716405000000,2024-05-22T19:10:00Z,101-1-1-0005,walking,
1716405060000,2024-05-22T19:11:00Z,101-1-1-0005,still,
1716405120000,2024-05-22T19:12:00Z,101-1-1-0005,generic,
1716405180000,2024-05-22T19:13:00Z,101-1-1-0005,still,
1716405240000,2024-05-22T19:14:00Z,101-1-1-0005,walking,
1716405300000,2024-05-22T19:15:00Z,101-1-1-0005,walking,
1716405360000,2024-05-22T19:16:00Z,101-1-1-0005,walking,
1716405420000,2024-05-22T19:17:00Z,101-1-1-0005,generic,
1716405480000,2024-05-22T19:18:00Z,101-1-1-0005,still,
1716405540000,2024-05-22T19:19:00Z,101-1-1-0005,still,
1716405600000,2024-05-22T19:20:00Z,101-1-1-0005,generic,
1716405660000,2024-05-22T19:21:00Z,101-1-1-0005,still,
1716405720000,2024-05-22T19:22:00Z,101-1-1-0005,still,
1716405780000,2024-05-22T19:23:00Z,101-1-1-0005,still,
1716405840000,2024-05-22T19:24:00Z,101-1-1-0005,still,
1716405900000,2024-05-22T19:25:00Z,101-1-1-0005,still,
1716405960000,2024-05-22T19:26:00Z,101-1-1-0005,still,
1716406020000,2024-05-22T19:27:00Z,101-1-1-0005,still,
1716406080000,2024-05-22T19:28:00Z,101-1-1-0005,still,
1716406140000,2024-05-22T19:29:00Z,101-1-1-0005,still,
1716406200000,2024-05-22T19:30:00Z,101-1-1-0005,still,
1716406260000,2024-05-22T19:31:00Z,101-1-1-0005,generic,
1716406320000,2024-05-22T19:32:00Z,101-1-1-0005,walking,
1716406380000,2024-05-22T19:33:00Z,101-1-1-0005,still,
1716406440000,2024-05-22T19:34:00Z,101-1-1-0005,still,
1716406500000,2024-05-22T19:35:00Z,101-1-1-0005,still,
1716406560000,2024-05-22T19:36:00Z,101-1-1-0005,still,
1716406620000,2024-05-22T19:37:00Z,101-1-1-0005,still,
1716406680000,2024-05-22T19:38:00Z,101-1-1-0005,still,
1716406740000,2024-05-22T19:39:00Z,101-1-1-0005,still,
1716406800000,2024-05-22T19:40:00Z,101-1-1-0005,still,
1716406860000,2024-05-22T19:41:00Z,101-1-1-0005,still,
1716406920000,2024-05-22T19:42:00Z,101-1-1-0005,still,
1716406980000,2024-05-22T19:43:00Z,101-1-1-0005,walking,
1716407040000,2024-05-22T19:44:00Z,101-1-1-0005,still,
1716407100000,2024-05-22T19:45:00Z,101-1-1-0005,still,
1716407160000,2024-05-22T19:46:00Z,101-1-1-0005,still,
1716407220000,2024-05-22T19:47:00Z,101-1-1-0005,still,
1716407280000,2024-05-22T19:48:00Z,101-1-1-0005,still,
1716407340000,2024-05-22T19:49:00Z,101-1-1-0005,still,
1716407400000,2024-05-22T19:50:00Z,101-1-1-0005,generic,
1716407460000,2024-05-22T19:51:00Z,101-1-1-0005,walking,
1716407520000,2024-05-22T19:52:00Z,101-1-1-0005,generic,
1716407580000,2024-05-22T19:53:00Z,101-1-1-0005,walking,
1716407640000,2024-05-22T19:54:00Z,101-1-1-0005,still,
1716407700000,2024-05-22T19:55:00Z,101-1-1-0005,still,
1716407760000,2024-05-22T19:56:00Z,101-1-1-0005,walking,
1716407820000,2024-05-22T19:57:00Z,101-1-1-0005,still,
1716407880000,2024-05-22T19:58:00Z,101-1-1-0005,still,
1716407940000,2024-05-22T19:59:00Z,101-1-1-0005,still,
1716408000000,2024-05-22T20:00:00Z,101-1-1-0005,generic,
1716408060000,2024-05-22T20:01:00Z,101-1-1-0005,still,
1716408120000,2024-05-22T20:02:00Z,101-1-1-0005,still,
1716408180000,2024-05-22T20:03:00Z,101-1-1-0005,generic,
1716408240000,2024-05-22T20:04:00Z,101-1-1-0005,walking,
1716408300000,2024-05-22T20:05:00Z,101-1-1-0005,still,
1716408360000,2024-05-22T20:06:00Z,101-1-1-0005,generic,
1716408420000,2024-05-22T20:07:00Z,101-1-1-0005,generic,
1716408480000,2024-05-22T20:08:00Z,101-1-1-0005,still,
1716408540000,2024-05-22T20:09:00Z,101-1-1-0005,still,
1716408600000,2024-05-22T20:10:00Z,101-1-1-0005,still,
1716408660000,2024-05-22T20:11:00Z,101-1-1-0005,generic,
1716408720000,2024-05-22T20:12:00Z,101-1-1-0005,generic,
1716408780000,2024-05-22T20:13:00Z,101-1-1-0005,walking,
1716408840000,2024-05-22T20:14:00Z,101-1-1-0005,generic,
1716408900000,2024-05-22T20:15:00Z,101-1-1-0005,generic,
1716408960000,2024-05-22T20:16:00Z,101-1-1-0005,still,
1716409020000,2024-05-22T20:17:00Z,101-1-1-0005,generic,
1716409080000,2024-05-22T20:18:00Z,101-1-1-0005,generic,
1716409140000,2024-05-22T20:19:00Z,101-1-1-0005,walking,
1716409200000,2024-05-22T20:20:00Z,101-1-1-0005,walking,
1716409260000,2024-05-22T20:21:00Z,101-1-1-0005,walking,
1716409320000,2024-05-22T20:22:00Z,101-1-1-0005,generic,
1716409380000,2024-05-22T20:23:00Z,101-1-1-0005,walking,
1716409440000,2024-05-22T20:24:00Z,101-1-1-0005,walking,
1716409500000,2024-05-22T20:25:00Z,101-1-1-0005,walking,
1716409560000,2024-05-22T20:26:00Z,101-1-1-0005,walking,
1716409620000,2024-05-22T20:27:00Z,101-1-1-0005,walking,
1716409680000,2024-05-22T20:28:00Z,101-1-1-0005,walking,
1716409740000,2024-05-22T20:29:00Z,101-1-1-0005,walking,
1716409800000,2024-05-22T20:30:00Z,101-1-1-0005,walking,
1716409860000,2024-05-22T20:31:00Z,101-1-1-0005,generic,
1716409920000,2024-05-22T20:32:00Z,101-1-1-0005,generic,
1716409980000,2024-05-22T20:33:00Z,101-1-1-0005,generic,
1716410040000,2024-05-22T20:34:00Z,101-1-1-0005,generic,
1716410100000,2024-05-22T20:35:00Z,101-1-1-0005,generic,
1716410160000,2024-05-22T20:36:00Z,101-1-1-0005,generic,
1716410220000,2024-05-22T20:37:00Z,101-1-1-0005,generic,
1716410280000,2024-05-22T20:38:00Z,101-1-1-0005,generic,
1716410340000,2024-05-22T20:39:00Z,101-1-1-0005,generic,
1716410400000,2024-05-22T20:40:00Z,101-1-1-0005,walking,
1716410460000,2024-05-22T20:41:00Z,101-1-1-0005,generic,
1716410520000,2024-05-22T20:42:00Z,101-1-1-0005,generic,
1716410580000,2024-05-22T20:43:00Z,101-1-1-0005,generic,
1716410640000,2024-05-22T20:44:00Z,101-1-1-0005,generic,
1716410700000,2024-05-22T20:45:00Z,101-1-1-0005,generic,
1716410760000,2024-05-22T20:46:00Z,101-1-1-0005,generic,
1716410820000,2024-05-22T20:47:00Z,101-1-1-0005,generic,
1716410880000,2024-05-22T20:48:00Z,101-1-1-0005,generic,
1716410940000,2024-05-22T20:49:00Z,101-1-1-0005,generic,
1716411000000,2024-05-22T20:50:00Z,101-1-1-0005,generic,
1716411060000,2024-05-22T20:51:00Z,101-1-1-0005,generic,
1716411120000,2024-05-22T20:52:00Z,101-1-1-0005,generic,
1716411180000,2024-05-22T20:53:00Z,101-1-1-0005,generic,
1716411240000,2024-05-22T20:54:00Z,101-1-1-0005,walking,
1716411300000,2024-05-22T20:55:00Z,101-1-1-0005,generic,
1716411360000,2024-05-22T20:56:00Z,101-1-1-0005,generic,
1716411420000,2024-05-22T20:57:00Z,101-1-1-0005,walking,
1716411480000,2024-05-22T20:58:00Z,101-1-1-0005,generic,
1716411540000,2024-05-22T20:59:00Z,101-1-1-0005,generic,
1716411600000,2024-05-22T21:00:00Z,101-1-1-0005,generic,
1716411660000,2024-05-22T21:01:00Z,101-1-1-0005,generic,
1716411720000,2024-05-22T21:02:00Z,101-1-1-0005,generic,
1716411780000,2024-05-22T21:03:00Z,101-1-1-0005,walking,
1716411840000,2024-05-22T21:04:00Z,101-1-1-0005,generic,
1716411900000,2024-05-22T21:05:00Z,101-1-1-0005,generic,
1716411960000,2024-05-22T21:06:00Z,101-1-1-0005,generic,
1716412020000,2024-05-22T21:07:00Z,101-1-1-0005,generic,
1716412080000,2024-05-22T21:08:00Z,101-1-1-0005,walking,
1716412140000,2024-05-22T21:09:00Z,101-1-1-0005,generic,
1716412200000,2024-05-22T21:10:00Z,101-1-1-0005,generic,
1716412260000,2024-05-22T21:11:00Z,101-1-1-0005,walking,
1716412320000,2024-05-22T21:12:00Z,101-1-1-0005,generic,
1716412380000,2024-05-22T21:13:00Z,101-1-1-0005,generic,
1716412440000,2024-05-22T21:14:00Z,101-1-1-0005,generic,
1716412500000,2024-05-22T21:15:00Z,101-1-1-0005,generic,
1716412560000,2024-05-22T21:16:00Z,101-1-1-0005,generic,
1716412620000,2024-05-22T21:17:00Z,101-1-1-0005,generic,
1716412680000,2024-05-22T21:18:00Z,101-1-1-0005,generic,
1716412740000,2024-05-22T21:19:00Z,101-1-1-0005,generic,
1716412800000,2024-05-22T21:20:00Z,101-1-1-0005,generic,
1716412860000,2024-05-22T21:21:00Z,101-1-1-0005,generic,
1716412920000,2024-05-22T21:22:00Z,101-1-1-0005,generic,
1716412980000,2024-05-22T21:23:00Z,101-1-1-0005,generic,
1716413040000,2024-05-22T21:24:00Z,101-1-1-0005,generic,
1716413100000,2024-05-22T21:25:00Z,101-1-1-0005,generic,
1716413160000,2024-05-22T21:26:00Z,101-1-1-0005,generic,
1716413220000,2024-05-22T21:27:00Z,101-1-1-0005,generic,
1716413280000,2024-05-22T21:28:00Z,101-1-1-0005,generic,
1716413340000,2024-05-22T21:29:00Z,101-1-1-0005,generic,
1716413400000,2024-05-22T21:30:00Z,101-1-1-0005,generic,
1716413460000,2024-05-22T21:31:00Z,101-1-1-0005,generic,
1716413520000,2024-05-22T21:32:00Z,101-1-1-0005,generic,
1716413580000,2024-05-22T21:33:00Z,101-1-1-0005,generic,
1716413640000,2024-05-22T21:34:00Z,101-1-1-0005,walking,
1716413700000,2024-05-22T21:35:00Z,101-1-1-0005,generic,
1716413760000,2024-05-22T21:36:00Z,101-1-1-0005,generic,
1716413820000,2024-05-22T21:37:00Z,101-1-1-0005,still,
1716413880000,2024-05-22T21:38:00Z,101-1-1-0005,still,
1716413940000,2024-05-22T21:39:00Z,101-1-1-0005,still,
1716414000000,2024-05-22T21:40:00Z,101-1-1-0005,still,
1716414060000,2024-05-22T21:41:00Z,101-1-1-0005,still,
1716414120000,2024-05-22T21:42:00Z,101-1-1-0005,still,
1716414180000,2024-05-22T21:43:00Z,101-1-1-0005,generic,
1716414240000,2024-05-22T21:44:00Z,101-1-1-0005,walking,
1716414300000,2024-05-22T21:45:00Z,101-1-1-0005,generic,
1716414360000,2024-05-22T21:46:00Z,101-1-1-0005,walking,
1716414420000,2024-05-22T21:47:00Z,101-1-1-0005,walking,
1716414480000,2024-05-22T21:48:00Z,101-1-1-0005,still,
1716414540000,2024-05-22T21:49:00Z,101-1-1-0005,generic,
1716414600000,2024-05-22T21:50:00Z,101-1-1-0005,generic,
1716414660000,2024-05-22T21:51:00Z,101-1-1-0005,generic,
1716414720000,2024-05-22T21:52:00Z,101-1-1-0005,generic,
1716414780000,2024-05-22T21:53:00Z,101-1-1-0005,generic,
1716414840000,2024-05-22T21:54:00Z,101-1-1-0005,generic,
1716414900000,2024-05-22T21:55:00Z,101-1-1-0005,still,
1716414960000,2024-05-22T21:56:00Z,101-1-1-0005,still,
1716415020000,2024-05-22T21:57:00Z,101-1-1-0005,generic,
1716415080000,2024-05-22T21:58:00Z,101-1-1-0005,still,
1716415140000,2024-05-22T21:59:00Z,101-1-1-0005,still,
1716415200000,2024-05-22T22:00:00Z,101-1-1-0005,still,
1716415260000,2024-05-22T22:01:00Z,101-1-1-0005,still,
1716415320000,2024-05-22T22:02:00Z,101-1-1-0005,still,
1716415380000,2024-05-22T22:03:00Z,101-1-1-0005,still,
1716415440000,2024-05-22T22:04:00Z,101-1-1-0005,still,
1716415500000,2024-05-22T22:05:00Z,101-1-1-0005,still,
1716415560000,2024-05-22T22:06:00Z,101-1-1-0005,still,
1716415620000,2024-05-22T22:07:00Z,101-1-1-0005,still,
1716415680000,2024-05-22T22:08:00Z,101-1-1-0005,still,
1716415740000,2024-05-22T22:09:00Z,101-1-1-0005,still,
1716415800000,2024-05-22T22:10:00Z,101-1-1-0005,still,
1716415860000,2024-05-22T22:11:00Z,101-1-1-0005,generic,
1716415920000,2024-05-22T22:12:00Z,101-1-1-0005,generic,
1716415980000,2024-05-22T22:13:00Z,101-1-1-0005,still,
1716416040000,2024-05-22T22:14:00Z,101-1-1-0005,still,
1716416100000,2024-05-22T22:15:00Z,101-1-1-0005,still,
1716416160000,2024-05-22T22:16:00Z,101-1-1-0005,still,
1716416220000,2024-05-22T22:17:00Z,101-1-1-0005,still,
1716416280000,2024-05-22T22:18:00Z,101-1-1-0005,still,
1716416340000,2024-05-22T22:19:00Z,101-1-1-0005,still,
1716416400000,2024-05-22T22:20:00Z,101-1-1-0005,still,
1716416460000,2024-05-22T22:21:00Z,101-1-1-0005,still,
1716416520000,2024-05-22T22:22:00Z,101-1-1-0005,still,
1716416580000,2024-05-22T22:23:00Z,101-1-1-0005,still,
1716416640000,2024-05-22T22:24:00Z,101-1-1-0005,still,
1716416700000,2024-05-22T22:25:00Z,101-1-1-0005,still,
1716416760000,2024-05-22T22:26:00Z,101-1-1-0005,still,
1716416820000,2024-05-22T22:27:00Z,101-1-1-0005,still,
1716416880000,2024-05-22T22:28:00Z,101-1-1-0005,still,
1716416940000,2024-05-22T22:29:00Z,101-1-1-0005,still,
1716417000000,2024-05-22T22:30:00Z,101-1-1-0005,still,
1716417060000,2024-05-22T22:31:00Z,101-1-1-0005,still,
1716417120000,2024-05-22T22:32:00Z,101-1-1-0005,still,
1716417180000,2024-05-22T22:33:00Z,101-1-1-0005,still,
1716417240000,2024-05-22T22:34:00Z,101-1-1-0005,still,
1716417300000,2024-05-22T22:35:00Z,101-1-1-0005,still,
1716417360000,2024-05-22T22:36:00Z,101-1-1-0005,still,
1716417420000,2024-05-22T22:37:00Z,101-1-1-0005,still,
1716417480000,2024-05-22T22:38:00Z,101-1-1-0005,still,
1716417540000,2024-05-22T22:39:00Z,101-1-1-0005,still,
1716417600000,2024-05-22T22:40:00Z,101-1-1-0005,still,
1716417660000,2024-05-22T22:41:00Z,101-1-1-0005,still,
1716417720000,2024-05-22T22:42:00Z,101-1-1-0005,still,
1716417780000,2024-05-22T22:43:00Z,101-1-1-0005,still,
1716417840000,2024-05-22T22:44:00Z,101-1-1-0005,still,
1716417900000,2024-05-22T22:45:00Z,101-1-1-0005,still,
1716417960000,2024-05-22T22:46:00Z,101-1-1-0005,still,
1716418020000,2024-05-22T22:47:00Z,101-1-1-0005,still,
1716418080000,2024-05-22T22:48:00Z,101-1-1-0005,still,
1716418140000,2024-05-22T22:49:00Z,101-1-1-0005,still,
1716418200000,2024-05-22T22:50:00Z,101-1-1-0005,still,
1716418260000,2024-05-22T22:51:00Z,101-1-1-0005,still,
1716418320000,2024-05-22T22:52:00Z,101-1-1-0005,still,
1716418380000,2024-05-22T22:53:00Z,101-1-1-0005,still,
1716418440000,2024-05-22T22:54:00Z,101-1-1-0005,still,
1716418500000,2024-05-22T22:55:00Z,101-1-1-0005,still,
1716418560000,2024-05-22T22:56:00Z,101-1-1-0005,still,
1716418620000,2024-05-22T22:57:00Z,101-1-1-0005,still,
1716418680000,2024-05-22T22:58:00Z,101-1-1-0005,still,
1716418740000,2024-05-22T22:59:00Z,101-1-1-0005,still,
1716418800000,2024-05-22T23:00:00Z,101-1-1-0005,still,
1716418860000,2024-05-22T23:01:00Z,101-1-1-0005,still,
1716418920000,2024-05-22T23:02:00Z,101-1-1-0005,still,
1716418980000,2024-05-22T23:03:00Z,101-1-1-0005,still,
1716419040000,2024-05-22T23:04:00Z,101-1-1-0005,still,
1716419100000,2024-05-22T23:05:00Z,101-1-1-0005,still,
1716419160000,2024-05-22T23:06:00Z,101-1-1-0005,still,
1716419220000,2024-05-22T23:07:00Z,101-1-1-0005,still,
1716419280000,2024-05-22T23:08:00Z,101-1-1-0005,still,
1716419340000,2024-05-22T23:09:00Z,101-1-1-0005,still,
1716419400000,2024-05-22T23:10:00Z,101-1-1-0005,still,
1716419460000,2024-05-22T23:11:00Z,101-1-1-0005,still,
1716419520000,2024-05-22T23:12:00Z,101-1-1-0005,still,
1716419580000,2024-05-22T23:13:00Z,101-1-1-0005,still,
1716419640000,2024-05-22T23:14:00Z,101-1-1-0005,still,
1716419700000,2024-05-22T23:15:00Z,101-1-1-0005,still,
1716419760000,2024-05-22T23:16:00Z,101-1-1-0005,still,
1716419820000,2024-05-22T23:17:00Z,101-1-1-0005,still,
1716419880000,2024-05-22T23:18:00Z,101-1-1-0005,still,
1716419940000,2024-05-22T23:19:00Z,101-1-1-0005,still,
1716420000000,2024-05-22T23:20:00Z,101-1-1-0005,still,
1716420060000,2024-05-22T23:21:00Z,101-1-1-0005,still,
1716420120000,2024-05-22T23:22:00Z,101-1-1-0005,still,
1716420180000,2024-05-22T23:23:00Z,101-1-1-0005,still,
1716420240000,2024-05-22T23:24:00Z,101-1-1-0005,still,
1716420300000,2024-05-22T23:25:00Z,101-1-1-0005,still,
1716420360000,2024-05-22T23:26:00Z,101-1-1-0005,still,
1716420420000,2024-05-22T23:27:00Z,101-1-1-0005,still,
1716420480000,2024-05-22T23:28:00Z,101-1-1-0005,still,
1716420540000,2024-05-22T23:29:00Z,101-1-1-0005,still,
1716420600000,2024-05-22T23:30:00Z,101-1-1-0005,still,
1716420660000,2024-05-22T23:31:00Z,101-1-1-0005,still,
1716420720000,2024-05-22T23:32:00Z,101-1-1-0005,still,
1716420780000,2024-05-22T23:33:00Z,101-1-1-0005,still,
1716420840000,2024-05-22T23:34:00Z,101-1-1-0005,still,
1716420900000,2024-05-22T23:35:00Z,101-1-1-0005,still,
1716420960000,2024-05-22T23:36:00Z,101-1-1-0005,still,
1716421020000,2024-05-22T23:37:00Z,101-1-1-0005,still,
1716421080000,2024-05-22T23:38:00Z,101-1-1-0005,still,
1716421140000,2024-05-22T23:39:00Z,101-1-1-0005,still,
1716421200000,2024-05-22T23:40:00Z,101-1-1-0005,still,
1716421260000,2024-05-22T23:41:00Z,101-1-1-0005,still,
1716421320000,2024-05-22T23:42:00Z,101-1-1-0005,still,
1716421380000,2024-05-22T23:43:00Z,101-1-1-0005,still,
1716421440000,2024-05-22T23:44:00Z,101-1-1-0005,still,
1716421500000,2024-05-22T23:45:00Z,101-1-1-0005,still,
1716421560000,2024-05-22T23:46:00Z,101-1-1-0005,still,
1716421620000,2024-05-22T23:47:00Z,101-1-1-0005,still,
1716421680000,2024-05-22T23:48:00Z,101-1-1-0005,still,
1716421740000,2024-05-22T23:49:00Z,101-1-1-0005,still,
1716421800000,2024-05-22T23:50:00Z,101-1-1-0005,still,
1716421860000,2024-05-22T23:51:00Z,101-1-1-0005,still,
1716421920000,2024-05-22T23:52:00Z,101-1-1-0005,still,
1716421980000,2024-05-22T23:53:00Z,101-1-1-0005,still,
1716422040000,2024-05-22T23:54:00Z,101-1-1-0005,still,
1716422100000,2024-05-22T23:55:00Z,101-1-1-0005,still,
1716422160000,2024-05-22T23:56:00Z,101-1-1-0005,still,
1716422220000,2024-05-22T23:57:00Z,101-1-1-0005,still,
1716422280000,2024-05-22T23:58:00Z,101-1-1-0005,still,
1716422340000,2024-05-22T23:59:00Z,101-1-1-0005,still,
