timestamp,value,body_position,quality_indicator
1689059983,5915,2,4
1689059987,696,2,4
1689059991,1147,2,4
1689059995,477,2,4
1689059999,2381,2,4
1689060003,134,2,4
1689060007,671,2,4
1689060011,142,2,4
1689060015,1065,2,4
1689060019,2029,2,4
1689060023,881,2,4
1689060027,2214,2,4
1689060031,849,2,4
1689060035,534,2,4
1689060039,5196,2,4
1689060043,2751,2,4
1689060047,448,2,4
1689060051,1791,2,4
1689060055,598,2,4
1689060059,254,2,4
1689060063,583,2,4
1689060067,2033,2,4
1689060071,272,2,4
1689060075,1834,2,4
1689060079,4116,2,4
1689060083,5404,2,4
1689060087,35,2,4
1689060594,36,2,4
1689060598,307,2,4
1689060602,19,2,4
1689060606,22,2,4
1689060610,16,2,4
1689060614,14,2,4
1689061442,23,2,4
1689061446,306,2,4
1689061450,15,2,4
1689061454,14,2,4
1689061458,15,2,4
1689061462,13,2,4
1689061696,30,2,4
1689061700,307,2,4
1689061704,17,2,4
1689061708,15,2,4
1689061712,18,2,4
1689061716,22,2,4
1689061756,4385,2,4
1689061760,2865,2,4
1689061764,4283,2,4
1689061768,1609,2,4
1689061772,839,2,4
1689061776,2360,2,4
1689061780,1784,2,4
1689061784,1451,2,4
1689061788,2992,2,4
1689061792,1054,2,4
1689061796,657,2,4
1689061800,1340,2,4
1689061804,118,2,4
1689061808,2715,2,4
1689061812,1302,2,4
1689061816,2002,2,4
1689061820,447,2,4
1689061824,160,2,4
1689061828,309,2,4
1689061832,340,2,4
1689061836,1861,2,4
1689061840,599,2,4
1689061844,68,2,4
1689061848,84,2,4
1689061852,61,2,4
1689061856,82,2,4
1689061860,54,2,4
1689061864,75,2,4
1689061868,50,2,4
1689061872,50,2,4
1689061876,44,2,4
1689061880,42,2,4
1689061884,43,2,4
1689061888,60,2,4
1689061892,36,2,4
1689061896,43,2,4
1689061900,49,2,4
1689061904,43,2,4
1689061908,63,2,4
1689061912,50,2,4
1689061916,3078,2,4
1689061920,1154,2,4
1689061924,547,2,4
1689061928,476,2,4
1689061932,413,2,4
1689061936,9193,2,4
1689061940,1017,2,4
1689061944,894,2,4
1689061948,2141,2,4
1689061952,104,2,4
1689061956,85,2,4
1689061960,55,2,4
1689061964,29,2,4
1689061968,30,2,4
1689061972,30,2,4
1689061976,31,2,4
1689061980,30,2,4
1689061984,1475,2,4
1689061988,4741,2,4
1689061992,2347,2,4
1689061996,141,2,4
1689062000,85,2,4
1689062004,78,2,4
1689062008,105,2,4
1689062012,7089,2,4
1689062016,3969,2,4
1689062020,5045,2,4
1689062024,3769,2,4
1689062028,6086,2,4
1689062032,527,2,4
1689062036,170,2,4
1689062040,204,2,4
1689062044,1156,2,4
1689062048,1285,2,4
1689062052,885,2,4
1689062056,404,2,4
1689062060,159,2,4
1689062064,68,2,4
1689062068,97,2,4
1689062072,205,2,4
1689062076,213,2,4
1689062080,172,2,4
1689062084,130,2,4
1689062088,228,2,4
1689062092,87,2,4
1689062096,1753,2,4
1689062100,1151,2,4
1689062104,326,2,4
1689062108,4177,2,4
1689062112,298,2,4
1689062116,2803,2,4
1689062120,614,2,4
1689062124,1764,2,4
1689062128,824,2,4
1689062132,2504,2,4
1689062136,3779,2,4
1689062140,1942,2,4
1689062144,1598,2,4
1689062148,1995,2,4
1689062152,1913,2,4
1689062156,1842,2,4
1689062160,1054,2,4
1689062164,828,2,4
1689062168,1432,2,4
1689062172,2832,2,4
1689062176,2003,2,4
1689062180,6413,2,4
1689062184,7366,2,4
1689062188,2638,2,4
1689062192,526,2,4
1689062196,246,2,4
1689062200,409,2,4
1689062204,448,2,4
1689062208,656,2,4
1689062212,296,2,4
1689062216,160,2,4
1689062220,267,2,4
1689062224,524,2,4
1689062228,260,2,4
1689062232,271,2,4
1689062236,81,2,4
1689062240,81,2,4
1689062244,85,2,4
1689062248,79,2,4
1689062252,108,2,4
1689062256,430,2,4
1689062260,136,2,4
1689062264,456,2,4
1689062268,403,2,4
1689062272,662,2,4
1689062276,248,2,4
1689062280,353,2,4
1689062284,884,2,4
1689062288,1124,2,4
1689062292,1068,2,4
1689062296,306,2,4
1689062300,1116,2,4
1689062304,111,2,4
1689062308,43,2,4
1689062312,158,2,4
1689062316,73,2,4
1689062320,203,2,4
1689062324,47,2,4
1689062328,68,2,4
1689062332,395,2,4
1689062336,414,2,4
1689062340,515,2,4
1689062344,138,2,4
1689062348,164,2,4
1689062352,325,2,4
1689062356,2591,2,4
1689062360,1899,2,4
1689062364,4091,2,4
1689062368,151,2,4
1689062372,65,2,4
1689062376,1588,2,4
1689062380,253,2,4
1689062384,1283,2,4
1689062388,1598,2,4
1689062392,217,2,4
1689062396,290,2,4
1689062400,1685,2,4
1689062404,1867,2,4
1689062408,923,2,4
1689062412,763,2,4
1689062416,382,2,4
1689062420,523,2,4
1689062424,980,2,4
1689062428,388,2,4
1689062432,242,2,4
1689062436,250,2,4
1689062440,431,2,4
1689062444,129,2,4
1689062448,1455,2,4
1689062452,579,2,4
1689062456,664,2,4
1689062460,1255,2,4
1689062464,615,2,4
1689062468,4687,2,4
1689062472,1546,2,4
1689062476,604,2,4
1689062480,487,2,4
1689062484,332,2,4
1689062488,1336,2,4
1689062492,1992,2,4
1689062496,510,2,4
1689062500,385,2,4
1689062504,249,2,4
1689062508,216,2,4
1689062512,1130,2,4
1689062516,409,2,4
1689062520,934,2,4
1689062524,3152,2,4
1689062528,3437,2,4
1689062532,286,2,4
1689062536,468,2,4
1689062540,1117,2,4
1689062544,224,2,4
1689062548,816,2,4
1689062552,290,2,4
1689062556,64,2,4
1689062560,83,2,4
1689062564,288,2,4
1689062568,3375,2,4
1689062572,1046,2,4
1689062576,2083,2,4
1689062580,9830,2,4
1689062584,4738,2,4
1689062588,675,2,4
1689062592,1071,2,4
1689062596,1069,2,4
1689062600,771,2,4
1689062604,329,2,4
1689062608,183,2,4
1689062612,1382,2,4
1689062616,491,2,4
1689062620,1169,2,4
1689062624,842,2,4
1689062628,723,2,4
1689062632,1389,2,4
1689062636,1719,2,4
1689062640,587,2,4
1689062644,102,2,4
1689062648,115,2,4
1689062652,175,2,4
1689062656,3451,2,4
1689062660,880,2,4
1689062664,701,2,4
1689062668,186,2,4
1689062672,799,2,4
1689062676,600,2,4
1689062680,427,2,4
1689062684,319,2,4
1689062688,320,2,4
1689062692,907,2,4
1689062696,1766,2,4
1689062700,531,2,4
1689062704,638,2,4
1689062708,307,2,4
1689062712,697,2,4
1689062716,204,2,4
1689062720,5783,2,4
1689062724,1907,2,4
1689062728,1486,2,4
1689062732,1162,2,4
1689062736,1704,2,4
1689062740,2025,2,4
1689062744,1560,2,4
1689062748,1908,2,4
1689062752,1788,2,4
1689062756,4236,2,4
1689062760,8097,2,4
1689062764,2423,2,4
1689062768,997,2,4
1689062772,967,2,4
1689062776,574,2,4
1689062780,3779,2,4
1689062784,7836,2,4
1689062788,2002,2,4
1689062792,5248,2,4
1689062796,3717,2,4
1689062800,4844,2,4
1689062804,4358,2,4
1689062808,5861,2,4
1689062812,1466,2,4
1689062816,178,2,4
1689062820,1284,2,4
1689062824,719,2,4
1689062828,309,2,4
1689062832,788,2,4
1689062836,2211,2,4
1689062840,197,2,4
1689062844,60,2,4
1689062848,2024,2,4
1689062852,1204,2,4
1689062856,618,2,4
1689062860,114,2,4
1689062864,52,2,4
1689062868,47,2,4
1689062872,64,2,4
1689062876,54,2,4
1689062880,56,2,4
1689062884,364,2,4
1689062888,1811,2,4
1689062892,145,2,4
1689062896,122,2,4
1689062900,73,2,4
1689062904,50,2,4
1689062908,49,2,4
1689062912,1387,2,4
1689062916,329,2,4
1689062920,226,2,4
1689062924,416,2,4
1689062928,101,2,4
1689062932,206,2,4
1689062936,53,2,4
1689062940,228,2,4
1689062944,424,2,4
1689062948,894,2,4
1689062952,66,2,4
1689062956,67,2,4
1689062960,188,2,4
1689062964,125,2,4
1689062968,968,2,4
1689062972,1217,2,4
1689062976,7365,2,4
1689062980,10042,2,4
1689062984,10240,2,4
1689062988,7743,2,4
1689062992,7590,2,4
1689062996,4087,2,4
1689063000,693,2,4
1689063004,73,2,4
1689063008,107,2,4
1689063012,75,2,4
1689063016,47,2,4
1689063020,98,2,4
1689063024,63,2,4
1689063028,65,2,4
1689063032,78,2,4
1689063036,73,2,4
1689063040,1566,2,4
1689063044,201,2,4
1689063048,2071,2,4
1689063052,7187,2,4
1689063056,1264,2,4
1689063060,1664,2,4
1689063064,490,2,4
1689063068,826,2,4
1689063072,972,2,4
1689063076,5091,2,4
1689063080,386,2,4
1689063084,4193,2,4
1689063088,343,2,4
1689063092,214,2,4
1689063096,1160,2,4
1689063100,119,2,4
1689063104,571,2,4
1689063108,428,2,4
1689063112,1166,2,4
1689063116,398,2,4
1689063120,946,2,4
1689063124,621,2,4
1689063128,195,2,4
1689063132,389,2,4
1689063136,2825,2,4
1689063140,711,2,4
1689063144,459,2,4
1689063148,580,2,4
1689063152,140,2,4
1689063156,1096,2,4
1689063160,687,2,4
1689063164,466,2,4
1689063168,109,2,4
1689063172,683,2,4
1689063176,138,2,4
1689063180,66,2,4
1689063184,115,2,4
1689063188,86,2,4
1689063192,1854,2,4
1689063196,2161,2,4
1689063200,667,2,4
1689063204,2188,2,4
1689063208,1745,2,4
1689063212,1542,2,4
1689063216,445,2,4
1689063220,920,2,4
1689063224,1035,2,4
1689063228,1231,2,4
1689063232,631,2,4
1689063236,531,2,4
1689063240,401,2,4
1689063244,1700,2,4
1689063248,2090,2,4
1689063252,1221,2,4
1689063256,1654,2,4
1689063260,916,2,4
1689063264,1571,2,4
1689063268,8366,2,4
1689063272,4491,2,4
1689063276,5621,2,4
1689063280,5848,2,4
1689063284,6441,2,4
1689063288,6460,2,4
1689063292,1659,2,4
1689063296,6505,2,4
1689063300,6638,2,4
1689063304,5134,2,4
1689063308,3368,2,4
1689063312,2089,2,4
1689063316,321,2,4
1689063320,2194,2,4
1689063324,3801,2,4
1689063328,2277,2,4
1689063332,1754,2,4
1689063336,3736,2,4
1689063340,1135,2,4
1689063344,4015,2,4
1689063348,4503,2,4
1689063352,2757,2,4
1689063356,913,2,4
1689063360,2032,2,4
1689063364,777,2,4
1689063368,747,2,4
1689063372,476,2,4
1689063376,81,2,4
1689063380,846,2,4
1689063384,704,2,4
1689063388,220,2,4
1689063392,137,2,4
1689063396,710,2,4
1689063400,1166,2,4
1689063404,899,2,4
1689063408,185,2,4
1689063412,1814,2,4
1689063416,142,2,4
1689063420,7290,2,4
1689063424,5741,2,4
1689063428,10479,2,4
1689063432,4774,2,4
1689063436,9060,2,4
1689063440,3513,2,4
1689063444,1504,2,4
1689063448,3927,2,4
1689063452,7407,2,4
1689063456,5276,2,4
1689063460,6661,2,4
1689063464,1856,2,4
1689063468,1593,2,4
1689063472,499,2,4
1689063476,718,2,4
1689063480,1064,2,4
1689063484,401,2,4
1689063488,2009,2,4
1689063492,1059,2,4
1689063496,385,2,4
1689063500,273,2,4
1689063504,232,2,4
1689063508,240,2,4
1689063512,173,2,4
1689063516,51,2,4
1689063520,34,2,4
1689063524,32,2,4
1689063528,41,2,4
1689063532,38,2,4
1689063536,44,2,4
1689063540,5823,2,4
1689063544,4903,2,4
1689063548,298,2,4
1689063552,408,2,4
1689063556,455,2,4
1689063560,174,2,4
1689063564,465,2,4
1689063568,2270,2,4
1689063572,431,2,4
1689063576,2307,2,4
1689063580,870,2,4
1689063584,986,2,4
1689063588,1516,2,4
1689063592,927,2,4
1689063596,466,2,4
1689063600,340,2,4
1689063604,305,2,4
1689063608,1548,2,4
1689063612,2469,2,4
1689063616,3121,2,4
1689063620,3315,2,4
1689063624,2681,2,4
1689063628,2175,2,4
1689063632,1705,2,4
1689063636,942,2,4
1689063640,2598,2,4
1689063644,764,2,4
1689063648,874,2,4
1689063652,222,2,4
1689063656,515,2,4
1689063660,571,2,4
1689063664,1175,2,4
1689063668,609,2,4
1689063672,662,2,4
1689063676,496,2,4
1689063680,123,2,4
1689063684,1726,2,4
1689063688,2726,2,4
1689063692,9603,2,4
1689063696,2598,2,4
1689063700,5488,2,4
1689063704,8222,2,4
1689063708,4918,2,4
1689063712,4047,2,4
1689063716,1815,2,4
1689063720,1879,2,4
1689063724,2777,2,4
1689063728,463,2,4
1689063732,389,2,4
1689063736,254,2,4
1689063740,196,2,4
1689063744,249,2,4
1689063748,214,2,4
1689063752,154,2,4
1689063756,249,2,4
1689063760,458,2,4
1689063764,389,2,4
1689063768,408,2,4
1689063772,187,2,4
1689063776,57,2,4
1689063780,223,2,4
1689063784,642,2,4
1689063788,4544,2,4
1689063792,819,2,4
1689063796,2027,2,4
1689063800,3142,2,4
1689063804,87,2,4
1689063808,93,2,4
1689063812,53,2,4
1689063816,47,2,4
1689063820,169,2,4
1689063824,51,2,4
1689063828,49,2,4
1689063832,42,2,4
1689063836,141,2,4
1689063840,2808,2,4
1689063844,3221,2,4
1689063848,874,2,4
1689063852,1386,2,4
1689063856,841,2,4
1689063860,749,2,4
1689063864,841,2,4
1689063868,2060,2,4
1689063872,949,2,4
1689063876,2191,2,4
1689063880,669,2,4
1689063884,160,2,4
1689063888,1793,2,4
1689063892,1046,2,4
1689063896,2119,2,4
1689063900,174,2,4
1689063904,484,2,4
1689063908,1859,2,4
1689063912,660,2,4
1689063916,1494,2,4
1689063920,2896,2,4
1689063924,1143,2,4
1689063928,1018,2,4
1689063932,857,2,4
1689063936,515,2,4
1689063940,1477,2,4
1689063944,2177,2,4
1689063948,939,2,4
1689063952,1788,2,4
1689063956,2180,2,4
1689063960,1573,2,4
1689063964,457,2,4
1689063968,668,2,4
1689063972,3790,2,4
1689063976,2007,2,4
1689063980,1558,2,4
1689063984,84,2,4
1689063988,58,2,4
1689063992,2737,2,4
1689063996,1066,2,4
1689064000,1616,2,4
1689064004,1048,2,4
1689064008,717,2,4
1689064012,335,2,4
1689064016,677,2,4
1689064020,106,2,4
1689064024,214,2,4
1689064028,71,2,4
1689064032,313,2,4
1689064036,977,2,4
1689064040,1065,2,4
1689064044,5617,2,4
1689064048,2718,2,4
1689064052,485,2,4
1689064056,2055,2,4
1689064060,298,2,4
1689064064,1373,2,4
1689064068,4138,2,4
1689064072,4972,2,4
1689064076,9295,2,4
1689064080,195,2,4
1689064084,5000,2,4
1689064088,1477,2,4
1689064092,1834,2,4
1689064096,1854,2,4
1689064100,2121,2,4
1689064104,961,2,4
1689064108,2596,2,4
1689064112,9637,2,4
1689064116,2041,2,4
1689064120,1803,2,4
1689064124,2277,2,4
1689064128,1465,2,4
1689064132,1018,2,4
1689064136,8024,2,4
1689064140,2095,2,4
1689064144,1268,2,4
1689064148,3558,2,4
1689064152,1437,2,4
1689064156,2615,2,4
1689064160,1193,2,4
1689064164,839,2,4
1689064168,1249,2,4
1689064172,77,2,4
1689064176,3803,2,4
1689064180,763,2,4
1689064184,292,2,4
1689064188,2157,2,4
1689064192,64,2,4
1689064196,68,2,4
1689064200,56,2,4
1689064204,84,2,4
1689064208,43,2,4
1689064212,156,2,4
1689064216,55,2,4
1689064220,1369,2,4
1689064224,1287,2,4
1689064228,765,2,4
1689064232,2349,2,4
1689064236,554,2,4
1689064240,403,2,4
1689064244,358,2,4
1689064248,3954,2,4
1689064252,1050,2,4
1689064256,5392,2,4
1689064260,4215,2,4
1689064264,105,2,4
1689064268,91,2,4
1689064272,318,2,4
1689064276,413,2,4
1689064280,158,2,4
1689064284,380,2,4
1689064288,84,2,4
1689064292,2538,2,4
1689064296,4713,2,4
1689064300,1185,2,4
1689064304,208,2,4
1689064308,602,2,4
1689064312,461,2,4
1689064316,417,2,4
1689064320,2725,2,4
1689064324,3728,2,4
1689064328,2588,2,4
1689064332,417,2,4
1689064336,132,2,4
1689064340,328,2,4
1689064344,72,2,4
1689064348,3619,2,4
1689064352,8342,2,4
1689064356,2877,2,4
1689064360,435,2,4
1689064364,3045,2,4
1689064368,2656,2,4
1689064372,840,2,4
1689064376,136,2,4
1689064380,814,2,4
1689064384,1273,2,4
1689064388,3409,2,4
1689064392,1538,2,4
1689064396,856,2,4
1689064400,1189,2,4
1689064404,119,2,4
1689064408,96,2,4
1689064412,620,2,4
1689064416,962,2,4
1689064420,56,2,4
1689064424,3423,2,4
1689064428,1096,2,4
1689064432,973,2,4
1689064436,705,2,4
1689064440,54,2,4
1689064444,1834,2,4
1689064448,190,2,4
1689064452,146,2,4
1689064456,69,2,4
1689064460,72,2,4
1689064464,114,2,4
1689064468,2029,2,4
1689064472,695,2,4
1689064476,3142,2,4
1689064480,1600,2,4
1689064484,1001,2,4
1689064488,4493,2,4
1689064492,1263,2,4
1689064496,1008,2,4
1689064500,573,2,4
1689064504,8718,2,4
1689064508,5326,2,4
1689064512,638,2,4
1689064516,697,2,4
1689064520,797,2,4
1689064524,895,2,4
1689064528,2034,2,4
1689064532,625,2,4
1689064536,231,2,4
1689064540,1499,2,4
1689064544,3203,2,4
1689064548,4556,2,4
1689064552,360,2,4
1689064556,326,2,4
1689064560,1839,2,4
1689064564,3371,2,4
1689064568,618,2,4
1689064572,77,2,4
1689064576,2286,2,4
1689064580,1534,2,4
1689064584,645,2,4
1689064588,2227,2,4
1689064592,2078,2,4
1689064596,723,2,4
1689064600,2017,2,4
1689064604,1427,2,4
1689064608,402,2,4
1689064612,161,2,4
1689064616,97,2,4
1689064620,5328,2,4
1689064624,178,2,4
1689064628,111,2,4
1689064632,82,2,4
1689064636,76,2,4
1689064640,59,2,4
1689064644,455,2,4
1689064648,152,2,4
1689064652,64,2,4
1689064656,60,2,4
1689064660,3921,2,4
1689064664,464,2,4
1689064668,618,2,4
1689064672,145,2,4
1689064676,915,2,4
1689064680,130,2,4
1689064684,3977,2,4
1689064688,1816,2,4
1689064692,801,2,4
1689064696,909,2,4
1689064700,228,2,4
1689064704,2230,2,4
1689064708,1446,2,4
1689064712,2735,2,4
1689064716,377,2,4
1689064720,335,2,4
1689064724,227,2,4
1689064728,71,2,4
1689064732,134,2,4
1689064736,212,2,4
1689064740,470,2,4
1689064744,114,2,4
1689064748,108,2,4
1689064752,150,2,4
1689064756,231,2,4
1689064760,432,2,4
1689064764,2210,2,4
1689064768,2069,2,4
1689064772,1150,2,4
1689064776,960,2,4
1689064780,1612,2,4
1689064784,1021,2,4
1689064788,1307,2,4
1689064792,948,2,4
1689064796,312,2,4
1689064800,2902,2,4
1689064804,1701,2,4
1689064808,1169,2,4
1689064812,1876,2,4
1689064816,219,2,4
1689064820,3296,2,4
1689064824,938,2,4
1689064828,742,2,4
1689064832,540,2,4
1689064836,505,2,4
1689064840,549,2,4
1689064844,2269,2,4
1689064848,126,2,4
1689064852,43,2,4
1689064856,45,2,4
1689064860,1780,2,4
1689064864,1802,2,4
1689064868,584,2,4
1689064872,6056,2,4
1689064876,4547,2,4
1689064880,326,2,4
1689064884,121,2,4
1689064888,70,2,4
1689064892,66,2,4
1689064896,57,2,4
1689064900,4679,2,4
1689064904,2096,2,4
1689064908,1463,2,4
1689064912,640,2,4
1689064916,1023,2,4
1689064920,1224,2,4
1689064924,818,2,4
1689064928,3866,2,4
1689064932,1121,2,4
1689064936,1084,2,4
1689064940,953,2,4
1689064944,710,2,4
1689064948,672,2,4
1689064952,507,2,4
1689064956,1403,2,4
1689064960,807,2,4
1689064964,724,2,4
1689064968,1016,2,4
1689064972,594,2,4
1689064976,5941,2,4
1689064980,1582,2,4
1689064984,1540,2,4
1689064988,1469,2,4
1689064992,2649,2,4
1689064996,1188,2,4
1689065000,956,2,4
1689065004,1375,2,4
1689065008,873,2,4
1689065012,136,2,4
1689065016,805,2,4
1689065020,127,2,4
1689065024,1171,2,4
1689065028,534,2,4
1689065032,673,2,4
1689065036,1217,2,4
1689065040,1545,2,4
1689065044,166,2,4
1689065048,2043,2,4
1689065052,790,2,4
1689065056,66,2,4
1689065060,32,2,4
1689065064,31,2,4
1689065068,3441,2,4
1689065072,268,2,4
1689065076,3950,2,4
1689065080,2564,2,4
1689065084,2283,2,4
1689065088,1215,2,4
1689065092,1824,2,4
1689065096,138,2,4
1689065100,359,2,4
1689065104,95,2,4
1689065108,51,2,4
1689065112,54,2,4
1689065116,73,2,4
1689065120,486,2,4
1689065124,1167,2,4
1689065128,5488,2,4
1689065132,2558,2,4
1689065136,1952,2,4
1689065140,2863,2,4
1689065144,1228,2,4
1689065148,150,2,4
1689065152,155,2,4
1689065156,152,2,4
1689065160,1820,2,4
1689065164,2500,2,4
1689065168,913,2,4
1689065172,141,2,4
1689065176,452,2,4
1689065180,75,2,4
1689065184,59,2,4
1689065188,466,2,4
1689065192,856,2,4
1689065196,292,2,4
1689065200,284,2,4
1689065204,424,2,4
1689065208,1462,2,4
1689065212,627,2,4
1689065216,509,2,4
1689065220,4548,2,4
1689065224,1910,2,4
1689065228,700,2,4
1689065232,931,2,4
1689065236,514,2,4
1689065240,973,2,4
1689065244,921,2,4
1689065248,3090,2,4
1689065252,3639,2,4
1689065256,401,2,4
1689065260,514,2,4
1689065264,2480,2,4
1689065268,3338,2,4
1689065272,850,2,4
1689065276,1225,2,4
1689065280,932,2,4
1689065284,502,2,4
1689065288,438,2,4
1689065292,423,2,4
1689065296,65,2,4
1689065300,109,2,4
1689065304,1216,2,4
1689065308,921,2,4
1689065312,2299,2,4
1689065316,548,2,4
1689065320,537,2,4
1689065324,139,2,4
1689065328,445,2,4
1689065332,883,2,4
1689065336,605,2,4
1689065340,224,2,4
1689065344,54,2,4
1689065348,53,2,4
1689065352,230,2,4
1689065356,194,2,4
1689065360,176,2,4
1689065364,48,2,4
1689065368,401,2,4
1689065372,259,2,4
1689065376,861,2,4
1689065380,593,2,4
1689065384,636,2,4
1689065388,834,2,4
1689065392,238,2,4
1689065396,339,2,4
1689065400,76,2,4
1689065404,55,2,4
1689065408,50,2,4
1689065412,56,2,4
1689065416,50,2,4
1689065420,51,2,4
1689065424,577,2,4
1689065428,2192,2,4
1689065432,2799,2,4
1689065436,2716,2,4
1689065440,851,2,4
1689065444,412,2,4
1689065448,979,2,4
1689065452,649,2,4
1689065456,990,2,4
1689065460,552,2,4
1689065464,288,2,4
1689065468,114,2,4
1689065472,154,2,4
1689065476,193,2,4
1689065480,210,2,4
1689065484,183,2,4
1689065488,1636,2,4
1689065492,3613,2,4
1689065496,1091,2,4
1689065500,813,2,4
1689065504,98,2,4
1689065508,60,2,4
1689065512,3674,2,4
1689065516,2448,2,4
1689065520,56,2,4
1689065524,118,2,4
1689065528,2137,2,4
1689065532,2248,2,4
1689065536,936,2,4
1689065540,510,2,4
1689065544,2264,2,4
1689065548,5106,2,4
1689065552,9711,2,4
1689065556,4722,2,4
1689065560,8275,2,4
1689065564,5769,2,4
1689065568,533,2,4
1689065572,56,2,4
1689065576,4084,2,4
1689065580,3064,2,4
1689065584,2583,2,4
1689065588,379,2,4
1689065592,96,2,4
1689065596,125,2,4
1689065600,1632,2,4
1689065604,2233,2,4
1689065608,1982,2,4
1689065612,1075,2,4
1689065616,632,2,4
1689065620,1079,2,4
1689065624,831,2,4
1689065628,2630,2,4
1689065632,1268,2,4
1689065636,1366,2,4
1689065640,739,2,4
1689065644,362,2,4
1689065648,2158,2,4
1689065652,1954,2,4
1689065656,6337,2,4
1689065660,7285,2,4
1689065664,6093,2,4
1689065668,8159,2,4
1689065672,17129,2,4
1689065676,9544,2,4
1689065680,4692,2,4
1689065684,2564,2,4
1689065688,6268,2,4
1689065692,3591,2,4
1689065696,189,2,4
1689065700,114,2,4
1689065704,138,2,4
1689065708,143,2,4
1689065712,132,2,4
1689065716,1714,2,4
1689065720,2385,2,4
1689065724,2322,2,4
1689065728,6070,2,4
1689065732,7256,2,4
1689065736,2499,2,4
1689065740,2478,2,4
1689065744,7639,2,4
1689065748,5394,2,4
1689065752,6361,2,4
1689065756,9519,2,4
1689065760,3792,2,4
1689065764,9856,2,4
1689065768,6857,2,4
1689065772,4172,2,4
1689065776,7478,2,4
1689065780,7325,2,4
1689065784,5034,2,4
1689065788,3287,2,4
1689065792,173,2,4
1689065796,3886,2,4
1689065800,5292,2,4
1689065804,155,2,4
1689065808,4066,2,4
1689065812,7861,2,4
1689065816,629,2,4
1689065820,486,2,4
1689065824,5719,2,4
1689065828,9664,2,4
1689065832,5529,2,4
1689065836,1179,2,4
1689065840,1269,2,4
1689065844,577,2,4
1689065848,5718,2,4
1689065852,9937,2,4
1689065856,6770,2,4
1689065860,7027,2,4
1689065864,5682,2,4
1689065868,8153,2,4
1689065872,6482,2,4
1689065876,12572,2,4
1689065880,6106,2,4
1689065884,2703,2,4
1689065888,817,2,4
1689065892,376,2,4
1689065896,574,2,4
1689065900,3665,2,4
1689065904,1026,2,4
1689065908,3539,2,4
1689065912,1091,2,4
1689065916,222,2,4
1689065920,112,2,4
1689065924,161,2,4
1689065928,385,2,4
1689065932,217,2,4
1689065936,528,2,4
1689065940,712,2,4
1689065944,1591,2,4
1689065948,1015,2,4
1689065952,404,2,4
1689065956,174,2,4
1689065960,326,2,4
1689065964,70,2,4
1689065968,200,2,4
1689065972,541,2,4
1689065976,246,2,4
1689065980,173,2,4
1689065984,82,2,4
1689065988,74,2,4
1689065992,90,2,4
1689065996,1377,2,4
1689066000,337,2,4
1689066004,394,2,4
1689066008,491,2,4
1689066012,3702,2,4
1689066016,3398,2,4
1689066020,1834,2,4
1689066024,1087,2,4
1689066028,2945,2,4
1689066032,1263,2,4
1689066036,320,2,4
1689066040,222,2,4
1689066044,196,2,4
1689066048,178,2,4
1689066052,1104,2,4
1689066056,819,2,4
1689066060,246,2,4
1689066064,85,2,4
1689066068,1294,2,4
1689066072,171,2,4
1689066076,3839,2,4
1689066080,2004,2,4
1689066084,2255,2,4
1689066088,679,2,4
1689066092,526,2,4
1689066096,2013,2,4
1689066100,3362,2,4
1689066104,1177,2,4
1689066108,1376,2,4
1689066112,1721,2,4
1689066116,1265,2,4
1689066120,1980,2,4
1689066124,1469,2,4
1689066128,53,2,4
1689066132,41,2,4
1689066136,39,2,4
1689066140,47,2,4
1689066144,70,2,4
1689066148,63,2,4
1689066152,48,2,4
1689066156,43,2,4
1689066160,348,2,4
1689066164,609,2,4
1689066168,132,2,4
1689066172,113,2,4
1689066176,64,2,4
1689066180,74,2,4
1689066184,85,2,4
1689066188,84,2,4
1689066192,75,2,4
1689066196,68,2,4
1689066200,75,2,4
1689066204,54,2,4
1689066208,127,2,4
1689066212,36,2,4
1689066216,37,2,4
1689066220,33,2,4
1689066224,37,2,4
1689066228,727,2,4
1689066232,6573,2,4
1689066236,51,2,4
1689066240,2687,2,4
1689066244,3028,2,4
1689066248,791,2,4
1689066252,282,2,4
1689066256,467,2,4
1689066260,208,2,4
1689066264,251,2,4
1689066268,672,2,4
1689066272,508,2,4
1689066276,564,2,4
1689066280,950,2,4
1689066284,1215,2,4
1689066288,775,2,4
1689066292,791,2,4
1689066296,504,2,4
1689066300,670,2,4
1689066304,859,2,4
1689066308,665,2,4
1689066312,584,2,4
1689066316,562,2,4
1689066320,4983,2,4
1689066324,1183,2,4
1689066328,519,2,4
1689066332,1168,2,4
1689066336,1598,2,4
1689066340,1276,2,4
1689066344,563,2,4
1689066348,406,2,4
1689066352,1991,2,4
1689066356,5560,2,4
1689066360,3538,2,4
1689066364,2345,2,4
1689066368,1897,2,4
1689066372,89,2,4
1689066376,69,2,4
1689066380,1163,2,4
1689066384,197,2,4
1689066388,79,2,4
1689066392,1306,2,4
1689066396,9647,2,4
1689066400,418,2,4
1689066404,253,2,4
1689066408,890,2,4
1689066412,583,2,4
1689066416,1491,2,4
1689066420,2237,2,4
1689066424,129,2,4
1689066428,2888,2,4
1689066432,705,2,4
1689066436,6298,2,4
1689066440,1411,2,4
1689066444,1304,2,4
1689066448,112,2,4
1689066452,1517,2,4
1689066456,5903,2,4
1689066460,1759,2,4
1689066464,1763,2,4
1689066468,4114,2,4
1689066472,521,2,4
1689066476,465,2,4
1689066480,1134,2,4
1689066484,558,2,4
1689066488,1330,2,4
1689066492,1766,2,4
1689066496,392,2,4
1689066500,1406,2,4
1689066504,1329,2,4
1689066508,3647,2,4
1689066512,2489,2,4
1689066516,4423,2,4
1689066520,2071,2,4
1689066524,1964,2,4
1689066528,2037,2,4
1689066532,3272,2,4
1689066536,2230,2,4
1689066540,1483,2,4
1689066544,1740,2,4
1689066548,2133,2,4
1689066552,507,2,4
1689066556,239,2,4
1689066560,2578,2,4
1689066564,1573,2,4
1689066568,94,2,4
1689066572,53,2,4
1689066576,57,2,4
1689066580,103,2,4
1689066584,103,2,4
1689066588,69,2,4
1689066592,56,2,4
1689066596,38,2,4
1689066600,50,2,4
1689066604,44,2,4
1689066608,355,2,4
1689066612,7311,2,4
1689066616,6947,2,4
1689066620,170,2,4
1689066624,766,2,4
1689066628,8163,2,4
1689066632,5176,2,4
1689066636,7281,2,4
1689066640,6678,2,4
1689066644,3931,2,4
1689066648,7311,2,4
1689066652,4157,2,4
1689066656,3017,2,4
1689066660,3400,2,4
1689066664,1268,2,4
1689066668,1359,2,4
1689066672,7027,2,4
1689066676,8193,2,4
1689066680,6801,2,4
1689066684,8884,2,4
1689066688,9434,2,4
1689066692,8289,2,4
1689066696,7579,2,4
1689066700,4934,2,4
1689066704,7177,2,4
1689066708,10549,2,4
1689066712,7761,2,4
1689066716,5783,2,4
1689066720,1629,2,4
1689066724,1677,2,4
1689066728,1244,2,4
1689066734,5829,2,4
1689066738,2412,2,4
1689066742,689,2,4
1689066746,3338,2,4
1689066750,1429,2,4
1689066754,598,2,4
1689066758,7438,2,4
1689066762,1967,2,4
1689066766,3298,2,4
1689066770,1878,2,4
1689066774,3612,2,4
1689066778,6525,2,4
1689066782,1075,2,4
1689066786,1666,2,4
1689066790,761,2,4
1689066794,688,2,4
1689066798,3922,2,4
1689066802,6294,2,4
1689066806,3702,2,4
1689066810,11895,2,4
1689066814,3348,2,4
1689066818,9945,2,4
1689066822,5558,2,4
1689066826,7776,2,4
1689066830,8119,2,4
1689066834,6431,2,4
1689066838,10176,2,4
1689066842,7122,2,4
1689066846,7076,2,4
1689066850,3773,2,4
1689066854,9282,2,4
1689066858,8329,2,4
1689066862,12521,2,4
1689066866,3781,2,4
1689066870,8215,2,4
1689066874,797,2,4
1689066878,3261,2,4
1689066882,3963,2,4
1689066886,4424,2,4
1689066890,4325,2,4
1689066894,1948,2,4
1689066898,139,2,4
1689066902,450,2,4
1689066906,1497,2,4
1689066910,1016,2,4
1689066914,553,2,4
1689066918,669,2,4
1689066922,59,2,4
1689066926,92,2,4
1689066930,327,2,4
1689066934,2486,2,4
1689066938,863,2,4
1689066942,1100,2,4
1689066946,2522,2,4
1689066950,1662,2,4
1689066954,1912,2,4
1689066958,126,2,4
1689066962,109,2,4
1689066966,576,2,4
1689066970,57,2,4
1689066974,440,2,4
1689066978,130,2,4
1689066982,79,2,4
1689066986,110,2,4
1689066990,70,2,4
1689066994,80,2,4
1689066998,76,2,4
1689067002,157,2,4
1689067006,298,2,4
1689067010,177,2,4
1689067014,475,2,4
1689067018,645,2,4
1689067022,141,2,4
1689067026,82,2,4
1689067030,2700,2,4
1689067034,1327,2,4
1689067038,3529,2,4
1689067042,111,2,4
1689067046,95,2,4
1689067050,88,2,4
1689067054,229,2,4
1689067058,130,2,4
1689067062,99,2,4
1689067066,1346,2,4
1689067070,3207,2,4
1689067074,83,2,4
1689067078,89,2,4
1689067082,1147,2,4
1689067086,4395,2,4
1689067090,5248,2,4
1689067094,1719,2,4
1689067098,133,2,4
1689067102,1351,2,4
1689067106,567,2,4
1689067110,704,2,4
1689067114,110,2,4
1689067118,91,2,4
1689067122,76,2,4
1689067126,71,2,4
1689067130,72,2,4
1689067134,1081,2,4
1689067138,825,2,4
1689067142,242,2,4
1689067146,132,2,4
1689067150,92,2,4
1689067154,104,2,4
1689067158,113,2,4
1689067162,167,2,4
1689067166,146,2,4
1689067170,1811,2,4
1689067174,2998,2,4
1689067178,4336,2,4
1689067182,7835,2,4
1689067186,296,2,4
1689067190,240,2,4
1689067194,1451,2,4
1689067198,338,2,4
1689067202,2459,2,4
1689067206,2287,2,4
1689067210,581,2,4
1689067214,1459,2,4
1689067218,1379,2,4
1689067222,4322,2,4
1689067226,3177,2,4
1689067230,4690,2,4
1689067234,543,2,4
1689067238,298,2,4
1689067242,5364,2,4
1689067246,747,2,4
1689067250,754,2,4
1689067254,3286,2,4
1689067258,208,2,4
1689067262,94,2,4
1689067266,66,2,4
1689067270,2474,2,4
1689067274,157,2,4
1689067278,1782,2,4
1689067282,2911,2,4
1689067286,3250,2,4
1689067290,1424,2,4
1689067294,224,2,4
1689067298,60,2,4
1689067302,88,2,4
1689067306,73,2,4
1689067310,145,2,4
1689067314,250,2,4
1689067318,105,2,4
1689067322,100,2,4
1689067326,556,2,4
1689067330,187,2,4
1689067334,480,2,4
1689067338,375,2,4
1689067342,1490,2,4
1689067346,2239,2,4
1689067350,1285,2,4
1689067354,99,2,4
1689067358,56,2,4
1689067362,58,2,4
1689067366,233,2,4
1689067370,101,2,4
1689067374,49,2,4
1689067378,65,2,4
1689067382,51,2,4
1689067386,34,2,4
1689067390,49,2,4
1689067394,61,2,4
1689067398,375,2,4
1689067402,347,2,4
1689067406,91,2,4
1689067410,356,2,4
1689067414,57,2,4
1689067418,276,2,4
1689067422,171,2,4
1689067426,148,2,4
1689067430,95,2,4
1689067434,373,2,4
1689067438,141,2,4
1689067442,8196,2,4
1689067446,7086,2,4
1689067450,2788,2,4
1689067454,1319,2,4
1689067458,5964,2,4
1689067462,9722,2,4
1689067466,8886,2,4
1689067470,8902,2,4
1689067474,7670,2,4
1689067478,7335,2,4
1689067482,6974,2,4
1689067486,8662,2,4
1689067490,9088,2,4
1689067494,7018,2,4
1689067498,4337,2,4
1689067502,6726,2,4
1689067506,3447,2,4
1689067510,3974,2,4
1689067514,784,2,4
1689067518,267,2,4
1689067522,2924,2,4
1689067526,9139,2,4
1689067530,7347,2,4
1689067534,6245,2,4
1689067538,12919,2,4
1689067542,2138,2,4
1689067546,9123,2,4
1689067550,5401,2,4
1689067554,1957,2,4
1689067558,4294,2,4
1689067562,4945,2,4
1689067566,10006,2,4
1689067570,5533,2,4
1689067574,9420,2,4
1689067578,10148,2,4
1689067582,14256,2,4
1689067586,9595,2,4
1689067590,9770,2,4
1689067594,565,2,4
1689067598,746,2,4
1689067602,625,2,4
1689067606,5736,2,4
1689067610,3023,2,4
1689067614,316,2,4
1689067618,5487,2,4
1689067622,6508,2,4
1689067626,2835,2,4
1689067630,3090,2,4
1689067634,3975,2,4
1689067638,4832,2,4
1689067642,5058,2,4
1689067646,8663,2,4
1689067650,8270,2,4
1689067654,3455,2,4
1689067658,4173,2,4
1689067662,3074,2,4
1689067666,7314,2,4
1689067670,6805,2,4
1689067674,9027,2,4
1689067678,6695,2,4
1689067682,6639,2,4
1689067686,8641,2,4
1689067690,6302,2,4
1689067694,6861,2,4
1689067698,4219,2,4
1689067702,6357,2,4
1689067706,4404,2,4
1689067710,8279,2,4
1689067714,8653,2,4
1689067718,8413,2,4
1689067722,8427,2,4
1689067726,9633,2,4
1689067730,9269,2,4
1689067734,6553,2,4
1689067738,4191,2,4
1689067742,1337,2,4
1689067746,333,2,4
1689067750,2767,2,4
1689067754,6447,2,4
1689067758,3087,2,4
1689067762,4267,2,4
1689067766,6503,2,4
1689067770,8759,2,4
1689067774,6521,2,4
1689067778,7163,2,4
1689067782,5773,2,4
1689067786,1971,2,4
1689067790,1667,2,4
1689067794,6560,2,4
1689067798,8299,2,4
1689067802,5442,2,4
1689067806,8435,2,4
1689067810,5491,2,4
1689067814,2491,2,4
1689067818,2434,2,4
1689067822,2389,2,4
1689067826,2104,2,4
1689067830,3822,2,4
1689067834,4102,2,4
1689067838,6683,2,4
1689067842,9679,2,4
1689067846,6436,2,4
1689067850,6550,2,4
1689067854,4151,2,4
1689067858,7797,2,4
1689067862,7982,2,4
1689067866,11221,2,4
1689067870,5611,2,4
1689067874,4967,2,4
1689067878,7216,2,4
1689067882,6856,2,4
1689067886,7725,2,4
1689067890,8102,2,4
1689067894,8904,2,4
1689067898,8500,2,4
1689067902,8792,2,4
1689067906,4608,2,4
1689067910,7193,2,4
1689067914,8363,2,4
1689067918,6915,2,4
1689067922,10517,2,4
1689067926,4257,2,4
1689067930,3128,2,4
1689067934,3489,2,4
1689067938,7648,2,4
1689067942,12259,2,4
1689067946,6711,2,4
1689067950,4162,2,4
1689067954,8930,2,4
1689067958,7736,2,4
1689067962,4908,2,4
1689067966,4269,2,4
1689067970,5312,2,4
1689067974,5383,2,4
1689067978,6014,2,4
1689067982,6142,2,4
1689067986,5285,2,4
1689067990,4942,2,4
1689067994,7001,2,4
1689067998,10371,2,4
1689068002,8704,2,4
1689068006,3032,2,4
1689068010,10092,2,4
1689068014,5551,2,4
1689068018,6225,2,4
1689068022,9502,2,4
1689068026,3238,2,4
1689068030,5459,2,4
1689068034,4549,2,4
1689068038,11998,2,4
1689068042,8840,2,4
1689068046,12555,2,4
1689068050,7480,2,4
1689068054,19473,2,4
1689068058,13186,2,4
1689068062,1441,2,4
1689068066,3993,2,4
1689068070,3798,2,4
1689068074,3892,2,4
1689068078,4705,2,4
1689068082,4098,2,4
1689068086,7283,2,4
1689068090,3946,2,4
1689068094,8703,2,4
1689068098,8218,2,4
1689068102,4428,2,4
1689068106,4783,2,4
1689068110,5242,2,4
1689068114,11491,2,4
1689068118,6655,2,4
1689068122,7968,2,4
1689068126,9230,2,4
1689068130,8481,2,4
1689068134,4021,2,4
1689068138,350,2,4
1689068142,2933,2,4
1689068146,2958,2,4
1689068150,6932,2,4
1689068154,7793,2,4
1689068158,7022,2,4
1689068162,9939,2,4
1689068166,7231,2,4
1689068170,6072,2,4
1689068174,6996,2,4
1689068178,4003,2,4
1689068182,5351,2,4
1689068186,3438,2,4
1689068190,6012,2,4
1689068194,3796,2,4
1689068198,8239,2,4
1689068202,5051,2,4
1689068206,4476,2,4
1689068210,7020,2,4
1689068214,6546,2,4
1689068218,9778,2,4
1689068222,5274,2,4
1689068226,5819,2,4
1689068230,4177,2,4
1689068234,2901,2,4
1689068238,4825,2,4
1689068242,4644,2,4
1689068246,7331,2,4
1689068250,7166,2,4
1689068254,5827,2,4
1689068258,4437,2,4
1689068262,3805,2,4
1689068266,151,2,4
1689068270,691,2,4
1689068274,5603,2,4
1689068278,3175,2,4
1689068282,2121,2,4
1689068286,2525,2,4
1689068290,2169,2,4
1689068294,2320,2,4
1689068298,178,2,4
1689068302,2632,2,4
1689068306,1644,2,4
1689068310,3942,2,4
1689068314,163,2,4
1689068318,1806,2,4
1689068322,168,2,4
1689068326,399,2,4
1689068330,1109,2,4
1689068334,1904,2,4
1689068338,730,2,4
1689068342,4433,2,4
1689068346,1842,2,4
1689068350,2463,2,4
1689068354,163,2,4
1689068358,3243,2,4
1689068362,2433,2,4
1689068366,1008,2,4
1689068370,724,2,4
1689068374,2872,2,4
1689068378,3771,2,4
1689068382,141,2,4
1689068386,190,2,4
1689068390,6395,2,4
1689068394,211,2,4
1689068398,140,2,4
1689068402,160,2,4
1689068406,162,2,4
1689068410,2285,2,4
1689068414,984,2,4
1689068418,1179,2,4
1689068422,231,2,4
1689068426,2334,2,4
1689068430,2073,2,4
1689068434,4995,2,4
1689068438,2251,2,4
1689068442,2872,2,4
1689068446,280,2,4
1689068450,2531,2,4
1689068454,3784,2,4
1689068458,5666,2,4
1689068462,9555,2,4
1689068466,9108,2,4
1689068470,7611,2,4
1689068474,8793,2,4
1689068478,9121,2,4
1689068482,3476,2,4
1689068486,6931,2,4
1689068490,9724,2,4
1689068494,5217,2,4
1689068498,3077,2,4
1689068502,5175,2,4
1689068506,3970,2,4
1689068510,5556,2,4
1689068514,6268,2,4
1689068518,4027,2,4
1689068522,5270,2,4
1689068526,3993,2,4
1689068530,8992,2,4
1689068534,7355,2,4
1689068538,7911,2,4
1689068542,5646,2,4
1689068546,6450,2,4
1689068550,7301,2,4
1689068554,5980,2,4
1689068558,7070,2,4
1689068562,4850,2,4
1689068566,4031,2,4
1689068570,4276,2,4
1689068574,8022,2,4
1689068578,6562,2,4
1689068582,3613,2,4
1689068586,955,2,4
1689068590,353,2,4
1689068594,906,2,4
1689068598,2944,2,4
1689068602,2489,2,4
1689068606,2931,2,4
1689068610,524,2,4
1689068614,778,2,4
1689068618,233,2,4
1689068622,338,2,4
1689068626,184,2,4
1689068630,665,2,4
1689068634,475,2,4
1689068638,150,2,4
1689068642,147,2,4
1689068646,816,2,4
1689068650,1629,2,4
1689068654,3768,2,4
1689068658,536,2,4
1689068662,3455,2,4
1689068666,6239,2,4
1689068670,2934,2,4
1689068674,5794,2,4
1689068678,1568,2,4
1689068682,8145,2,4
1689068686,4819,2,4
1689068690,830,2,4
1689068694,1486,2,4
1689068698,1976,2,4
1689068702,2061,2,4
1689068706,1945,2,4
1689068710,1112,2,4
1689068714,3438,2,4
1689068718,1465,2,4
1689068722,3341,2,4
1689068726,1274,2,4
1689068730,2067,2,4
1689068734,2789,2,4
1689068738,1196,2,4
1689068742,2095,2,4
1689068746,2589,2,4
1689068750,2402,2,4
1689068754,2437,2,4
1689068758,5125,2,4
1689068762,1790,2,4
1689068766,2703,2,4
1689068770,2290,2,4
1689068774,2910,2,4
1689068778,2827,2,4
1689068782,473,2,4
1689068786,3172,2,4
1689068790,1701,2,4
1689068794,1195,2,4
1689068798,2878,2,4
1689068802,3263,2,4
1689068806,2055,2,4
1689068810,99,2,4
1689068814,58,2,4
1689068818,119,2,4
1689068822,1386,2,4
1689068826,2302,2,4
1689068830,3114,2,4
1689068834,4918,2,4
1689068838,1033,2,4
1689068842,3773,2,4
1689068846,5761,2,4
1689068850,4918,2,4
1689068854,2217,2,4
1689068858,891,2,4
1689068862,1752,2,4
1689068866,1900,2,4
1689068870,3110,2,4
1689068874,418,2,4
1689068878,380,2,4
1689068882,142,2,4
1689068886,99,2,4
1689068890,102,2,4
1689068894,198,2,4
1689068898,143,2,4
1689068902,158,2,4
1689068906,336,2,4
1689068910,4913,2,4
1689068914,4506,2,4
1689068918,7214,2,4
1689068922,6572,2,4
1689068926,5136,2,4
1689068930,8482,2,4
1689068934,10736,2,4
1689068938,8368,2,4
1689068942,7880,2,4
1689068946,9978,2,4
1689068950,6065,2,4
1689068954,4343,2,4
1689068958,6724,2,4
1689068962,6219,2,4
1689068966,4058,2,4
1689068970,6504,2,4
1689068974,4648,2,4
1689068978,4326,2,4
1689068982,3738,2,4
1689068986,6236,2,4
1689068990,5311,2,4
1689068994,784,2,4
1689068998,8558,2,4
1689069002,4418,2,4
1689069006,6554,2,4
1689069010,5641,2,4
1689069014,7452,2,4
1689069018,8788,2,4
1689069022,16799,2,4
1689069026,11034,2,4
1689069030,12546,2,4
1689069034,3591,2,4
1689069038,9354,2,4
1689069042,1282,2,4
1689069046,204,2,4
1689069050,102,2,4
1689069054,350,2,4
1689069058,1220,2,4
1689069062,2318,2,4
1689069066,3188,2,4
1689069070,6102,2,4
1689069074,3531,2,4
1689069078,2966,2,4
1689069082,1844,2,4
1689069086,3138,2,4
1689069090,5652,2,4
1689069094,3862,2,4
1689069098,5680,2,4
1689069102,6960,2,4
1689069106,8897,2,4
1689069110,3890,2,4
1689069114,4547,2,4
1689069118,7173,2,4
1689069122,6413,2,4
1689069126,7653,2,4
1689069130,7962,2,4
1689069134,7125,2,4
1689069138,8744,2,4
1689069142,9428,2,4
1689069146,6398,2,4
1689069150,5149,2,4
1689069154,1645,2,4
1689069158,1481,2,4
1689069162,901,2,4
1689069166,1962,2,4
1689069170,5400,2,4
1689069174,12118,2,4
1689069178,8504,2,4
1689069182,2795,2,4
1689069186,5188,2,4
1689069190,10164,2,4
1689069194,511,2,4
1689069198,202,2,4
1689069202,202,2,4
1689069206,281,2,4
1689069210,457,2,4
1689069214,277,2,4
1689069218,325,2,4
1689069222,2601,2,4
1689069226,323,2,4
1689069230,1295,2,4
1689069234,5152,2,4
1689069238,7691,2,4
1689069242,7582,2,4
1689069246,3263,2,4
1689069250,9018,2,4
1689069254,11472,2,4
1689069258,8351,2,4
1689069262,8595,2,4
1689069266,449,2,4
1689069270,2594,2,4
1689069274,4987,2,4
1689069278,6887,2,4
1689069282,8339,2,4
1689069286,5526,2,4
1689069290,6935,2,4
1689069294,12708,2,4
1689069298,8686,2,4
1689069302,10522,2,4
1689069306,6247,2,4
1689069310,11809,2,4
1689069314,13217,2,4
1689069318,12846,2,4
1689069322,11359,2,4
1689069326,17476,2,4
1689069330,15854,2,4
1689069334,10525,2,4
1689069338,7414,2,4
1689069342,6340,2,4
1689069346,2537,2,4
1689069350,2387,2,4
1689069354,498,2,4
1689069358,99,2,4
1689069362,105,2,4
1689069366,131,2,4
1689069370,682,2,4
1689069374,227,2,4
1689069378,2359,2,4
1689069382,1037,2,4
1689069386,824,2,4
1689069390,1583,2,4
1689069394,1681,2,4
1689069398,305,2,4
1689069402,252,2,4
1689069406,99,2,4
1689069410,253,2,4
1689069414,68,2,4
1689069418,458,2,4
1689069422,109,2,4
1689069426,225,2,4
1689069430,3976,2,4
1689069434,2311,2,4
1689069438,384,2,4
1689069442,73,2,4
1689069446,52,2,4
1689069450,49,2,4
1689069454,47,2,4
1689069458,722,2,4
1689069462,163,2,4
1689069466,62,2,4
1689069470,55,2,4
1689069474,105,2,4
1689069478,64,2,4
1689069482,51,2,4
1689069486,59,2,4
1689069490,54,2,4
1689069494,52,2,4
1689069498,62,2,4
1689069502,47,2,4
1689069506,53,2,4
1689069510,510,2,4
1689069514,6215,2,4
1689069518,5564,2,4
1689069522,1350,2,4
1689069526,1004,2,4
1689069530,6201,2,4
1689069534,5393,2,4
1689069538,3038,2,4
1689069542,576,2,4
1689069546,284,2,4
1689069550,1222,2,4
1689069554,176,2,4
1689069558,139,2,4
1689069562,120,2,4
1689069566,162,2,4
1689069570,3758,2,4
1689069574,664,2,4
1689069582,816,2,4
1689069586,543,2,4
1689069590,777,2,4
1689069596,518,2,4
1689069600,684,2,4
1689069604,331,2,4
1689069608,272,2,4
1689069612,367,2,4
1689069616,462,2,4
1689069620,3431,2,4
1689069624,413,2,4
1689069628,171,2,4
1689069632,230,2,4
1689069636,2003,2,4
1689069640,3441,2,4
1689069644,2215,2,4
1689069648,2881,2,4
1689069652,2750,2,4
1689069656,7187,2,4
1689069660,3540,2,4
1689069664,4956,2,4
1689069669,2367,2,4
1689069673,702,2,4
1689069677,309,2,4
1689069681,3444,2,4
1689069685,9980,2,4
1689069689,3745,2,4
1689069693,486,2,4
1689069697,302,2,4
1689069701,153,2,4
1689069705,8223,2,4
1689069709,1916,2,4
1689069713,67,2,4
1689069717,53,2,4
1689069721,247,2,4
1689069725,80,2,4
1689069729,100,2,4
1689069733,102,2,4
1689069737,62,2,4
1689069741,68,2,4
1689069745,71,2,4
1689069749,1061,2,4
1689069753,2338,2,4
1689069757,1175,2,4
1689069761,218,2,4
1689069765,162,2,4
1689069769,408,2,4
1689069773,578,2,4
1689069777,2367,2,4
1689069781,299,2,4
1689069785,3695,2,4
1689069789,368,2,4
1689069793,2946,2,4
1689069797,630,2,4
1689069801,283,2,4
1689069805,132,2,4
1689069809,105,2,4
1689069813,129,2,4
1689069817,192,2,4
1689069821,432,2,4
1689069825,271,2,4
1689069829,550,2,4
1689069833,564,2,4
1689069837,1308,2,4
1689069841,730,2,4
1689069845,1800,2,4
1689069849,203,2,4
1689069853,86,2,4
1689069857,52,2,4
1689069861,62,2,4
1689069865,65,2,4
1689069869,52,2,4
1689069873,62,2,4
1689069877,53,2,4
1689069881,45,2,4
1689069885,45,2,4
1689069889,528,2,4
1689069893,474,2,4
1689069897,1128,2,4
1689069901,930,2,4
1689069905,1842,2,4
1689069909,1896,2,4
1689069913,1479,2,4
1689069917,1956,2,4
1689069921,3460,2,4
1689069925,2117,2,4
1689069929,900,2,4
1689069933,806,2,4
1689069937,387,2,4
1689069941,362,2,4
1689069945,464,2,4
1689069949,320,2,4
1689069953,593,2,4
1689069957,3273,2,4
1689069961,2242,2,4
1689069965,1670,2,4
1689069969,581,2,4
1689069973,227,2,4
1689069977,1609,2,4
1689069981,320,2,4
1689069985,523,2,4
1689069989,289,2,4
1689069993,3264,2,4
1689069997,796,2,4
1689070001,3005,2,4
1689070005,452,2,4
1689070009,183,2,4
1689070013,144,2,4
1689070017,335,2,4
1689070021,743,2,4
1689070025,883,2,4
1689070029,493,2,4
1689070033,576,2,4
1689070037,388,2,4
1689070041,4076,2,4
1689070045,1924,2,4
1689070049,5130,2,4
1689070053,352,2,4
1689070057,133,2,4
1689070061,184,2,4
1689070065,305,2,4
1689070069,589,2,4
1689070073,196,2,4
1689070077,495,2,4
1689070081,2312,2,4
1689070085,6186,2,4
1689070089,1914,2,4
1689070093,839,2,4
1689070097,1165,2,4
1689070101,279,2,4
1689070105,571,2,4
1689070109,677,2,4
1689070113,402,2,4
1689070117,717,2,4
1689070121,684,2,4
1689070125,2819,2,4
1689070129,113,2,4
1689070133,357,2,4
1689070137,1047,2,4
1689070141,352,2,4
1689070145,142,2,4
1689070149,1041,2,4
1689070153,3710,2,4
1689070157,5625,2,4
1689070161,1476,2,4
1689070165,113,2,4
1689070169,532,2,4
1689070173,106,2,4
1689070177,157,2,4
1689070181,877,2,4
1689070185,1442,2,4
1689070189,175,2,4
1689070193,117,2,4
1689070197,70,2,4
1689070201,181,2,4
1689070205,600,2,4
1689070209,404,2,4
1689070213,238,2,4
1689070217,75,2,4
1689070221,310,2,4
1689070225,319,2,4
1689070229,245,2,4
1689070233,258,2,4
1689070237,2876,2,4
1689070241,1712,2,4
1689070245,651,2,4
1689070249,739,2,4
1689070253,713,2,4
1689070257,1778,2,4
1689070261,1243,2,4
1689070265,366,2,4
1689070269,459,2,4
1689070273,2489,2,4
1689070277,1032,2,4
1689070281,786,2,4
1689070285,474,2,4
1689070289,356,2,4
1689070293,658,2,4
1689070297,1805,2,4
1689070301,1801,2,4
1689070305,1638,2,4
1689070309,1760,2,4
1689070313,442,2,4
1689070317,206,2,4
1689070321,344,2,4
1689070325,431,2,4
1689070329,640,2,4
1689070333,389,2,4
1689070337,58,2,4
1689070341,52,2,4
1689070345,153,2,4
1689070349,136,2,4
1689070353,77,2,4
1689070357,113,2,4
1689070361,129,2,4
1689070365,245,2,4
1689070369,41,2,4
1689070373,40,2,4
1689070377,32,2,4
1689070381,115,2,4
1689070385,709,2,4
1689070389,265,2,4
1689070393,253,2,4
1689070397,172,2,4
1689070401,329,2,4
1689070405,135,2,4
1689070409,54,2,4
1689070413,74,2,4
1689070417,231,2,4
1689070421,54,2,4
1689070425,46,2,4
1689070429,37,2,4
1689070433,40,2,4
1689070437,76,2,4
1689070441,135,2,4
1689070445,104,2,4
1689070449,68,2,4
1689070453,191,2,4
1689070457,117,2,4
1689070461,544,2,4
1689070465,84,2,4
1689070469,89,2,4
1689070473,490,2,4
1689070477,99,2,4
1689070481,50,2,4
1689070485,97,2,4
1689070489,75,2,4
1689070493,75,2,4
1689070497,160,2,4
1689070501,117,2,4
1689070505,159,2,4
1689070509,553,2,4
1689070513,432,2,4
1689070517,312,2,4
1689070521,2761,2,4
1689070525,1313,2,4
1689070529,677,2,4
1689070533,488,2,4
1689070537,1913,2,4
1689070541,386,2,4
1689070545,296,2,4
1689070549,608,2,4
1689070553,6613,2,4
1689070557,3289,2,4
1689070561,1637,2,4
1689070565,425,2,4
1689070569,232,2,4
1689070573,168,2,4
1689070577,5703,2,4
1689070581,2549,2,4
1689070585,1323,2,4
1689070589,4444,2,4
1689070593,5489,2,4
1689070597,4868,2,4
1689070601,4337,2,4
1689070605,1541,2,4
1689070609,1855,2,4
1689070613,1529,2,4
1689070617,2611,2,4
1689070621,4325,2,4
1689070625,4822,2,4
1689070629,59,2,4
1689070633,36,2,4
1689070637,17,2,4
1689070641,14,2,4
1689070828,2934,2,4
1689070832,3875,2,4
1689070836,5862,2,4
1689070840,9514,2,4
1689070844,6324,2,4
1689070848,7436,2,4
1689070852,9277,2,4
1689070856,3230,2,4
1689070860,4175,2,4
1689070864,3248,2,4
1689075085,9537,2,4
1689075089,2632,2,4
1689075093,4342,2,4
1689075097,2856,2,4
1689075101,4210,2,4
1689075105,4908,2,4
1689075109,6209,2,4
1689075113,2638,2,4
1689075117,2576,2,4
1689075121,646,2,4
1689075125,215,2,4
1689075129,1075,2,4
1689075133,4533,2,4
1689075137,3953,2,4
1689075141,5373,2,4
1689075145,2910,2,4
1689075149,5019,2,4
1689075153,1938,2,4
1689075157,7708,2,4
1689075161,3308,2,4
1689075165,3387,2,4
1689075169,267,2,4
1689075173,67,2,4
1689075177,56,2,4
1689075181,42,2,4
1689075185,221,2,4
1689075189,285,2,4
1689075193,1903,2,4
1689075197,4357,2,4
1689075201,4906,2,4
1689075205,1469,2,4
1689075209,5247,2,4
1689075213,4087,2,4
1689075217,4032,2,4
1689075221,403,2,4
1689075225,1545,2,4
1689075229,5858,2,4
1689075233,235,2,4
1689075237,157,2,4
1689075241,74,2,4
1689075245,1485,2,4
1689075249,933,2,4
1689075253,88,2,4
1689075257,1867,2,4
1689075261,3471,2,4
1689075265,7401,2,4
1689075269,3865,2,4
1689075273,4337,2,4
1689075277,4325,2,4
1689075281,5592,2,4
1689075285,816,2,4
1689075289,371,2,4
1689075293,123,2,4
1689075297,113,2,4
1689075301,4092,2,4
1689075305,346,2,4
1689075309,218,2,4
1689075313,241,2,4
1689075317,152,2,4
1689075321,115,2,4
1689075325,87,2,4
1689075329,56,2,4
1689075333,52,2,4
1689075337,57,2,4
1689075341,145,2,4
1689075345,185,2,4
1689075349,150,2,4
1689075353,3808,2,4
1689075357,4305,2,4
1689075361,1042,2,4
1689075365,770,2,4
1689075369,979,2,4
1689075373,2291,2,4
1689075377,71,2,4
1689075381,57,2,4
1689075385,52,2,4
1689075389,64,2,4
1689075393,41,2,4
1689075397,36,2,4
1689075401,194,2,4
1689075405,299,2,4
1689075409,96,2,4
1689075413,48,2,4
1689075417,3143,2,4
1689075421,213,2,4
1689075425,48,2,4
1689075429,52,2,4
1689075433,38,2,4
1689075437,74,2,4
1689075441,47,2,4
1689075445,1079,2,4
1689075449,3356,2,4
1689075453,317,2,4
1689075457,107,2,4
1689075461,82,2,4
1689075465,2682,2,4
1689075469,1538,2,4
1689075473,149,2,4
1689075477,243,2,4
1689075481,4005,2,4
1689075485,4541,2,4
1689075489,369,2,4
1689075493,132,2,4
1689075497,168,2,4
1689075501,81,2,4
1689075505,80,2,4
1689075509,175,2,4
1689075513,200,2,4
1689075517,184,2,4
1689075521,160,2,4
1689075525,218,2,4
1689075529,1540,2,4
1689075533,2998,2,4
1689075537,797,2,4
1689075541,1861,2,4
1689075545,2267,2,4
1689075549,5151,2,4
1689075553,7238,2,4
1689075557,9913,2,4
1689075561,514,2,4
1689075565,68,2,4
1689075569,64,2,4
1689075573,5964,2,4
1689075577,2121,2,4
1689075581,565,2,4
1689075585,103,2,4
1689075589,88,2,4
1689075593,809,2,4
1689075597,170,2,4
1689075601,4669,2,4
1689075605,3916,2,4
1689075609,2421,2,4
1689075613,629,2,4
1689075617,1056,2,4
1689075621,3587,2,4
1689075625,2809,2,4
1689075629,458,2,4
1689075633,2387,2,4
1689075637,4800,2,4
1689075641,2473,2,4
1689075645,1471,2,4
1689075649,453,2,4
1689075653,433,2,4
1689075657,367,2,4
1689075661,5557,2,4
1689075665,9566,2,4
1689075669,6352,2,4
1689075673,2750,2,4
1689075677,4303,2,4
1689075681,260,2,4
1689075685,80,2,4
1689075689,74,2,4
1689075693,98,2,4
1689075697,75,2,4
1689075701,69,2,4
1689075705,2908,2,4
1689075709,1040,2,4
1689075713,396,2,4
1689075717,872,2,4
1689075721,106,2,4
1689075725,257,2,4
1689075729,107,2,4
1689075733,128,2,4
1689075737,495,2,4
1689075741,277,2,4
1689075745,1439,2,4
1689075749,318,2,4
1689075753,234,2,4
1689075757,72,2,4
1689075761,76,2,4
1689075765,177,2,4
1689075769,203,2,4
1689075773,846,2,4
1689075777,199,2,4
1689075781,272,2,4
1689075785,1520,2,4
1689075789,2591,2,4
1689075793,2487,2,4
1689075797,1964,2,4
1689075801,3452,2,4
1689075805,5563,2,4
1689075809,3025,2,4
1689075813,165,2,4
1689075817,254,2,4
1689075821,260,2,4
1689075825,305,2,4
1689075829,6712,2,4
1689075833,6629,2,4
1689075837,686,2,4
1689075841,301,2,4
1689075845,115,2,4
1689075849,645,2,4
1689075853,284,2,4
1689075857,237,2,4
1689075861,111,2,4
1689075865,228,2,4
1689075869,295,2,4
1689075873,312,2,4
1689075877,100,2,4
1689075881,62,2,4
1689075885,203,2,4
1689075889,375,2,4
1689075893,157,2,4
1689075897,342,2,4
1689075901,3799,2,4
1689075905,4413,2,4
1689075909,3383,2,4
1689075913,721,2,4
1689075917,907,2,4
1689075921,462,2,4
1689075925,251,2,4
1689075929,356,2,4
1689075933,244,2,4
1689075937,202,2,4
1689075941,572,2,4
1689075945,239,2,4
1689075949,2815,2,4
1689075953,321,2,4
1689075957,495,2,4
1689075961,4043,2,4
1689075965,3659,2,4
1689075969,295,2,4
1689075973,389,2,4
1689075977,2279,2,4
1689075981,120,2,4
1689075985,79,2,4
1689075989,112,2,4
1689075993,96,2,4
1689075997,2636,2,4
1689076001,1642,2,4
1689076005,148,2,4
1689076009,331,2,4
1689076013,669,2,4
1689076017,2022,2,4
1689076021,278,2,4
1689076025,165,2,4
1689076029,557,2,4
1689076033,98,2,4
1689076037,1862,2,4
1689076041,2594,2,4
1689076045,699,2,4
1689076049,1907,2,4
1689076053,1775,2,4
1689076057,2210,2,4
1689076061,3661,2,4
1689076065,2800,2,4
1689076069,572,2,4
1689076073,2300,2,4
1689076077,4467,2,4
1689076081,359,2,4
1689076085,4737,2,4
1689076089,1915,2,4
1689076093,1566,2,4
1689076097,3791,2,4
1689076101,659,2,4
1689076105,550,2,4
1689076109,427,2,4
1689076113,643,2,4
1689076117,3924,2,4
1689076121,59,2,4
1689076125,328,2,4
1689076129,652,2,4
1689076133,6681,2,4
1689076137,4722,2,4
1689076141,6458,2,4
1689076145,4719,2,4
1689076149,895,2,4
1689076153,120,2,4
1689076157,80,2,4
1689076161,1175,2,4
1689076165,573,2,4
1689076169,2600,2,4
1689076173,2226,2,4
1689076177,4325,2,4
1689076181,2857,2,4
1689076185,4255,2,4
1689076189,5264,2,4
1689076193,1473,2,4
1689076197,4610,2,4
1689076201,2094,2,4
1689076205,1939,2,4
1689076209,1361,2,4
1689076213,3917,2,4
1689076217,4389,2,4
1689076221,143,2,4
1689076225,239,2,4
1689076229,59,2,4
1689076233,132,2,4
1689076237,5971,2,4
1689076241,1792,2,4
1689076245,156,2,4
1689076249,2199,2,4
1689076253,3111,2,4
1689076257,3617,2,4
1689076261,161,2,4
1689076265,1025,2,4
1689076269,1407,2,4
1689076273,1175,2,4
1689076277,551,2,4
1689076281,793,2,4
1689076285,1254,2,4
1689076289,1419,2,4
1689076293,153,2,4
1689076297,1395,2,4
1689076301,5297,2,4
1689076305,3677,2,4
1689076309,360,2,4
1689076313,116,2,4
1689076317,219,2,4
1689076321,254,2,4
1689076325,752,2,4
1689076329,7427,2,4
1689076333,1591,2,4
1689076337,167,2,4
1689076341,76,2,4
1689076345,47,2,4
1689076349,54,2,4
1689076353,51,2,4
1689076357,2633,2,4
1689076361,4782,2,4
1689076365,309,2,4
1689076369,4594,2,4
1689076373,3999,2,4
1689076377,944,2,4
1689076381,460,2,4
1689076385,601,2,4
1689076389,2353,2,4
1689076393,147,2,4
1689076397,160,2,4
1689076401,248,2,4
1689076405,185,2,4
1689076409,3080,2,4
1689076413,1160,2,4
1689076417,2586,2,4
1689076421,853,2,4
1689076425,403,2,4
1689076429,319,2,4
1689076433,212,2,4
1689076437,3958,2,4
1689076441,942,2,4
1689076445,46,2,4
1689076449,676,2,4
1689076453,7487,2,4
1689076457,326,2,4
1689076461,4583,2,4
1689076465,185,2,4
1689076469,88,2,4
1689076473,1477,2,4
1689076477,1242,2,4
1689076481,634,2,4
1689076485,2952,2,4
1689076489,889,2,4
1689076493,798,2,4
1689076497,1409,2,4
1689076501,1461,2,4
1689076505,2170,2,4
1689076509,65,2,4
1689076513,768,2,4
1689076517,59,2,4
1689076521,32,2,4
1689076525,31,2,4
1689076529,47,2,4
1689076533,28,2,4
1689076537,6894,2,4
1689076541,635,2,4
1689076545,255,2,4
1689076549,247,2,4
1689076553,467,2,4
1689076557,661,2,4
1689076561,613,2,4
1689076565,629,2,4
1689076569,2201,2,4
1689076573,1766,2,4
1689076577,437,2,4
1689076581,547,2,4
1689076585,453,2,4
1689076589,398,2,4
1689076593,1394,2,4
1689076597,4732,2,4
1689076601,782,2,4
1689076605,3264,2,4
1689076609,5735,2,4
1689076613,1072,2,4
1689076617,128,2,4
1689076621,69,2,4
1689076625,176,2,4
1689076629,1617,2,4
1689076633,3060,2,4
1689076637,2174,2,4
1689076641,2642,2,4
1689076645,1324,2,4
1689076649,4041,2,4
1689076653,2754,2,4
1689076657,1956,2,4
1689076661,837,2,4
1689076665,432,2,4
1689076669,1796,2,4
1689076673,668,2,4
1689076677,422,2,4
1689076681,406,2,4
1689076685,5797,2,4
1689076689,795,2,4
1689076693,3661,2,4
1689076697,2019,2,4
1689076701,3410,2,4
1689076705,3127,2,4
1689076709,3844,2,4
1689076713,2791,2,4
1689076717,598,2,4
1689076721,243,2,4
1689076725,79,2,4
1689076729,523,2,4
1689076733,548,2,4
1689076737,440,2,4
1689076741,505,2,4
1689076745,555,2,4
1689076749,2090,2,4
1689076753,3820,2,4
1689076757,2267,2,4
1689076761,485,2,4
1689076765,456,2,4
1689076769,392,2,4
1689076773,147,2,4
1689076777,379,2,4
1689076781,824,2,4
1689076785,733,2,4
1689076789,634,2,4
1689076793,487,2,4
1689076797,3642,2,4
1689076801,4256,2,4
1689076805,1402,2,4
1689076809,229,2,4
1689076813,69,2,4
1689076817,90,2,4
1689076821,706,2,4
1689076825,879,2,4
1689076829,686,2,4
1689076833,429,2,4
1689076837,2739,2,4
1689076841,3726,2,4
1689076845,2496,2,4
1689076849,4263,2,4
1689076853,1894,2,4
1689076857,3059,2,4
1689076861,1634,2,4
1689076865,1803,2,4
1689076869,1363,2,4
1689076873,578,2,4
1689076877,211,2,4
1689076881,1669,2,4
1689076885,2933,2,4
1689076889,3145,2,4
1689076893,3046,2,4
1689076897,672,2,4
1689076901,391,2,4
1689076905,545,2,4
1689076909,256,2,4
1689076913,5325,2,4
1689076917,4441,2,4
1689076921,2496,2,4
1689076925,2887,2,4
1689076929,2979,2,4
1689076933,424,2,4
1689076937,1357,2,4
1689076941,1258,2,4
1689076945,788,2,4
1689076949,1014,2,4
1689076953,5418,2,4
1689076957,556,2,4
1689076961,909,2,4
1689076965,865,2,4
1689076969,1338,2,4
1689076973,1248,2,4
1689076977,1036,2,4
1689076981,1544,2,4
1689076985,378,2,4
1689076989,4150,2,4
1689076993,888,2,4
1689076997,871,2,4
1689077001,3081,2,4
1689077005,2247,2,4
1689077009,5546,2,4
1689077013,5149,2,4
1689077017,2878,2,4
1689077021,1200,2,4
1689077025,128,2,4
1689077029,232,2,4
1689077033,3238,2,4
1689077037,508,2,4
1689077041,1920,2,4
1689077045,251,2,4
1689077049,4062,2,4
1689077053,3614,2,4
1689077057,1034,2,4
1689077061,1918,2,4
1689077065,2440,2,4
1689077069,2649,2,4
1689077073,527,2,4
1689077077,2227,2,4
1689077081,2751,2,4
1689077085,5450,2,4
1689077089,3361,2,4
1689077093,1818,2,4
1689077097,1074,2,4
1689077101,1905,2,4
1689077105,3124,2,4
1689077109,2508,2,4
1689077113,1731,2,4
1689077117,3228,2,4
1689077121,1468,2,4
1689077125,316,2,4
1689077129,2859,2,4
1689077133,1860,2,4
1689077137,194,2,4
1689077141,321,2,4
1689077145,324,2,4
1689077149,278,2,4
1689077153,163,2,4
1689077157,607,2,4
1689077161,829,2,4
1689077165,883,2,4
1689077169,145,2,4
1689077173,1165,2,4
1689077177,6807,2,4
1689077181,5237,2,4
1689077185,2564,2,4
1689077189,5453,2,4
1689077193,1191,2,4
1689077197,161,2,4
1689077201,194,2,4
1689077205,178,2,4
1689077209,367,2,4
1689077213,338,2,4
1689077217,5625,2,4
1689077221,2569,2,4
1689077225,2329,2,4
1689077229,3882,2,4
1689077233,478,2,4
1689077237,1706,2,4
1689077241,510,2,4
1689077245,319,2,4
1689077249,1128,2,4
1689077253,2389,2,4
1689077257,7184,2,4
1689077261,2315,2,4
1689077265,2742,2,4
1689077269,2583,2,4
1689077273,2239,2,4
1689077277,1698,2,4
1689077281,2796,2,4
1689077285,4716,2,4
1689077289,326,2,4
1689077293,3218,2,4
1689077297,1637,2,4
1689077301,1410,2,4
1689077305,1159,2,4
1689077309,135,2,4
1689077313,190,2,4
1689077317,4893,2,4
1689077321,2220,2,4
1689077325,3154,2,4
1689077329,518,2,4
1689077333,2564,2,4
1689077337,822,2,4
1689077341,366,2,4
1689077345,2054,2,4
1689077349,1689,2,4
1689077353,367,2,4
1689077357,852,2,4
1689077361,527,2,4
1689077365,226,2,4
1689077369,609,2,4
1689077373,3956,2,4
1689077377,2982,2,4
1689077381,325,2,4
1689077385,1452,2,4
1689077389,4796,2,4
1689077393,3609,2,4
1689077397,1982,2,4
1689077401,454,2,4
1689077405,3288,2,4
1689077409,538,2,4
1689077413,431,2,4
1689077417,68,2,4
1689077421,4122,2,4
1689077425,1075,2,4
1689077429,327,2,4
1689077433,690,2,4
1689077437,411,2,4
1689077441,72,2,4
1689077445,368,2,4
1689077449,3985,2,4
1689077453,4348,2,4
1689077457,4057,2,4
1689077461,790,2,4
1689077465,4068,2,4
1689077469,4519,2,4
1689077473,1528,2,4
1689077477,2232,2,4
1689077481,2491,2,4
1689077485,5901,2,4
1689077489,6000,2,4
1689077493,2391,2,4
1689077497,2897,2,4
1689077501,5024,2,4
1689077505,3201,2,4
1689077509,3371,2,4
1689077513,2198,2,4
1689077517,6636,2,4
1689077521,2247,2,4
1689077525,660,2,4
1689077529,4278,2,4
1689077533,1259,2,4
1689077537,1360,2,4
1689077541,3802,2,4
1689077545,1629,2,4
1689077549,342,2,4
1689077553,68,2,4
1689077557,91,2,4
1689077561,83,2,4
1689077565,6101,2,4
1689077569,3515,2,4
1689077573,118,2,4
1689077577,50,2,4
1689077581,56,2,4
1689077585,4347,2,4
1689077589,590,2,4
1689077593,1887,2,4
1689077597,2189,2,4
1689077601,1107,2,4
1689077605,3365,2,4
1689077609,3841,2,4
1689077613,457,2,4
1689077617,624,2,4
1689077621,452,2,4
1689077625,751,2,4
1689077629,3561,2,4
1689077633,249,2,4
1689077637,3576,2,4
1689077641,3671,2,4
1689077645,128,2,4
1689077649,119,2,4
1689077653,1197,2,4
1689077657,2735,2,4
1689077661,359,2,4
1689077665,752,2,4
1689077669,646,2,4
1689077673,551,2,4
1689077677,347,2,4
1689077681,745,2,4
1689077685,150,2,4
1689077689,2863,2,4
1689077693,321,2,4
1689077697,98,2,4
1689077701,57,2,4
1689077705,1557,2,4
1689077709,511,2,4
1689077713,1504,2,4
1689077717,384,2,4
1689077721,347,2,4
1689077725,298,2,4
1689077729,674,2,4
1689077733,885,2,4
1689077737,782,2,4
1689077741,312,2,4
1689077745,4941,2,4
1689077749,4302,2,4
1689077753,2798,2,4
1689077757,300,2,4
1689077761,275,2,4
1689077765,597,2,4
1689077769,582,2,4
1689077773,193,2,4
1689077777,76,2,4
1689077781,39,2,4
1689077785,53,2,4
1689077789,82,2,4
1689077793,50,2,4
1689077797,266,2,4
1689077801,121,2,4
1689077805,175,2,4
1689077809,201,2,4
1689077813,454,2,4
1689077817,171,2,4
1689077821,364,2,4
1689077825,282,2,4
1689077829,322,2,4
1689077833,236,2,4
1689077837,220,2,4
1689077841,3802,2,4
1689077845,2491,2,4
1689077849,80,2,4
1689077853,211,2,4
1689077857,80,2,4
1689077861,3576,2,4
1689077865,1099,2,4
1689077869,6445,2,4
1689077873,666,2,4
1689077877,710,2,4
1689077881,918,2,4
1689077885,399,2,4
1689077889,307,2,4
1689077893,115,2,4
1689077897,4096,2,4
1689077901,339,2,4
1689077905,257,2,4
1689077909,63,2,4
1689077913,57,2,4
1689077917,60,2,4
1689077921,57,2,4
1689077925,58,2,4
1689077929,3151,2,4
1689077933,681,2,4
1689077937,448,2,4
1689077941,202,2,4
1689077945,529,2,4
1689077949,2939,2,4
1689077953,470,2,4
1689077957,1262,2,4
1689077961,966,2,4
1689077965,1250,2,4
1689077969,240,2,4
1689077973,394,2,4
1689077977,192,2,4
1689077981,6051,2,4
1689077985,2876,2,4
1689077989,4525,2,4
1689077993,3767,2,4
1689077997,2073,2,4
1689078001,3732,2,4
1689078005,3456,2,4
1689078009,137,2,4
1689078013,108,2,4
1689078017,4708,2,4
1689078021,1441,2,4
1689078025,551,2,4
1689078029,2102,2,4
1689078033,2782,2,4
1689078037,2946,2,4
1689078041,1359,2,4
1689078045,1347,2,4
1689078049,1485,2,4
1689078053,6304,2,4
1689078057,3585,2,4
1689078061,4164,2,4
1689078065,1490,2,4
1689078069,3461,2,4
1689078073,5319,2,4
1689078077,4287,2,4
1689078081,2195,2,4
1689078085,297,2,4
1689078089,133,2,4
1689078093,210,2,4
1689078097,173,2,4
1689078101,168,2,4
1689078105,1053,2,4
1689078109,628,2,4
1689078113,406,2,4
1689078117,4349,2,4
1689078121,2445,2,4
1689078125,523,2,4
1689078129,1721,2,4
1689078133,1849,2,4
1689078137,2585,2,4
1689078141,5911,2,4
1689078145,3164,2,4
1689078149,893,2,4
1689078153,419,2,4
1689078157,258,2,4
1689078161,185,2,4
1689078165,2377,2,4
1689078169,801,2,4
1689078173,7467,2,4
1689078177,2824,2,4
1689078181,957,2,4
1689078185,825,2,4
1689078189,1300,2,4
1689078193,8914,2,4
1689078197,434,2,4
1689078201,649,2,4
1689078205,470,2,4
1689078209,2600,2,4
1689078213,2526,2,4
1689078217,8782,2,4
1689078221,4428,2,4
1689078225,4052,2,4
1689078229,359,2,4
1689078233,490,2,4
1689078237,329,2,4
1689078241,107,2,4
1689078245,112,2,4
1689078249,3535,2,4
1689078253,293,2,4
1689078257,530,2,4
1689078261,396,2,4
1689078265,175,2,4
1689078269,257,2,4
1689078273,211,2,4
1689078277,164,2,4
1689078281,191,2,4
1689078285,3716,2,4
1689078289,1100,2,4
1689078293,166,2,4
1689078297,4421,2,4
1689078301,3875,2,4
1689078305,363,2,4
1689078309,4217,2,4
1689078313,2555,2,4
1689078317,377,2,4
1689078321,148,2,4
1689078325,3428,2,4
1689078329,1695,2,4
1689078333,1834,2,4
1689078337,382,2,4
1689078341,282,2,4
1689078345,2460,2,4
1689078349,176,2,4
1689078353,3396,2,4
1689078357,2074,2,4
1689078361,723,2,4
1689078365,877,2,4
1689078369,934,2,4
1689078373,3356,2,4
1689078377,506,2,4
1689078381,363,2,4
1689078385,127,2,4
1689078389,180,2,4
1689078393,109,2,4
1689078397,3511,2,4
1689078401,3800,2,4
1689078405,860,2,4
1689078409,3381,2,4
1689078413,2046,2,4
1689078417,4634,2,4
1689078421,1289,2,4
1689078425,1214,2,4
1689078429,597,2,4
1689078433,907,2,4
1689078437,577,2,4
1689078441,265,2,4
1689078445,103,2,4
1689078449,907,2,4
1689078453,432,2,4
1689078457,100,2,4
1689078461,601,2,4
1689078465,320,2,4
1689078469,614,2,4
1689078473,460,2,4
1689078477,2505,2,4
1689078481,2911,2,4
1689078485,215,2,4
1689078489,6422,2,4
1689078493,1690,2,4
1689078497,910,2,4
1689078501,2369,2,4
1689078505,3302,2,4
1689078509,458,2,4
1689078513,3261,2,4
1689078517,3308,2,4
1689078521,3846,2,4
1689078525,3091,2,4
1689078529,3882,2,4
1689078533,2888,2,4
1689078537,878,2,4
1689078541,1422,2,4
1689078545,3180,2,4
1689078549,2844,2,4
1689078553,6358,2,4
1689078557,354,2,4
1689078561,84,2,4
1689078565,4404,2,4
1689078569,148,2,4
1689078573,195,2,4
1689078577,618,2,4
1689078581,153,2,4
1689078585,551,2,4
1689078589,1885,2,4
1689078593,341,2,4
1689078597,238,2,4
1689078601,4182,2,4
1689078605,3456,2,4
1689078609,902,2,4
1689078613,191,2,4
1689078617,4254,2,4
1689078621,2275,2,4
1689078625,566,2,4
1689078629,246,2,4
1689078633,2230,2,4
1689078637,3181,2,4
1689078641,390,2,4
1689078645,9136,2,4
1689078649,5182,2,4
1689078653,3224,2,4
1689078657,163,2,4
1689078661,274,2,4
1689078665,1284,2,4
1689078669,335,2,4
1689078673,4834,2,4
1689078677,852,2,4
1689078681,76,2,4
1689078685,227,2,4
1689078689,3541,2,4
1689078693,216,2,4
1689078697,127,2,4
1689078701,2860,2,4
1689078705,2688,2,4
1689078709,5330,2,4
1689078713,4595,2,4
1689078717,4297,2,4
1689078721,450,2,4
1689078725,869,2,4
1689078729,1200,2,4
1689078733,271,2,4
1689078737,235,2,4
1689078741,8813,2,4
1689078745,2630,2,4
1689078749,3716,2,4
1689078753,1088,2,4
1689078757,197,2,4
1689078761,3627,2,4
1689078765,691,2,4
1689078769,1010,2,4
1689078773,3704,2,4
1689078777,6579,2,4
1689078781,5240,2,4
1689078785,400,2,4
1689078789,391,2,4
1689078793,639,2,4
1689078797,370,2,4
1689078801,462,2,4
1689078805,1244,2,4
1689078809,649,2,4
1689078813,579,2,4
1689078817,447,2,4
1689078821,1358,2,4
1689078825,969,2,4
1689078829,109,2,4
1689078833,495,2,4
1689078837,3516,2,4
1689078841,326,2,4
1689078845,909,2,4
1689078849,180,2,4
1689078853,3046,2,4
1689078857,1245,2,4
1689078861,3576,2,4
1689078865,1590,2,4
1689078869,1255,2,4
1689078873,3724,2,4
1689078877,7210,2,4
1689078881,287,2,4
1689078885,294,2,4
1689078889,3121,2,4
1689078893,1443,2,4
1689078897,5658,2,4
1689078901,887,2,4
1689078905,552,2,4
1689078909,665,2,4
1689078913,228,2,4
1689078917,322,2,4
1689078921,4749,2,4
1689078925,474,2,4
1689078929,2248,2,4
1689078933,679,2,4
1689078937,447,2,4
1689078941,610,2,4
1689078945,2649,2,4
1689078949,1593,2,4
1689078953,79,2,4
1689078957,52,2,4
1689078961,6537,2,4
1689078965,5496,2,4
1689078969,8772,2,4
1689078973,64,2,4
1689078977,34,2,4
1689078981,38,2,4
1689078985,31,2,4
1689078989,141,2,4
1689078993,83,2,4
1689078997,791,2,4
1689079001,3631,2,4
1689079005,2662,2,4
1689079009,534,2,4
1689079013,241,2,4
1689079017,624,2,4
1689079021,264,2,4
1689079025,259,2,4
1689079029,422,2,4
1689079033,4298,2,4
1689079037,11625,2,4
1689079041,698,2,4
1689079045,114,2,4
1689079049,1208,2,4
1689079053,1393,2,4
1689079057,2386,2,4
1689079061,2573,2,4
1689079065,1974,2,4
1689079069,662,2,4
1689079073,3482,2,4
1689079077,1301,2,4
1689079081,2339,2,4
1689079085,4657,2,4
1689079089,323,2,4
1689079093,1225,2,4
1689079097,5267,2,4
1689079101,5908,2,4
1689079105,7176,2,4
1689079109,2067,2,4
1689079113,833,2,4
1689079117,617,2,4
1689079121,534,2,4
1689079125,292,2,4
1689079129,675,2,4
1689079133,2812,2,4
1689079137,445,2,4
1689079141,906,2,4
1689079145,422,2,4
1689079149,479,2,4
1689079153,450,2,4
1689079157,386,2,4
1689079161,2978,2,4
1689079165,10135,2,4
1689079169,13740,2,4
1689079173,24129,2,4
1689079177,7213,2,4
1689079181,11670,2,4
1689079185,8622,2,4
1689079189,8060,2,4
1689079193,12607,2,4
1689079197,10570,2,4
1689079201,6828,2,4
1689079205,953,2,4
1689079209,280,2,4
1689079213,3729,2,4
1689079217,1373,2,4
1689079221,614,2,4
1689079225,575,2,4
1689079229,669,2,4
1689079233,1833,2,4
1689079237,894,2,4
1689079241,979,2,4
1689079245,2546,2,4
1689079249,558,2,4
1689079253,184,2,4
1689079257,514,2,4
1689079261,721,2,4
1689079265,453,2,4
1689079269,1002,2,4
1689079273,1017,2,4
1689079277,9587,2,4
1689079281,7480,2,4
1689079285,4163,2,4
1689079289,6176,2,4
1689079293,7880,2,4
1689079297,12954,2,4
1689079301,11933,2,4
1689079305,9903,2,4
1689079309,4765,2,4
1689079313,5576,2,4
1689079317,10099,2,4
1689079321,11785,2,4
1689079325,3891,2,4
1689079329,14807,2,4
1689079333,9074,2,4
1689079337,9346,2,4
1689079341,14787,2,4
1689079345,19421,2,4
1689079349,6639,2,4
1689079353,8179,2,4
1689079357,13891,2,4
1689079361,8770,2,4
1689079365,5703,2,4
1689079369,816,2,4
1689079373,654,2,4
1689079377,618,2,4
1689079381,597,2,4
1689079385,896,2,4
1689079389,1250,2,4
1689079393,7354,2,4
1689079397,8350,2,4
1689079401,7975,2,4
1689079405,7898,2,4
1689079409,3602,2,4
1689079413,4371,2,4
1689079417,532,2,4
1689079421,726,2,4
1689079425,3299,2,4
1689079429,820,2,4
1689079433,2825,2,4
1689079437,9281,2,4
1689079441,8284,2,4
1689079445,9828,2,4
1689079449,7026,2,4
1689079453,8005,2,4
1689079457,7159,2,4
1689079461,5028,2,4
1689079465,5530,2,4
1689079469,4407,2,4
1689079473,7374,2,4
1689079477,8545,2,4
1689079481,10214,2,4
1689079485,3997,2,4
1689079489,3115,2,4
1689079493,4089,2,4
1689079497,4663,2,4
1689079501,4546,2,4
1689079505,3743,2,4
1689079509,7470,2,4
1689079513,1983,2,4
1689079517,367,2,4
1689079521,454,2,4
1689079525,216,2,4
1689079529,5530,2,4
1689079533,4496,2,4
1689079537,4355,2,4
1689079541,5332,2,4
1689079545,8990,2,4
1689079549,8092,2,4
1689079553,5760,2,4
1689079557,9719,2,4
1689079561,7011,2,4
1689079565,7047,2,4
1689079569,2409,2,4
1689079573,169,2,4
1689079577,1060,2,4
1689079581,1562,2,4
1689079585,314,2,4
1689079589,3515,2,4
1689079593,3719,2,4
1689079597,3170,2,4
1689079601,3318,2,4
1689079605,1085,2,4
1689079609,842,2,4
1689079613,766,2,4
1689079617,630,2,4
1689079621,2653,2,4
1689079625,2723,2,4
1689079629,2565,2,4
1689079633,1714,2,4
1689079637,1434,2,4
1689079641,2316,2,4
1689079645,1198,2,4
1689079649,1690,2,4
1689079653,1533,2,4
1689079657,2446,2,4
1689079661,2548,2,4
1689079665,1994,2,4
1689079669,1679,2,4
1689079673,2314,2,4
1689079677,1507,2,4
1689079681,2395,2,4
1689079685,2568,2,4
1689079689,1862,2,4
1689079693,1527,2,4
1689079697,1072,2,4
1689079701,2345,2,4
1689079705,3275,2,4
1689079709,2774,2,4
1689079713,1176,2,4
1689079717,936,2,4
1689079721,2056,2,4
1689079725,4274,2,4
1689079729,1923,2,4
1689079733,4237,2,4
1689079737,2645,2,4
1689079741,2447,2,4
1689079745,2246,2,4
1689079749,2495,2,4
1689079753,1591,2,4
1689079757,1738,2,4
1689079761,2061,2,4
1689079765,1119,2,4
1689079769,2030,2,4
1689079773,1522,2,4
1689079777,1416,2,4
1689079781,3601,2,4
1689079785,1272,2,4
1689079789,1093,2,4
1689079793,2048,2,4
1689079797,1920,2,4
1689079801,1395,2,4
1689079805,1307,2,4
1689079809,1521,2,4
1689079813,1807,2,4
1689079817,6893,2,4
1689079821,2138,2,4
1689079825,2252,2,4
1689079829,2179,2,4
1689079833,2208,2,4
1689079837,1620,2,4
1689079841,1850,2,4
1689079845,1737,2,4
1689079849,848,2,4
1689079853,2003,2,4
1689079857,3093,2,4
1689079861,991,2,4
1689079865,1642,2,4
1689079869,484,2,4
1689079873,1367,2,4
1689079877,200,2,4
1689079881,183,2,4
1689079885,226,2,4
1689079889,1027,2,4
1689079893,3671,2,4
1689079897,2370,2,4
1689079901,2240,2,4
1689079905,2104,2,4
1689079909,2096,2,4
1689079913,3785,2,4
1689079917,2205,2,4
1689079921,254,2,4
1689079925,194,2,4
1689079929,102,2,4
1689079933,3493,2,4
1689079937,468,2,4
1689079941,607,2,4
1689079945,721,2,4
1689079949,311,2,4
1689079953,110,2,4
1689079957,168,2,4
1689079961,116,2,4
1689079965,166,2,4
1689079969,106,2,4
1689079973,114,2,4
1689079977,125,2,4
1689079981,135,2,4
1689079985,461,2,4
1689079989,665,2,4
1689079993,324,2,4
1689079997,3597,2,4
1689080001,3814,2,4
1689080005,1690,2,4
1689080009,3412,2,4
1689080013,508,2,4
1689080017,706,2,4
1689080021,524,2,4
1689080025,244,2,4
1689080029,3733,2,4
1689080033,1522,2,4
1689080037,1631,2,4
1689080041,611,2,4
1689080045,1629,2,4
1689080049,239,2,4
1689080053,57,2,4
1689080057,88,2,4
1689080061,552,2,4
1689080065,2436,2,4
1689080069,398,2,4
1689080073,3401,2,4
1689080077,2381,2,4
1689080081,1101,2,4
1689080085,132,2,4
1689080089,40,2,4
1689080093,31,2,4
1689080097,342,2,4
1689080101,72,2,4
1689080105,66,2,4
1689080109,129,2,4
1689080113,81,2,4
1689080117,48,2,4
1689080121,42,2,4
1689080125,45,2,4
1689080129,62,2,4
1689080133,62,2,4
1689080137,152,2,4
1689080141,498,2,4
1689080145,3169,2,4
1689080149,3815,2,4
1689080153,631,2,4
1689080157,152,2,4
1689080161,172,2,4
1689080165,69,2,4
1689080169,35,2,4
1689080173,52,2,4
1689080177,46,2,4
1689080181,44,2,4
1689080185,34,2,4
1689080189,46,2,4
1689080193,41,2,4
1689080197,1128,2,4
1689080201,248,2,4
1689080205,133,2,4
1689080209,280,2,4
1689080213,391,2,4
1689080217,625,2,4
1689080221,1041,2,4
1689080225,4727,2,4
1689080229,192,2,4
1689080233,1525,2,4
1689080237,644,2,4
1689080241,3212,2,4
1689080245,6347,2,4
1689080249,7032,2,4
1689080253,8915,2,4
1689080257,10061,2,4
1689080261,7374,2,4
1689080265,6267,2,4
1689080269,8890,2,4
1689080273,9074,2,4
1689080277,12421,2,4
1689080281,4157,2,4
1689080285,4039,2,4
1689080289,2449,2,4
1689080293,5179,2,4
1689080297,2954,2,4
1689080301,3755,2,4
1689080305,755,2,4
1689080309,398,2,4
1689080313,1960,2,4
1689080317,2656,2,4
1689080321,5594,2,4
1689080325,4536,2,4
1689080329,6870,2,4
1689080333,1845,2,4
1689080337,1941,2,4
1689080341,6602,2,4
1689080345,10483,2,4
1689080349,8333,2,4
1689080353,8030,2,4
1689080357,6853,2,4
1689080361,4893,2,4
1689080365,203,2,4
1689080369,154,2,4
1689080373,114,2,4
1689080377,200,2,4
1689080381,1241,2,4
1689080385,2169,2,4
1689080389,925,2,4
1689080393,438,2,4
1689080397,660,2,4
1689080401,526,2,4
1689080405,992,2,4
1689080409,2374,2,4
1689080413,5803,2,4
1689080417,3694,2,4
1689080421,2180,2,4
1689080425,7672,2,4
1689080429,7383,2,4
1689080433,7628,2,4
1689080437,7584,2,4
1689080441,10329,2,4
1689080445,8302,2,4
1689080449,7844,2,4
1689080453,8879,2,4
1689080457,7585,2,4
1689080461,6116,2,4
1689080465,6307,2,4
1689080469,5997,2,4
1689080473,1766,2,4
1689080477,8944,2,4
1689080481,5995,2,4
1689080485,3353,2,4
1689080489,3690,2,4
1689080493,7783,2,4
1689080497,3942,2,4
1689080501,6575,2,4
1689080505,1989,2,4
1689080509,2478,2,4
1689080513,322,2,4
1689080517,3755,2,4
1689080521,6393,2,4
1689080525,9387,2,4
1689080529,6027,2,4
1689080533,6628,2,4
1689080537,2712,2,4
1689080541,5710,2,4
1689080545,4703,2,4
1689080549,5698,2,4
1689080553,116,2,4
1689080557,3716,2,4
1689080561,4030,2,4
1689080565,6605,2,4
1689080569,4110,2,4
1689080573,1588,2,4
1689080577,4399,2,4
1689080581,7349,2,4
1689080585,4915,2,4
1689080589,2437,2,4
1689080593,294,2,4
1689080597,484,2,4
1689080601,4495,2,4
1689080605,8806,2,4
1689080609,2032,2,4
1689080613,3004,2,4
1689080617,2629,2,4
1689080621,3764,2,4
1689080621,4423,2,4
1689080625,5336,2,4
1689080629,1556,2,4
1689080633,1670,2,4
1689080637,5420,2,4
1689080641,937,2,4
1689080645,108,2,4
1689080649,274,2,4
1689080653,232,2,4
1689080657,172,2,4
1689080661,164,2,4
1689080665,530,2,4
1689080669,13183,2,4
1689080673,3406,2,4
1689080677,1497,2,4
1689080681,6692,2,4
1689080690,5345,2,4
1689080694,7400,2,4
1689080698,4392,2,4
1689080702,8168,2,4
1689080706,11440,2,4
1689080710,3938,2,4
1689080714,2914,2,4
1689080718,1815,2,4
1689080722,1821,2,4
1689080726,386,2,4
1689080730,299,2,4
1689080734,1845,2,4
1689080738,5313,2,4
1689080742,1458,2,4
1689080746,8282,2,4
1689080750,1772,2,4
1689080754,2298,2,4
1689080758,10493,2,4
1689080762,9952,2,4
1689080766,9221,2,4
1689080770,12397,2,4
1689080774,10299,2,4
1689080778,15010,2,4
1689080782,3269,2,4
1689080786,1021,2,4
1689080790,5731,2,4
1689080794,7044,2,4
1689080798,10374,2,4
1689080802,3770,2,4
1689080806,6019,2,4
1689080810,5943,2,4
1689080814,4919,2,4
1689080818,7528,2,4
1689080822,6464,2,4
1689080826,5577,2,4
1689080830,3093,2,4
1689080834,3074,2,4
1689080838,2324,2,4
1689080842,3625,2,4
1689080846,4101,2,4
1689080850,2733,2,4
1689080854,4964,2,4
1689080858,1621,2,4
1689080862,1943,2,4
1689080866,524,2,4
1689080870,203,2,4
1689080874,142,2,4
1689080878,137,2,4
1689080882,8428,2,4
1689080886,13129,2,4
1689080890,11417,2,4
1689080894,11426,2,4
1689080898,10403,2,4
1689080902,8253,2,4
1689080906,8019,2,4
1689080910,6677,2,4
1689080914,7403,2,4
1689080918,7686,2,4
1689080922,6996,2,4
1689080926,10302,2,4
1689080930,8514,2,4
1689080934,9974,2,4
1689080938,10149,2,4
1689080942,9443,2,4
1689080946,8861,2,4
1689080950,9273,2,4
1689080954,7228,2,4
1689080958,8166,2,4
1689080962,8231,2,4
1689080966,6044,2,4
1689080970,10587,2,4
1689080974,8367,2,4
1689080978,9965,2,4
1689080982,10694,2,4
1689080986,6860,2,4
1689080990,9769,2,4
1689080994,10792,2,4
1689080998,8720,2,4
1689081002,8108,2,4
1689081006,10235,2,4
1689081010,8319,2,4
1689081014,8983,2,4
1689081018,11539,2,4
1689081022,11783,2,4
1689081026,10173,2,4
1689081030,9363,2,4
1689081034,10698,2,4
1689081038,11001,2,4
1689081042,11976,2,4
1689081046,8557,2,4
1689081050,9553,2,4
1689081054,9676,2,4
1689081058,10732,2,4
1689081062,10128,2,4
1689081066,13117,2,4
1689081070,10894,2,4
1689081074,9691,2,4
1689081078,10149,2,4
1689081082,10556,2,4
1689081086,12062,2,4
1689081090,9526,2,4
1689081094,9654,2,4
1689081098,9312,2,4
1689081102,9357,2,4
1689081106,10688,2,4
1689081110,11246,2,4
1689081114,10377,2,4
1689081118,10317,2,4
1689081122,8603,2,4
1689081126,10845,2,4
1689081130,10256,2,4
1689081134,8631,2,4
1689081138,9985,2,4
1689081142,12287,2,4
1689081146,14943,2,4
1689081150,7730,2,4
1689081154,8233,2,4
1689081158,8569,2,4
1689081162,6264,2,4
1689081166,7925,2,4
1689081170,9978,2,4
1689081174,9934,2,4
1689081178,7797,2,4
1689081182,7453,2,4
1689081186,9149,2,4
1689081190,5473,2,4
1689081194,5841,2,4
1689081198,8089,2,4
1689081202,8454,2,4
1689081206,9437,2,4
1689081210,8382,2,4
1689081214,10411,2,4
1689081218,11693,2,4
1689081222,9973,2,4
1689081226,9862,2,4
1689081230,9890,2,4
1689081234,10002,2,4
1689081238,8725,2,4
1689081242,4729,2,4
1689081246,7853,2,4
1689081250,3472,2,4
1689081254,1022,2,4
1689081258,287,2,4
1689081262,506,2,4
1689081266,529,2,4
1689081270,1166,2,4
1689081274,627,2,4
1689081278,133,2,4
1689081282,254,2,4
1689081286,168,2,4
1689081290,115,2,4
1689081294,116,2,4
1689081298,126,2,4
1689081302,220,2,4
1689081306,1669,2,4
1689081310,490,2,4
1689081314,184,2,4
1689081318,1345,2,4
1689081322,385,2,4
1689081326,1059,2,4
1689081330,114,2,4
1689081334,88,2,4
1689081338,88,2,4
1689081342,101,2,4
1689081346,84,2,4
1689081350,122,2,4
1689081354,112,2,4
1689081358,93,2,4
1689081362,282,2,4
1689081366,491,2,4
1689081370,137,2,4
1689081374,485,2,4
1689081378,216,2,4
1689081382,131,2,4
1689081386,194,2,4
1689081390,102,2,4
1689081394,89,2,4
1689081398,99,2,4
1689081402,99,2,4
1689081406,97,2,4
1689081410,118,2,4
1689081414,207,2,4
1689081418,316,2,4
1689081422,82,2,4
1689081426,94,2,4
1689081430,115,2,4
1689081434,144,2,4
1689081438,118,2,4
1689081442,236,2,4
1689081446,126,2,4
1689081450,100,2,4
1689081454,103,2,4
1689081458,132,2,4
1689081462,88,2,4
1689081466,106,2,4
1689081470,373,2,4
1689081474,150,2,4
1689081478,189,2,4
1689081482,131,2,4
1689081486,115,2,4
1689081490,108,2,4
1689081494,208,2,4
1689081498,316,2,4
1689081502,364,2,4
1689081506,357,2,4
1689081510,113,2,4
1689081514,119,2,4
1689081518,104,2,4
1689081522,88,2,4
1689081526,132,2,4
1689081530,139,2,4
1689081534,786,2,4
1689081538,998,2,4
1689081542,371,2,4
1689081546,635,2,4
1689081550,565,2,4
1689081554,519,2,4
1689081558,171,2,4
1689081562,226,2,4
1689081566,103,2,4
1689081570,146,2,4
1689081574,136,2,4
1689081578,99,2,4
1689081582,99,2,4
1689081586,92,2,4
1689081590,107,2,4
1689081594,123,2,4
1689081598,173,2,4
1689081602,4656,2,4
1689081606,6522,2,4
1689081610,3616,2,4
1689081614,12599,2,4
1689081618,3409,2,4
1689081622,1389,2,4
1689081626,1740,2,4
1689081630,1117,2,4
1689081634,972,2,4
1689081638,842,2,4
1689081642,848,2,4
1689081646,1091,2,4
1689081650,1012,2,4
1689081654,996,2,4
1689081658,901,2,4
1689081662,924,2,4
1689081666,1095,2,4
1689081670,973,2,4
1689081674,1264,2,4
1689081678,1174,2,4
1689081682,1045,2,4
1689081686,1222,2,4
1689081690,1230,2,4
1689081694,1282,2,4
1689081698,1106,2,4
1689081702,1229,2,4
1689081706,1164,2,4
1689081710,1644,2,4
1689081714,1142,2,4
1689081718,1273,2,4
1689081722,1095,2,4
1689081726,966,2,4
1689081730,854,2,4
1689081734,869,2,4
1689081738,995,2,4
1689081742,3856,2,4
1689081746,6421,2,4
1689081750,1040,2,4
1689081754,846,2,4
1689081758,811,2,4
1689081762,840,2,4
1689081766,961,2,4
1689081770,998,2,4
1689081774,902,2,4
1689081778,795,2,4
1689081782,854,2,4
1689081786,949,2,4
1689081790,974,2,4
1689081794,1083,2,4
1689081798,1308,2,4
1689081802,987,2,4
1689081806,1080,2,4
1689081810,1108,2,4
1689081814,1086,2,4
1689081818,1070,2,4
1689081822,4041,2,4
1689081826,1972,2,4
1689081830,1003,2,4
1689081834,973,2,4
1689081838,1123,2,4
1689081842,957,2,4
1689081846,977,2,4
1689081850,899,2,4
1689081854,994,2,4
1689081858,1072,2,4
1689081862,875,2,4
1689081866,987,2,4
1689081870,949,2,4
1689081874,1032,2,4
1689081878,1071,2,4
1689081882,1033,2,4
1689081886,1002,2,4
1689081890,781,2,4
1689081894,950,2,4
1689081898,1033,2,4
1689081902,1390,2,4
1689081906,1079,2,4
1689081910,1191,2,4
1689081914,1028,2,4
1689081918,1175,2,4
1689081922,1362,2,4
1689081926,1030,2,4
1689081930,989,2,4
1689081934,1125,2,4
1689081938,989,2,4
1689081942,1105,2,4
1689081946,999,2,4
1689081950,1185,2,4
1689081954,1072,2,4
1689081958,1199,2,4
1689081962,7002,2,4
1689081966,8925,2,4
1689081970,8097,2,4
1689081974,6890,2,4
1689081978,3888,2,4
1689081982,6594,2,4
1689081986,8864,2,4
1689081990,2910,2,4
1689081994,114,2,4
1689081998,202,2,4
1689082002,103,2,4
1689082006,98,2,4
1689082010,86,2,4
1689082014,80,2,4
1689082018,75,2,4
1689082022,69,2,4
1689082026,68,2,4
1689082030,60,2,4
1689082034,72,2,4
1689082038,73,2,4
1689082042,68,2,4
1689082046,68,2,4
1689082050,66,2,4
1689082054,95,2,4
1689082058,80,2,4
1689082062,58,2,4
1689082066,60,2,4
1689082070,64,2,4
1689082074,49,2,4
1689082078,59,2,4
1689082082,66,2,4
1689082086,55,2,4
1689082090,65,2,4
1689082094,59,2,4
1689082098,66,2,4
1689082102,57,2,4
1689082106,66,2,4
1689082110,60,2,4
1689082114,63,2,4
1689082118,103,2,4
1689082122,121,2,4
1689082126,235,2,4
1689082130,232,2,4
1689082134,59,2,4
1689082138,52,2,4
1689082142,70,2,4
1689082146,61,2,4
1689082150,56,2,4
1689082154,68,2,4
1689082158,67,2,4
1689082162,60,2,4
1689082166,65,2,4
1689082170,63,2,4
1689082174,131,2,4
1689082178,53,2,4
1689082182,51,2,4
1689082186,71,2,4
1689082190,65,2,4
1689082194,52,2,4
1689082198,59,2,4
1689082202,62,2,4
1689082206,64,2,4
1689082210,57,2,4
1689082214,51,2,4
1689082218,63,2,4
1689082222,59,2,4
1689082226,61,2,4
1689082230,61,2,4
1689082234,56,2,4
1689082238,53,2,4
1689082242,62,2,4
1689082246,66,2,4
1689082250,54,2,4
1689082254,367,2,4
1689082258,399,2,4
1689082262,58,2,4
1689082266,58,2,4
1689082270,53,2,4
1689082274,57,2,4
1689082278,58,2,4
1689082282,50,2,4
1689082286,54,2,4
1689082290,57,2,4
1689082294,48,2,4
1689082298,50,2,4
1689082302,54,2,4
1689082306,52,2,4
1689082310,50,2,4
1689082314,75,2,4
1689082318,49,2,4
1689082322,2589,2,4
1689082326,2623,2,4
1689082330,2930,2,4
1689082334,470,2,4
1689082338,2543,2,4
1689082342,1653,2,4
1689082346,1122,2,4
1689082350,199,2,4
1689082354,680,2,4
1689082358,73,2,4
1689082362,65,2,4
1689082366,56,2,4
1689082370,63,2,4
1689082374,49,2,4
1689082378,55,2,4
1689082382,46,2,4
1689082386,43,2,4
1689082390,50,2,4
1689082394,44,2,4
1689082398,47,2,4
1689082402,41,2,4
1689082406,46,2,4
1689082410,52,2,4
1689082414,40,2,4
1689082418,45,2,4
1689082422,68,2,4
1689082426,45,2,4
1689082430,43,2,4
1689082434,43,2,4
1689082438,53,2,4
1689082442,45,2,4
1689082446,46,2,4
1689082450,49,2,4
1689082454,52,2,4
1689082458,52,2,4
1689082462,47,2,4
1689082466,54,2,4
1689082470,52,2,4
1689082474,44,2,4
1689082478,43,2,4
1689082482,45,2,4
1689082486,45,2,4
1689082490,42,2,4
1689082494,107,2,4
1689082498,44,2,4
1689082502,44,2,4
1689082506,51,2,4
1689082510,41,2,4
1689082514,45,2,4
1689082518,46,2,4
1689082522,52,2,4
1689082526,51,2,4
1689082530,43,2,4
1689082534,48,2,4
1689082538,47,2,4
1689082542,47,2,4
1689082546,65,2,4
1689082550,48,2,4
1689082554,51,2,4
1689082558,42,2,4
1689082562,45,2,4
1689082566,44,2,4
1689082570,44,2,4
1689082574,42,2,4
1689082578,46,2,4
1689082582,43,2,4
1689082586,53,2,4
1689082590,44,2,4
1689082594,48,2,4
1689082598,57,2,4
1689082602,56,2,4
1689082606,48,2,4
1689082610,46,2,4
1689082614,127,2,4
1689082618,49,2,4
1689082622,40,2,4
1689082626,41,2,4
1689082630,48,2,4
1689082634,43,2,4
1689082638,45,2,4
1689082642,48,2,4
1689082646,45,2,4
1689082650,41,2,4
1689082654,128,2,4
1689082658,45,2,4
1689082662,60,2,4
1689082666,544,2,4
1689082670,562,2,4
1689082674,99,2,4
1689082678,1381,2,4
1689082682,550,2,4
1689082686,364,2,4
1689082690,2566,2,4
1689082694,2063,2,4
1689082698,70,2,4
1689082702,408,2,4
1689082706,61,2,4
1689082710,60,2,4
1689082714,52,2,4
1689082718,61,2,4
1689082722,46,2,4
1689082726,49,2,4
1689082730,51,2,4
1689082734,45,2,4
1689082738,48,2,4
1689082742,50,2,4
1689082746,70,2,4
1689082750,72,2,4
1689082754,45,2,4
1689082758,54,2,4
1689082762,52,2,4
1689082766,48,2,4
1689082770,48,2,4
1689082774,34,2,4
1689082778,48,2,4
1689082782,37,2,4
1689082786,66,2,4
1689082790,46,2,4
1689082794,114,2,4
1689082798,37,2,4
1689082802,43,2,4
1689082806,190,2,4
1689082810,321,2,4
1689082814,41,2,4
1689082818,55,2,4
1689082822,132,2,4
1689082826,57,2,4
1689082830,49,2,4
1689082834,50,2,4
1689082838,50,2,4
1689082842,111,2,4
1689082846,238,2,4
1689082850,98,2,4
1689082854,116,2,4
1689082858,60,2,4
1689082862,202,2,4
1689082866,160,2,4
1689082870,47,2,4
1689082874,75,2,4
1689082878,40,2,4
1689082882,69,2,4
1689082886,70,2,4
1689082890,67,2,4
1689082894,51,2,4
1689082898,134,2,4
1689082902,318,2,4
1689082906,67,2,4
1689082910,162,2,4
1689082914,104,2,4
1689082918,95,2,4
1689082922,183,2,4
1689082926,166,2,4
1689082930,66,2,4
1689082934,309,2,4
1689082938,146,2,4
1689082942,225,2,4
1689082946,106,2,4
1689082950,181,2,4
1689082954,44,2,4
1689082958,89,2,4
1689082962,41,2,4
1689082966,42,2,4
1689082970,73,2,4
1689082974,41,2,4
1689082978,35,2,4
1689082982,36,2,4
1689082986,54,2,4
1689082990,32,2,4
1689082994,86,2,4
1689082998,49,2,4
1689083002,134,2,4
1689083006,41,2,4
1689083010,126,2,4
1689083014,99,2,4
1689083018,225,2,4
1689083022,63,2,4
1689083026,50,2,4
1689083030,82,2,4
1689083034,2959,2,4
1689083038,2950,2,4
1689083042,2934,2,4
1689083046,526,2,4
1689083050,3161,2,4
1689083054,493,2,4
1689083058,1531,2,4
1689083062,464,2,4
1689083066,392,2,4
1689083070,1136,2,4
1689083074,1047,2,4
1689083078,152,2,4
1689083082,551,2,4
1689083086,4925,2,4
1689083090,3890,2,4
1689083094,680,2,4
1689083098,225,2,4
1689083102,1299,2,4
1689083106,5010,2,4
1689083110,7623,2,4
1689083114,1944,2,4
1689083118,739,2,4
1689083122,1533,2,4
1689083126,176,2,4
1689083130,582,2,4
1689083134,642,2,4
1689083138,1377,2,4
1689083142,1321,2,4
1689083146,870,2,4
1689083150,1342,2,4
1689083154,103,2,4
1689083158,878,2,4
1689083162,934,2,4
1689083166,956,2,4
1689083170,541,2,4
1689083174,542,2,4
1689083178,1467,2,4
1689083182,2112,2,4
1689083186,2770,2,4
1689083190,1563,2,4
1689083194,1943,2,4
1689083198,1968,2,4
1689083202,744,2,4
1689083206,2099,2,4
1689083210,299,2,4
1689083214,168,2,4
1689083218,677,2,4
1689083222,2405,2,4
1689083226,1333,2,4
1689083230,5280,2,4
1689083234,2165,2,4
1689083238,750,2,4
1689083242,1585,2,4
1689083246,2535,2,4
1689083250,390,2,4
1689083254,200,2,4
1689083258,212,2,4
1689083262,204,2,4
1689083266,166,2,4
1689083270,344,2,4
1689083274,373,2,4
1689083278,505,2,4
1689083282,272,2,4
1689083286,211,2,4
1689083290,254,2,4
1689083294,2271,2,4
1689083298,125,2,4
1689083302,1325,2,4
1689083306,2556,2,4
1689083310,2704,2,4
1689083314,6445,2,4
1689083318,3032,2,4
1689083322,2010,2,4
1689083326,1623,2,4
1689083330,1545,2,4
1689083334,438,2,4
1689083338,1591,2,4
1689083342,1688,2,4
1689083346,1779,2,4
1689083350,2971,2,4
1689083354,2751,2,4
1689083358,1804,2,4
1689083362,423,2,4
1689083366,3398,2,4
1689083370,1840,2,4
1689083374,2169,2,4
1689083378,2123,2,4
1689083382,665,2,4
1689083386,1811,2,4
1689083390,2387,2,4
1689083394,318,2,4
1689083398,65,2,4
1689083402,1554,2,4
1689083406,480,2,4
1689083410,303,2,4
1689083414,220,2,4
1689083418,1351,2,4
1689083422,4432,2,4
1689083426,655,2,4
1689083430,397,2,4
1689083434,6702,2,4
1689083438,2457,2,4
1689083442,5132,2,4
1689083446,11300,2,4
1689083450,624,2,4
1689083454,397,2,4
1689083458,830,2,4
1689083462,571,2,4
1689083466,453,2,4
1689083470,1419,2,4
1689083474,377,2,4
1689083478,495,2,4
1689083482,470,2,4
1689083486,690,2,4
1689083490,469,2,4
1689083494,678,2,4
1689083498,599,2,4
1689083502,129,2,4
1689083506,565,2,4
1689083510,934,2,4
1689083514,1945,2,4
1689083518,4381,2,4
1689083522,636,2,4
1689083526,285,2,4
1689083530,3819,2,4
1689083534,9297,2,4
1689083538,522,2,4
1689083542,659,2,4
1689083546,568,2,4
1689083550,247,2,4
1689083554,1105,2,4
1689083558,986,2,4
1689083562,1725,2,4
1689083566,391,2,4
1689083570,76,2,4
1689083574,1725,2,4
1689083578,495,2,4
1689083582,265,2,4
1689083586,878,2,4
1689083590,763,2,4
1689083594,938,2,4
1689083598,266,2,4