timestamp_unix,timestamp_iso,participant_full_id,temperature_celsius,missing_value_reason
1673136000000,2023-01-08T00:00:00Z,101-1-1-0004,32.89,
1673136060000,2023-01-08T00:01:00Z,101-1-1-0004,32.91,
1673136120000,2023-01-08T00:02:00Z,101-1-1-0004,33.0,
1673136180000,2023-01-08T00:03:00Z,101-1-1-0004,33.03,
1673136240000,2023-01-08T00:04:00Z,101-1-1-0004,33.0,
1673136300000,2023-01-08T00:05:00Z,101-1-1-0004,33.01,
1673136360000,2023-01-08T00:06:00Z,101-1-1-0004,33.0,
1673136420000,2023-01-08T00:07:00Z,101-1-1-0004,32.98,
1673136480000,2023-01-08T00:08:00Z,101-1-1-0004,32.95,
1673136540000,2023-01-08T00:09:00Z,101-1-1-0004,32.93,
1673136600000,2023-01-08T00:10:00Z,101-1-1-0004,32.94,
1673136660000,2023-01-08T00:11:00Z,101-1-1-0004,33.09,
1673136720000,2023-01-08T00:12:00Z,101-1-1-0004,32.84,
1673136780000,2023-01-08T00:13:00Z,101-1-1-0004,32.84,
1673136840000,2023-01-08T00:14:00Z,101-1-1-0004,32.82,
1673136900000,2023-01-08T00:15:00Z,101-1-1-0004,32.77,
1673136960000,2023-01-08T00:16:00Z,101-1-1-0004,32.73,
1673137020000,2023-01-08T00:17:00Z,101-1-1-0004,32.73,
1673137080000,2023-01-08T00:18:00Z,101-1-1-0004,32.72,
1673137140000,2023-01-08T00:19:00Z,101-1-1-0004,32.71,
1673137200000,2023-01-08T00:20:00Z,101-1-1-0004,32.73,
1673137260000,2023-01-08T00:21:00Z,101-1-1-0004,32.73,
1673137320000,2023-01-08T00:22:00Z,101-1-1-0004,32.73,
1673137380000,2023-01-08T00:23:00Z,101-1-1-0004,32.71,
1673137440000,2023-01-08T00:24:00Z,101-1-1-0004,32.71,
1673137500000,2023-01-08T00:25:00Z,101-1-1-0004,32.74,
1673137560000,2023-01-08T00:26:00Z,101-1-1-0004,32.75,
1673137620000,2023-01-08T00:27:00Z,101-1-1-0004,32.74,
1673137680000,2023-01-08T00:28:00Z,101-1-1-0004,32.7,
1673137740000,2023-01-08T00:29:00Z,101-1-1-0004,32.63,
1673137800000,2023-01-08T00:30:00Z,101-1-1-0004,32.6,
1673137860000,2023-01-08T00:31:00Z,101-1-1-0004,32.54,
1673137920000,2023-01-08T00:32:00Z,101-1-1-0004,32.48,
1673137980000,2023-01-08T00:33:00Z,101-1-1-0004,32.35,
1673138040000,2023-01-08T00:34:00Z,101-1-1-0004,32.19,
1673138100000,2023-01-08T00:35:00Z,101-1-1-0004,31.95,
1673138160000,2023-01-08T00:36:00Z,101-1-1-0004,31.69,
1673138220000,2023-01-08T00:37:00Z,101-1-1-0004,31.41,
1673138280000,2023-01-08T00:38:00Z,101-1-1-0004,31.14,
1673138340000,2023-01-08T00:39:00Z,101-1-1-0004,30.85,
1673138400000,2023-01-08T00:40:00Z,101-1-1-0004,30.65,
1673138460000,2023-01-08T00:41:00Z,101-1-1-0004,30.5,
1673138520000,2023-01-08T00:42:00Z,101-1-1-0004,30.37,
1673138580000,2023-01-08T00:43:00Z,101-1-1-0004,30.41,
1673138640000,2023-01-08T00:44:00Z,101-1-1-0004,30.45,
1673138700000,2023-01-08T00:45:00Z,101-1-1-0004,30.52,
1673138760000,2023-01-08T00:46:00Z,101-1-1-0004,30.66,
1673138820000,2023-01-08T00:47:00Z,101-1-1-0004,30.69,
1673138880000,2023-01-08T00:48:00Z,101-1-1-0004,30.67,
1673138940000,2023-01-08T00:49:00Z,101-1-1-0004,30.87,
1673139000000,2023-01-08T00:50:00Z,101-1-1-0004,31.1,
1673139060000,2023-01-08T00:51:00Z,101-1-1-0004,31.21,
1673139120000,2023-01-08T00:52:00Z,101-1-1-0004,31.33,
1673139180000,2023-01-08T00:53:00Z,101-1-1-0004,31.39,
1673139240000,2023-01-08T00:54:00Z,101-1-1-0004,31.52,
1673139300000,2023-01-08T00:55:00Z,101-1-1-0004,31.55,
1673139360000,2023-01-08T00:56:00Z,101-1-1-0004,31.55,
1673139420000,2023-01-08T00:57:00Z,101-1-1-0004,31.65,
1673139480000,2023-01-08T00:58:00Z,101-1-1-0004,31.73,
1673139540000,2023-01-08T00:59:00Z,101-1-1-0004,31.78,
1673139600000,2023-01-08T01:00:00Z,101-1-1-0004,31.75,
1673139660000,2023-01-08T01:01:00Z,101-1-1-0004,31.76,
1673139720000,2023-01-08T01:02:00Z,101-1-1-0004,31.7,
1673139780000,2023-01-08T01:03:00Z,101-1-1-0004,31.62,
1673139840000,2023-01-08T01:04:00Z,101-1-1-0004,31.48,
1673139900000,2023-01-08T01:05:00Z,101-1-1-0004,31.52,
1673139960000,2023-01-08T01:06:00Z,101-1-1-0004,31.42,
1673140020000,2023-01-08T01:07:00Z,101-1-1-0004,31.19,
1673140080000,2023-01-08T01:08:00Z,101-1-1-0004,30.89,
1673140140000,2023-01-08T01:09:00Z,101-1-1-0004,30.55,
1673140200000,2023-01-08T01:10:00Z,101-1-1-0004,30.32,
1673140260000,2023-01-08T01:11:00Z,101-1-1-0004,30.18,
1673140320000,2023-01-08T01:12:00Z,101-1-1-0004,29.92,
1673140380000,2023-01-08T01:13:00Z,101-1-1-0004,29.66,
1673140440000,2023-01-08T01:14:00Z,101-1-1-0004,29.47,
1673140500000,2023-01-08T01:15:00Z,101-1-1-0004,29.3,
1673140560000,2023-01-08T01:16:00Z,101-1-1-0004,29.16,
1673140620000,2023-01-08T01:17:00Z,101-1-1-0004,29.04,
1673140680000,2023-01-08T01:18:00Z,101-1-1-0004,28.98,
1673140740000,2023-01-08T01:19:00Z,101-1-1-0004,28.8,
1673140800000,2023-01-08T01:20:00Z,101-1-1-0004,28.63,
1673140860000,2023-01-08T01:21:00Z,101-1-1-0004,28.37,
1673140920000,2023-01-08T01:22:00Z,101-1-1-0004,28.14,
1673140980000,2023-01-08T01:23:00Z,101-1-1-0004,28.07,
1673141040000,2023-01-08T01:24:00Z,101-1-1-0004,27.99,
1673141100000,2023-01-08T01:25:00Z,101-1-1-0004,27.75,
1673141160000,2023-01-08T01:26:00Z,101-1-1-0004,27.72,
1673141220000,2023-01-08T01:27:00Z,101-1-1-0004,27.66,
1673141280000,2023-01-08T01:28:00Z,101-1-1-0004,27.68,
1673141340000,2023-01-08T01:29:00Z,101-1-1-0004,27.59,
1673141400000,2023-01-08T01:30:00Z,101-1-1-0004,27.55,
1673141460000,2023-01-08T01:31:00Z,101-1-1-0004,27.5,
1673141520000,2023-01-08T01:32:00Z,101-1-1-0004,27.43,
1673141580000,2023-01-08T01:33:00Z,101-1-1-0004,27.5,
1673141640000,2023-01-08T01:34:00Z,101-1-1-0004,27.84,
1673141700000,2023-01-08T01:35:00Z,101-1-1-0004,28.1,
1673141760000,2023-01-08T01:36:00Z,101-1-1-0004,28.24,
1673141820000,2023-01-08T01:37:00Z,101-1-1-0004,28.33,
1673141880000,2023-01-08T01:38:00Z,101-1-1-0004,28.41,
1673141940000,2023-01-08T01:39:00Z,101-1-1-0004,28.51,
1673142000000,2023-01-08T01:40:00Z,101-1-1-0004,28.66,
1673142060000,2023-01-08T01:41:00Z,101-1-1-0004,28.83,
1673142120000,2023-01-08T01:42:00Z,101-1-1-0004,29.07,
1673142180000,2023-01-08T01:43:00Z,101-1-1-0004,29.34,
1673142240000,2023-01-08T01:44:00Z,101-1-1-0004,29.6,
1673142300000,2023-01-08T01:45:00Z,101-1-1-0004,29.97,
1673142360000,2023-01-08T01:46:00Z,101-1-1-0004,30.39,
1673142420000,2023-01-08T01:47:00Z,101-1-1-0004,30.62,
1673142480000,2023-01-08T01:48:00Z,101-1-1-0004,30.83,
1673142540000,2023-01-08T01:49:00Z,101-1-1-0004,31.08,
1673142600000,2023-01-08T01:50:00Z,101-1-1-0004,31.29,
1673142660000,2023-01-08T01:51:00Z,101-1-1-0004,31.56,
1673142720000,2023-01-08T01:52:00Z,101-1-1-0004,31.75,
1673142780000,2023-01-08T01:53:00Z,101-1-1-0004,31.77,
1673142840000,2023-01-08T01:54:00Z,101-1-1-0004,31.76,
1673142900000,2023-01-08T01:55:00Z,101-1-1-0004,31.82,
1673142960000,2023-01-08T01:56:00Z,101-1-1-0004,31.99,
1673143020000,2023-01-08T01:57:00Z,101-1-1-0004,32.15,
1673143080000,2023-01-08T01:58:00Z,101-1-1-0004,32.24,
1673143140000,2023-01-08T01:59:00Z,101-1-1-0004,32.3,
1673143200000,2023-01-08T02:00:00Z,101-1-1-0004,32.34,
1673143260000,2023-01-08T02:01:00Z,101-1-1-0004,32.36,
1673143320000,2023-01-08T02:02:00Z,101-1-1-0004,32.38,
1673143380000,2023-01-08T02:03:00Z,101-1-1-0004,32.37,
1673143440000,2023-01-08T02:04:00Z,101-1-1-0004,32.46,
1673143500000,2023-01-08T02:05:00Z,101-1-1-0004,32.67,
1673143560000,2023-01-08T02:06:00Z,101-1-1-0004,32.92,
1673143620000,2023-01-08T02:07:00Z,101-1-1-0004,33.14,
1673143680000,2023-01-08T02:08:00Z,101-1-1-0004,33.3,
1673143740000,2023-01-08T02:09:00Z,101-1-1-0004,33.45,
1673143800000,2023-01-08T02:10:00Z,101-1-1-0004,33.57,
1673143860000,2023-01-08T02:11:00Z,101-1-1-0004,33.68,
1673143920000,2023-01-08T02:12:00Z,101-1-1-0004,33.73,
1673143980000,2023-01-08T02:13:00Z,101-1-1-0004,33.77,
1673144040000,2023-01-08T02:14:00Z,101-1-1-0004,33.84,
1673144100000,2023-01-08T02:15:00Z,101-1-1-0004,33.91,
1673144160000,2023-01-08T02:16:00Z,101-1-1-0004,33.95,
1673144220000,2023-01-08T02:17:00Z,101-1-1-0004,33.98,
1673144280000,2023-01-08T02:18:00Z,101-1-1-0004,34.01,
1673144340000,2023-01-08T02:19:00Z,101-1-1-0004,34.05,
1673144400000,2023-01-08T02:20:00Z,101-1-1-0004,34.09,
1673144460000,2023-01-08T02:21:00Z,101-1-1-0004,34.1,
1673144520000,2023-01-08T02:22:00Z,101-1-1-0004,34.13,
1673144580000,2023-01-08T02:23:00Z,101-1-1-0004,34.15,
1673144640000,2023-01-08T02:24:00Z,101-1-1-0004,34.18,
1673144700000,2023-01-08T02:25:00Z,101-1-1-0004,34.2,
1673144760000,2023-01-08T02:26:00Z,101-1-1-0004,34.24,
1673144820000,2023-01-08T02:27:00Z,101-1-1-0004,34.26,
1673144880000,2023-01-08T02:28:00Z,101-1-1-0004,34.28,
1673144940000,2023-01-08T02:29:00Z,101-1-1-0004,34.29,
1673145000000,2023-01-08T02:30:00Z,101-1-1-0004,34.28,
1673145060000,2023-01-08T02:31:00Z,101-1-1-0004,34.26,
1673145120000,2023-01-08T02:32:00Z,101-1-1-0004,34.26,
1673145180000,2023-01-08T02:33:00Z,101-1-1-0004,34.25,
1673145240000,2023-01-08T02:34:00Z,101-1-1-0004,34.27,
1673145300000,2023-01-08T02:35:00Z,101-1-1-0004,34.29,
1673145360000,2023-01-08T02:36:00Z,101-1-1-0004,34.27,
1673145420000,2023-01-08T02:37:00Z,101-1-1-0004,34.26,
1673145480000,2023-01-08T02:38:00Z,101-1-1-0004,34.27,
1673145540000,2023-01-08T02:39:00Z,101-1-1-0004,34.29,
1673145600000,2023-01-08T02:40:00Z,101-1-1-0004,34.29,
1673145660000,2023-01-08T02:41:00Z,101-1-1-0004,34.28,
1673145720000,2023-01-08T02:42:00Z,101-1-1-0004,34.28,
1673145780000,2023-01-08T02:43:00Z,101-1-1-0004,34.26,
1673145840000,2023-01-08T02:44:00Z,101-1-1-0004,34.22,
1673145900000,2023-01-08T02:45:00Z,101-1-1-0004,34.18,
1673145960000,2023-01-08T02:46:00Z,101-1-1-0004,34.13,
1673146020000,2023-01-08T02:47:00Z,101-1-1-0004,34.07,
1673146080000,2023-01-08T02:48:00Z,101-1-1-0004,34.02,
1673146140000,2023-01-08T02:49:00Z,101-1-1-0004,33.98,
1673146200000,2023-01-08T02:50:00Z,101-1-1-0004,33.97,
1673146260000,2023-01-08T02:51:00Z,101-1-1-0004,33.96,
1673146320000,2023-01-08T02:52:00Z,101-1-1-0004,33.96,
1673146380000,2023-01-08T02:53:00Z,101-1-1-0004,33.97,
1673146440000,2023-01-08T02:54:00Z,101-1-1-0004,33.99,
1673146500000,2023-01-08T02:55:00Z,101-1-1-0004,33.98,
1673146560000,2023-01-08T02:56:00Z,101-1-1-0004,33.95,
1673146620000,2023-01-08T02:57:00Z,101-1-1-0004,33.9,
1673146680000,2023-01-08T02:58:00Z,101-1-1-0004,33.86,
1673146740000,2023-01-08T02:59:00Z,101-1-1-0004,33.88,
1673146800000,2023-01-08T03:00:00Z,101-1-1-0004,33.91,
1673146860000,2023-01-08T03:01:00Z,101-1-1-0004,33.95,
1673146920000,2023-01-08T03:02:00Z,101-1-1-0004,33.99,
1673146980000,2023-01-08T03:03:00Z,101-1-1-0004,34.03,
1673147040000,2023-01-08T03:04:00Z,101-1-1-0004,34.06,
1673147100000,2023-01-08T03:05:00Z,101-1-1-0004,34.09,
1673147160000,2023-01-08T03:06:00Z,101-1-1-0004,34.12,
1673147220000,2023-01-08T03:07:00Z,101-1-1-0004,34.15,
1673147280000,2023-01-08T03:08:00Z,101-1-1-0004,34.17,
1673147340000,2023-01-08T03:09:00Z,101-1-1-0004,34.2,
1673147400000,2023-01-08T03:10:00Z,101-1-1-0004,34.21,
1673147460000,2023-01-08T03:11:00Z,101-1-1-0004,34.23,
1673147520000,2023-01-08T03:12:00Z,101-1-1-0004,34.24,
1673147580000,2023-01-08T03:13:00Z,101-1-1-0004,34.24,
1673147640000,2023-01-08T03:14:00Z,101-1-1-0004,34.22,
1673147700000,2023-01-08T03:15:00Z,101-1-1-0004,34.04,
1673147760000,2023-01-08T03:16:00Z,101-1-1-0004,33.76,
1673147820000,2023-01-08T03:17:00Z,101-1-1-0004,33.45,
1673147880000,2023-01-08T03:18:00Z,101-1-1-0004,33.17,
1673147940000,2023-01-08T03:19:00Z,101-1-1-0004,32.95,
1673148000000,2023-01-08T03:20:00Z,101-1-1-0004,32.83,
1673148060000,2023-01-08T03:21:00Z,101-1-1-0004,32.74,
1673148120000,2023-01-08T03:22:00Z,101-1-1-0004,32.66,
1673148180000,2023-01-08T03:23:00Z,101-1-1-0004,32.58,
1673148240000,2023-01-08T03:24:00Z,101-1-1-0004,32.51,
1673148300000,2023-01-08T03:25:00Z,101-1-1-0004,32.44,
1673148360000,2023-01-08T03:26:00Z,101-1-1-0004,32.39,
1673148420000,2023-01-08T03:27:00Z,101-1-1-0004,32.34,
1673148480000,2023-01-08T03:28:00Z,101-1-1-0004,32.31,
1673148540000,2023-01-08T03:29:00Z,101-1-1-0004,32.28,
1673148600000,2023-01-08T03:30:00Z,101-1-1-0004,32.26,
1673148660000,2023-01-08T03:31:00Z,101-1-1-0004,32.25,
1673148720000,2023-01-08T03:32:00Z,101-1-1-0004,32.24,
1673148780000,2023-01-08T03:33:00Z,101-1-1-0004,32.24,
1673148840000,2023-01-08T03:34:00Z,101-1-1-0004,32.23,
1673148900000,2023-01-08T03:35:00Z,101-1-1-0004,32.22,
1673148960000,2023-01-08T03:36:00Z,101-1-1-0004,32.19,
1673149020000,2023-01-08T03:37:00Z,101-1-1-0004,32.19,
1673149080000,2023-01-08T03:38:00Z,101-1-1-0004,32.2,
1673149140000,2023-01-08T03:39:00Z,101-1-1-0004,32.21,
1673149200000,2023-01-08T03:40:00Z,101-1-1-0004,32.23,
1673149260000,2023-01-08T03:41:00Z,101-1-1-0004,32.24,
1673149320000,2023-01-08T03:42:00Z,101-1-1-0004,32.26,
1673149380000,2023-01-08T03:43:00Z,101-1-1-0004,32.29,
1673149440000,2023-01-08T03:44:00Z,101-1-1-0004,32.31,
1673149500000,2023-01-08T03:45:00Z,101-1-1-0004,32.3,
1673149560000,2023-01-08T03:46:00Z,101-1-1-0004,32.29,
1673149620000,2023-01-08T03:47:00Z,101-1-1-0004,32.26,
1673149680000,2023-01-08T03:48:00Z,101-1-1-0004,32.25,
1673149740000,2023-01-08T03:49:00Z,101-1-1-0004,32.24,
1673149800000,2023-01-08T03:50:00Z,101-1-1-0004,32.21,
1673149860000,2023-01-08T03:51:00Z,101-1-1-0004,32.18,
1673149920000,2023-01-08T03:52:00Z,101-1-1-0004,32.15,
1673149980000,2023-01-08T03:53:00Z,101-1-1-0004,32.14,
1673150040000,2023-01-08T03:54:00Z,101-1-1-0004,32.11,
1673150100000,2023-01-08T03:55:00Z,101-1-1-0004,32.1,
1673150160000,2023-01-08T03:56:00Z,101-1-1-0004,32.1,
1673150220000,2023-01-08T03:57:00Z,101-1-1-0004,32.1,
1673150280000,2023-01-08T03:58:00Z,101-1-1-0004,32.09,
1673150340000,2023-01-08T03:59:00Z,101-1-1-0004,32.09,
1673150400000,2023-01-08T04:00:00Z,101-1-1-0004,32.1,
1673150460000,2023-01-08T04:01:00Z,101-1-1-0004,32.09,
1673150520000,2023-01-08T04:02:00Z,101-1-1-0004,32.08,
1673150580000,2023-01-08T04:03:00Z,101-1-1-0004,32.06,
1673150640000,2023-01-08T04:04:00Z,101-1-1-0004,32.06,
1673150700000,2023-01-08T04:05:00Z,101-1-1-0004,32.06,
1673150760000,2023-01-08T04:06:00Z,101-1-1-0004,32.05,
1673150820000,2023-01-08T04:07:00Z,101-1-1-0004,32.03,
1673150880000,2023-01-08T04:08:00Z,101-1-1-0004,32.04,
1673150940000,2023-01-08T04:09:00Z,101-1-1-0004,32.05,
1673151000000,2023-01-08T04:10:00Z,101-1-1-0004,32.04,
1673151060000,2023-01-08T04:11:00Z,101-1-1-0004,32.01,
1673151120000,2023-01-08T04:12:00Z,101-1-1-0004,31.96,
1673151180000,2023-01-08T04:13:00Z,101-1-1-0004,31.9,
1673151240000,2023-01-08T04:14:00Z,101-1-1-0004,31.84,
1673151300000,2023-01-08T04:15:00Z,101-1-1-0004,31.77,
1673151360000,2023-01-08T04:16:00Z,101-1-1-0004,31.7,
1673151420000,2023-01-08T04:17:00Z,101-1-1-0004,31.64,
1673151480000,2023-01-08T04:18:00Z,101-1-1-0004,31.57,
1673151540000,2023-01-08T04:19:00Z,101-1-1-0004,31.5,
1673151600000,2023-01-08T04:20:00Z,101-1-1-0004,31.43,
1673151660000,2023-01-08T04:21:00Z,101-1-1-0004,31.37,
1673151720000,2023-01-08T04:22:00Z,101-1-1-0004,31.3,
1673151780000,2023-01-08T04:23:00Z,101-1-1-0004,31.21,
1673151840000,2023-01-08T04:24:00Z,101-1-1-0004,31.11,
1673151900000,2023-01-08T04:25:00Z,101-1-1-0004,31.04,
1673151960000,2023-01-08T04:26:00Z,101-1-1-0004,30.96,
1673152020000,2023-01-08T04:27:00Z,101-1-1-0004,30.9,
1673152080000,2023-01-08T04:28:00Z,101-1-1-0004,30.86,
1673152140000,2023-01-08T04:29:00Z,101-1-1-0004,30.82,
1673152200000,2023-01-08T04:30:00Z,101-1-1-0004,30.8,
1673152260000,2023-01-08T04:31:00Z,101-1-1-0004,30.78,
1673152320000,2023-01-08T04:32:00Z,101-1-1-0004,30.75,
1673152380000,2023-01-08T04:33:00Z,101-1-1-0004,30.73,
1673152440000,2023-01-08T04:34:00Z,101-1-1-0004,30.71,
1673152500000,2023-01-08T04:35:00Z,101-1-1-0004,30.69,
1673152560000,2023-01-08T04:36:00Z,101-1-1-0004,30.68,
1673152620000,2023-01-08T04:37:00Z,101-1-1-0004,30.68,
1673152680000,2023-01-08T04:38:00Z,101-1-1-0004,30.68,
1673152740000,2023-01-08T04:39:00Z,101-1-1-0004,30.69,
1673152800000,2023-01-08T04:40:00Z,101-1-1-0004,30.7,
1673152860000,2023-01-08T04:41:00Z,101-1-1-0004,30.69,
1673152920000,2023-01-08T04:42:00Z,101-1-1-0004,30.69,
1673152980000,2023-01-08T04:43:00Z,101-1-1-0004,30.69,
1673153040000,2023-01-08T04:44:00Z,101-1-1-0004,30.7,
1673153100000,2023-01-08T04:45:00Z,101-1-1-0004,30.71,
1673153160000,2023-01-08T04:46:00Z,101-1-1-0004,30.72,
1673153220000,2023-01-08T04:47:00Z,101-1-1-0004,30.73,
1673153280000,2023-01-08T04:48:00Z,101-1-1-0004,30.74,
1673153340000,2023-01-08T04:49:00Z,101-1-1-0004,30.76,
1673153400000,2023-01-08T04:50:00Z,101-1-1-0004,30.76,
1673153460000,2023-01-08T04:51:00Z,101-1-1-0004,30.77,
1673153520000,2023-01-08T04:52:00Z,101-1-1-0004,30.78,
1673153580000,2023-01-08T04:53:00Z,101-1-1-0004,30.78,
1673153640000,2023-01-08T04:54:00Z,101-1-1-0004,30.8,
1673153700000,2023-01-08T04:55:00Z,101-1-1-0004,30.81,
1673153760000,2023-01-08T04:56:00Z,101-1-1-0004,30.82,
1673153820000,2023-01-08T04:57:00Z,101-1-1-0004,30.83,
1673153880000,2023-01-08T04:58:00Z,101-1-1-0004,30.83,
1673153940000,2023-01-08T04:59:00Z,101-1-1-0004,30.84,
1673154000000,2023-01-08T05:00:00Z,101-1-1-0004,30.83,
1673154060000,2023-01-08T05:01:00Z,101-1-1-0004,30.83,
1673154120000,2023-01-08T05:02:00Z,101-1-1-0004,30.83,
1673154180000,2023-01-08T05:03:00Z,101-1-1-0004,30.83,
1673154240000,2023-01-08T05:04:00Z,101-1-1-0004,30.9,
1673154300000,2023-01-08T05:05:00Z,101-1-1-0004,30.97,
1673154360000,2023-01-08T05:06:00Z,101-1-1-0004,31.08,
1673154420000,2023-01-08T05:07:00Z,101-1-1-0004,31.17,
1673154480000,2023-01-08T05:08:00Z,101-1-1-0004,31.25,
1673154540000,2023-01-08T05:09:00Z,101-1-1-0004,31.3,
1673154600000,2023-01-08T05:10:00Z,101-1-1-0004,31.35,
1673154660000,2023-01-08T05:11:00Z,101-1-1-0004,31.39,
1673154720000,2023-01-08T05:12:00Z,101-1-1-0004,31.4,
1673154780000,2023-01-08T05:13:00Z,101-1-1-0004,31.41,
1673154840000,2023-01-08T05:14:00Z,101-1-1-0004,31.4,
1673154900000,2023-01-08T05:15:00Z,101-1-1-0004,31.4,
1673154960000,2023-01-08T05:16:00Z,101-1-1-0004,31.39,
1673155020000,2023-01-08T05:17:00Z,101-1-1-0004,31.37,
1673155080000,2023-01-08T05:18:00Z,101-1-1-0004,31.35,
1673155140000,2023-01-08T05:19:00Z,101-1-1-0004,31.33,
1673155200000,2023-01-08T05:20:00Z,101-1-1-0004,31.31,
1673155260000,2023-01-08T05:21:00Z,101-1-1-0004,31.28,
1673155320000,2023-01-08T05:22:00Z,101-1-1-0004,31.23,
1673155380000,2023-01-08T05:23:00Z,101-1-1-0004,31.18,
1673155440000,2023-01-08T05:24:00Z,101-1-1-0004,31.13,
1673155500000,2023-01-08T05:25:00Z,101-1-1-0004,31.08,
1673155560000,2023-01-08T05:26:00Z,101-1-1-0004,31.04,
1673155620000,2023-01-08T05:27:00Z,101-1-1-0004,31.01,
1673155680000,2023-01-08T05:28:00Z,101-1-1-0004,30.98,
1673155740000,2023-01-08T05:29:00Z,101-1-1-0004,30.95,
1673155800000,2023-01-08T05:30:00Z,101-1-1-0004,30.93,
1673155860000,2023-01-08T05:31:00Z,101-1-1-0004,30.9,
1673155920000,2023-01-08T05:32:00Z,101-1-1-0004,30.88,
1673155980000,2023-01-08T05:33:00Z,101-1-1-0004,30.85,
1673156040000,2023-01-08T05:34:00Z,101-1-1-0004,30.83,
1673156100000,2023-01-08T05:35:00Z,101-1-1-0004,30.84,
1673156160000,2023-01-08T05:36:00Z,101-1-1-0004,31.04,
1673156220000,2023-01-08T05:37:00Z,101-1-1-0004,31.32,
1673156280000,2023-01-08T05:38:00Z,101-1-1-0004,31.58,
1673156340000,2023-01-08T05:39:00Z,101-1-1-0004,31.84,
1673156400000,2023-01-08T05:40:00Z,101-1-1-0004,32.06,
1673156460000,2023-01-08T05:41:00Z,101-1-1-0004,32.27,
1673156520000,2023-01-08T05:42:00Z,101-1-1-0004,32.44,
1673156580000,2023-01-08T05:43:00Z,101-1-1-0004,32.58,
1673156640000,2023-01-08T05:44:00Z,101-1-1-0004,32.68,
1673156700000,2023-01-08T05:45:00Z,101-1-1-0004,32.78,
1673156760000,2023-01-08T05:46:00Z,101-1-1-0004,32.88,
1673156820000,2023-01-08T05:47:00Z,101-1-1-0004,32.98,
1673156880000,2023-01-08T05:48:00Z,101-1-1-0004,33.08,
1673156940000,2023-01-08T05:49:00Z,101-1-1-0004,33.15,
1673157000000,2023-01-08T05:50:00Z,101-1-1-0004,33.23,
1673157060000,2023-01-08T05:51:00Z,101-1-1-0004,33.33,
1673157120000,2023-01-08T05:52:00Z,101-1-1-0004,33.42,
1673157180000,2023-01-08T05:53:00Z,101-1-1-0004,33.5,
1673157240000,2023-01-08T05:54:00Z,101-1-1-0004,33.58,
1673157300000,2023-01-08T05:55:00Z,101-1-1-0004,33.65,
1673157360000,2023-01-08T05:56:00Z,101-1-1-0004,33.72,
1673157420000,2023-01-08T05:57:00Z,101-1-1-0004,33.78,
1673157480000,2023-01-08T05:58:00Z,101-1-1-0004,33.84,
1673157540000,2023-01-08T05:59:00Z,101-1-1-0004,33.9,
1673157600000,2023-01-08T06:00:00Z,101-1-1-0004,33.95,
1673157660000,2023-01-08T06:01:00Z,101-1-1-0004,34.01,
1673157720000,2023-01-08T06:02:00Z,101-1-1-0004,34.07,
1673157780000,2023-01-08T06:03:00Z,101-1-1-0004,34.1,
1673157840000,2023-01-08T06:04:00Z,101-1-1-0004,34.15,
1673157900000,2023-01-08T06:05:00Z,101-1-1-0004,34.19,
1673157960000,2023-01-08T06:06:00Z,101-1-1-0004,34.24,
1673158020000,2023-01-08T06:07:00Z,101-1-1-0004,34.24,
1673158080000,2023-01-08T06:08:00Z,101-1-1-0004,34.08,
1673158140000,2023-01-08T06:09:00Z,101-1-1-0004,33.88,
1673158200000,2023-01-08T06:10:00Z,101-1-1-0004,33.67,
1673158260000,2023-01-08T06:11:00Z,101-1-1-0004,33.48,
1673158320000,2023-01-08T06:12:00Z,101-1-1-0004,33.29,
1673158380000,2023-01-08T06:13:00Z,101-1-1-0004,33.14,
1673158440000,2023-01-08T06:14:00Z,101-1-1-0004,33.03,
1673158500000,2023-01-08T06:15:00Z,101-1-1-0004,32.94,
1673158560000,2023-01-08T06:16:00Z,101-1-1-0004,32.87,
1673158620000,2023-01-08T06:17:00Z,101-1-1-0004,32.81,
1673158680000,2023-01-08T06:18:00Z,101-1-1-0004,32.75,
1673158740000,2023-01-08T06:19:00Z,101-1-1-0004,32.71,
1673158800000,2023-01-08T06:20:00Z,101-1-1-0004,32.67,
1673158860000,2023-01-08T06:21:00Z,101-1-1-0004,32.64,
1673158920000,2023-01-08T06:22:00Z,101-1-1-0004,32.62,
1673158980000,2023-01-08T06:23:00Z,101-1-1-0004,32.6,
1673159040000,2023-01-08T06:24:00Z,101-1-1-0004,32.58,
1673159100000,2023-01-08T06:25:00Z,101-1-1-0004,32.58,
1673159160000,2023-01-08T06:26:00Z,101-1-1-0004,32.57,
1673159220000,2023-01-08T06:27:00Z,101-1-1-0004,32.54,
1673159280000,2023-01-08T06:28:00Z,101-1-1-0004,32.53,
1673159340000,2023-01-08T06:29:00Z,101-1-1-0004,32.54,
1673159400000,2023-01-08T06:30:00Z,101-1-1-0004,32.54,
1673159460000,2023-01-08T06:31:00Z,101-1-1-0004,32.53,
1673159520000,2023-01-08T06:32:00Z,101-1-1-0004,32.51,
1673159580000,2023-01-08T06:33:00Z,101-1-1-0004,32.51,
1673159640000,2023-01-08T06:34:00Z,101-1-1-0004,32.51,
1673159700000,2023-01-08T06:35:00Z,101-1-1-0004,32.57,
1673159760000,2023-01-08T06:36:00Z,101-1-1-0004,32.77,
1673159820000,2023-01-08T06:37:00Z,101-1-1-0004,33.07,
1673159880000,2023-01-08T06:38:00Z,101-1-1-0004,33.35,
1673159940000,2023-01-08T06:39:00Z,101-1-1-0004,33.61,
1673160000000,2023-01-08T06:40:00Z,101-1-1-0004,33.84,
1673160060000,2023-01-08T06:41:00Z,101-1-1-0004,34.06,
1673160120000,2023-01-08T06:42:00Z,101-1-1-0004,34.22,
1673160180000,2023-01-08T06:43:00Z,101-1-1-0004,34.4,
1673160240000,2023-01-08T06:44:00Z,101-1-1-0004,34.54,
1673160300000,2023-01-08T06:45:00Z,101-1-1-0004,34.66,
1673160360000,2023-01-08T06:46:00Z,101-1-1-0004,34.75,
1673160420000,2023-01-08T06:47:00Z,101-1-1-0004,34.85,
1673160480000,2023-01-08T06:48:00Z,101-1-1-0004,34.92,
1673160540000,2023-01-08T06:49:00Z,101-1-1-0004,34.98,
1673160600000,2023-01-08T06:50:00Z,101-1-1-0004,35.03,
1673160660000,2023-01-08T06:51:00Z,101-1-1-0004,35.09,
1673160720000,2023-01-08T06:52:00Z,101-1-1-0004,35.14,
1673160780000,2023-01-08T06:53:00Z,101-1-1-0004,35.17,
1673160840000,2023-01-08T06:54:00Z,101-1-1-0004,35.2,
1673160900000,2023-01-08T06:55:00Z,101-1-1-0004,35.24,
1673160960000,2023-01-08T06:56:00Z,101-1-1-0004,35.26,
1673161020000,2023-01-08T06:57:00Z,101-1-1-0004,35.28,
1673161080000,2023-01-08T06:58:00Z,101-1-1-0004,35.29,
1673161140000,2023-01-08T06:59:00Z,101-1-1-0004,35.3,
1673161200000,2023-01-08T07:00:00Z,101-1-1-0004,35.31,
1673161260000,2023-01-08T07:01:00Z,101-1-1-0004,35.32,
1673161320000,2023-01-08T07:02:00Z,101-1-1-0004,35.34,
1673161380000,2023-01-08T07:03:00Z,101-1-1-0004,35.36,
1673161440000,2023-01-08T07:04:00Z,101-1-1-0004,35.34,
1673161500000,2023-01-08T07:05:00Z,101-1-1-0004,35.2,
1673161560000,2023-01-08T07:06:00Z,101-1-1-0004,34.97,
1673161620000,2023-01-08T07:07:00Z,101-1-1-0004,34.74,
1673161680000,2023-01-08T07:08:00Z,101-1-1-0004,34.52,
1673161740000,2023-01-08T07:09:00Z,101-1-1-0004,34.33,
1673161800000,2023-01-08T07:10:00Z,101-1-1-0004,34.14,
1673161860000,2023-01-08T07:11:00Z,101-1-1-0004,33.94,
1673161920000,2023-01-08T07:12:00Z,101-1-1-0004,33.8,
1673161980000,2023-01-08T07:13:00Z,101-1-1-0004,33.7,
1673162040000,2023-01-08T07:14:00Z,101-1-1-0004,33.61,
1673162100000,2023-01-08T07:15:00Z,101-1-1-0004,33.54,
1673162160000,2023-01-08T07:16:00Z,101-1-1-0004,33.47,
1673162220000,2023-01-08T07:17:00Z,101-1-1-0004,33.39,
1673162280000,2023-01-08T07:18:00Z,101-1-1-0004,33.31,
1673162340000,2023-01-08T07:19:00Z,101-1-1-0004,33.24,
1673162400000,2023-01-08T07:20:00Z,101-1-1-0004,33.17,
1673162460000,2023-01-08T07:21:00Z,101-1-1-0004,33.1,
1673162520000,2023-01-08T07:22:00Z,101-1-1-0004,33.0,
1673162580000,2023-01-08T07:23:00Z,101-1-1-0004,32.95,
1673162640000,2023-01-08T07:24:00Z,101-1-1-0004,32.93,
1673162700000,2023-01-08T07:25:00Z,101-1-1-0004,32.9,
1673162760000,2023-01-08T07:26:00Z,101-1-1-0004,32.89,
1673162820000,2023-01-08T07:27:00Z,101-1-1-0004,32.9,
1673162880000,2023-01-08T07:28:00Z,101-1-1-0004,32.92,
1673162940000,2023-01-08T07:29:00Z,101-1-1-0004,32.91,
1673163000000,2023-01-08T07:30:00Z,101-1-1-0004,32.89,
1673163060000,2023-01-08T07:31:00Z,101-1-1-0004,32.86,
1673163120000,2023-01-08T07:32:00Z,101-1-1-0004,32.84,
1673163180000,2023-01-08T07:33:00Z,101-1-1-0004,32.84,
1673163240000,2023-01-08T07:34:00Z,101-1-1-0004,32.81,
1673163300000,2023-01-08T07:35:00Z,101-1-1-0004,32.79,
1673163360000,2023-01-08T07:36:00Z,101-1-1-0004,32.72,
1673163420000,2023-01-08T07:37:00Z,101-1-1-0004,32.65,
1673163480000,2023-01-08T07:38:00Z,101-1-1-0004,32.61,
1673163540000,2023-01-08T07:39:00Z,101-1-1-0004,32.6,
1673163600000,2023-01-08T07:40:00Z,101-1-1-0004,32.59,
1673163660000,2023-01-08T07:41:00Z,101-1-1-0004,32.58,
1673163720000,2023-01-08T07:42:00Z,101-1-1-0004,32.65,
1673163780000,2023-01-08T07:43:00Z,101-1-1-0004,32.72,
1673163840000,2023-01-08T07:44:00Z,101-1-1-0004,32.76,
1673163900000,2023-01-08T07:45:00Z,101-1-1-0004,32.8,
1673163960000,2023-01-08T07:46:00Z,101-1-1-0004,32.85,
1673164020000,2023-01-08T07:47:00Z,101-1-1-0004,32.91,
1673164080000,2023-01-08T07:48:00Z,101-1-1-0004,32.96,
1673164140000,2023-01-08T07:49:00Z,101-1-1-0004,32.99,
1673164200000,2023-01-08T07:50:00Z,101-1-1-0004,32.98,
1673164260000,2023-01-08T07:51:00Z,101-1-1-0004,32.99,
1673164320000,2023-01-08T07:52:00Z,101-1-1-0004,33.02,
1673164380000,2023-01-08T07:53:00Z,101-1-1-0004,33.05,
1673164440000,2023-01-08T07:54:00Z,101-1-1-0004,33.05,
1673164500000,2023-01-08T07:55:00Z,101-1-1-0004,33.06,
1673164560000,2023-01-08T07:56:00Z,101-1-1-0004,33.06,
1673164620000,2023-01-08T07:57:00Z,101-1-1-0004,33.02,
1673164680000,2023-01-08T07:58:00Z,101-1-1-0004,33.03,
1673164740000,2023-01-08T07:59:00Z,101-1-1-0004,33.06,
1673164800000,2023-01-08T08:00:00Z,101-1-1-0004,33.06,
1673164860000,2023-01-08T08:01:00Z,101-1-1-0004,33.01,
1673164920000,2023-01-08T08:02:00Z,101-1-1-0004,32.98,
1673164980000,2023-01-08T08:03:00Z,101-1-1-0004,32.96,
1673165040000,2023-01-08T08:04:00Z,101-1-1-0004,32.96,
1673165100000,2023-01-08T08:05:00Z,101-1-1-0004,33.03,
1673165160000,2023-01-08T08:06:00Z,101-1-1-0004,33.02,
1673165220000,2023-01-08T08:07:00Z,101-1-1-0004,33.01,
1673165280000,2023-01-08T08:08:00Z,101-1-1-0004,33.0,
1673165340000,2023-01-08T08:09:00Z,101-1-1-0004,32.98,
1673165400000,2023-01-08T08:10:00Z,101-1-1-0004,32.97,
1673165460000,2023-01-08T08:11:00Z,101-1-1-0004,32.99,
1673165520000,2023-01-08T08:12:00Z,101-1-1-0004,33.01,
1673165580000,2023-01-08T08:13:00Z,101-1-1-0004,32.99,
1673165640000,2023-01-08T08:14:00Z,101-1-1-0004,32.99,
1673165700000,2023-01-08T08:15:00Z,101-1-1-0004,33.0,
1673165760000,2023-01-08T08:16:00Z,101-1-1-0004,33.0,
1673165820000,2023-01-08T08:17:00Z,101-1-1-0004,32.99,
1673165880000,2023-01-08T08:18:00Z,101-1-1-0004,32.94,
1673165940000,2023-01-08T08:19:00Z,101-1-1-0004,32.88,
1673166000000,2023-01-08T08:20:00Z,101-1-1-0004,32.84,
1673166060000,2023-01-08T08:21:00Z,101-1-1-0004,32.8,
1673166120000,2023-01-08T08:22:00Z,101-1-1-0004,32.8,
1673166180000,2023-01-08T08:23:00Z,101-1-1-0004,32.81,
1673166240000,2023-01-08T08:24:00Z,101-1-1-0004,32.81,
1673166300000,2023-01-08T08:25:00Z,101-1-1-0004,32.8,
1673166360000,2023-01-08T08:26:00Z,101-1-1-0004,32.78,
1673166420000,2023-01-08T08:27:00Z,101-1-1-0004,32.79,
1673166480000,2023-01-08T08:28:00Z,101-1-1-0004,32.79,
1673166540000,2023-01-08T08:29:00Z,101-1-1-0004,32.78,
1673166600000,2023-01-08T08:30:00Z,101-1-1-0004,32.76,
1673166660000,2023-01-08T08:31:00Z,101-1-1-0004,32.74,
1673166720000,2023-01-08T08:32:00Z,101-1-1-0004,32.69,
1673166780000,2023-01-08T08:33:00Z,101-1-1-0004,32.63,
1673166840000,2023-01-08T08:34:00Z,101-1-1-0004,32.57,
1673166900000,2023-01-08T08:35:00Z,101-1-1-0004,32.51,
1673166960000,2023-01-08T08:36:00Z,101-1-1-0004,32.46,
1673167020000,2023-01-08T08:37:00Z,101-1-1-0004,32.4,
1673167080000,2023-01-08T08:38:00Z,101-1-1-0004,32.32,
1673167140000,2023-01-08T08:39:00Z,101-1-1-0004,32.19,
1673167200000,2023-01-08T08:40:00Z,101-1-1-0004,32.12,
1673167260000,2023-01-08T08:41:00Z,101-1-1-0004,32.23,
1673167320000,2023-01-08T08:42:00Z,101-1-1-0004,32.38,
1673167380000,2023-01-08T08:43:00Z,101-1-1-0004,32.54,
1673167440000,2023-01-08T08:44:00Z,101-1-1-0004,32.71,
1673167500000,2023-01-08T08:45:00Z,101-1-1-0004,32.87,
1673167560000,2023-01-08T08:46:00Z,101-1-1-0004,32.96,
1673167620000,2023-01-08T08:47:00Z,101-1-1-0004,33.08,
1673167680000,2023-01-08T08:48:00Z,101-1-1-0004,33.18,
1673167740000,2023-01-08T08:49:00Z,101-1-1-0004,33.26,
1673167800000,2023-01-08T08:50:00Z,101-1-1-0004,33.38,
1673167860000,2023-01-08T08:51:00Z,101-1-1-0004,33.42,
1673167920000,2023-01-08T08:52:00Z,101-1-1-0004,33.41,
1673167980000,2023-01-08T08:53:00Z,101-1-1-0004,33.4,
1673168040000,2023-01-08T08:54:00Z,101-1-1-0004,33.39,
1673168100000,2023-01-08T08:55:00Z,101-1-1-0004,33.29,
1673168160000,2023-01-08T08:56:00Z,101-1-1-0004,33.1,
1673168220000,2023-01-08T08:57:00Z,101-1-1-0004,32.93,
1673168280000,2023-01-08T08:58:00Z,101-1-1-0004,32.74,
1673168340000,2023-01-08T08:59:00Z,101-1-1-0004,32.58,
1673168400000,2023-01-08T09:00:00Z,101-1-1-0004,32.46,
1673168460000,2023-01-08T09:01:00Z,101-1-1-0004,32.39,
1673168520000,2023-01-08T09:02:00Z,101-1-1-0004,32.35,
1673168580000,2023-01-08T09:03:00Z,101-1-1-0004,32.3,
1673168640000,2023-01-08T09:04:00Z,101-1-1-0004,32.24,
1673168700000,2023-01-08T09:05:00Z,101-1-1-0004,32.11,
1673168760000,2023-01-08T09:06:00Z,101-1-1-0004,31.99,
1673168820000,2023-01-08T09:07:00Z,101-1-1-0004,31.88,
1673168880000,2023-01-08T09:08:00Z,101-1-1-0004,31.69,
1673168940000,2023-01-08T09:09:00Z,101-1-1-0004,31.3,
1673169000000,2023-01-08T09:10:00Z,101-1-1-0004,30.85,
1673169060000,2023-01-08T09:11:00Z,101-1-1-0004,30.57,
1673169120000,2023-01-08T09:12:00Z,101-1-1-0004,30.44,
1673169180000,2023-01-08T09:13:00Z,101-1-1-0004,30.29,
1673169240000,2023-01-08T09:14:00Z,101-1-1-0004,30.17,
1673169300000,2023-01-08T09:15:00Z,101-1-1-0004,30.01,
1673169360000,2023-01-08T09:16:00Z,101-1-1-0004,29.89,
1673169420000,2023-01-08T09:17:00Z,101-1-1-0004,29.77,
1673169480000,2023-01-08T09:18:00Z,101-1-1-0004,29.66,
1673169540000,2023-01-08T09:19:00Z,101-1-1-0004,29.66,
1673169600000,2023-01-08T09:20:00Z,101-1-1-0004,29.69,
1673169660000,2023-01-08T09:21:00Z,101-1-1-0004,29.71,
1673169720000,2023-01-08T09:22:00Z,101-1-1-0004,29.83,
1673169780000,2023-01-08T09:23:00Z,101-1-1-0004,30.02,
1673169840000,2023-01-08T09:24:00Z,101-1-1-0004,30.06,
1673169900000,2023-01-08T09:25:00Z,101-1-1-0004,30.06,
1673169960000,2023-01-08T09:26:00Z,101-1-1-0004,30.0,
1673170020000,2023-01-08T09:27:00Z,101-1-1-0004,30.11,
1673170080000,2023-01-08T09:28:00Z,101-1-1-0004,30.22,
1673170140000,2023-01-08T09:29:00Z,101-1-1-0004,30.27,
1673170200000,2023-01-08T09:30:00Z,101-1-1-0004,30.45,
1673170260000,2023-01-08T09:31:00Z,101-1-1-0004,30.64,
1673170320000,2023-01-08T09:32:00Z,101-1-1-0004,30.78,
1673170380000,2023-01-08T09:33:00Z,101-1-1-0004,30.86,
1673170440000,2023-01-08T09:34:00Z,101-1-1-0004,30.76,
1673170500000,2023-01-08T09:35:00Z,101-1-1-0004,30.66,
1673170560000,2023-01-08T09:36:00Z,101-1-1-0004,30.66,
1673170620000,2023-01-08T09:37:00Z,101-1-1-0004,30.7,
1673170680000,2023-01-08T09:38:00Z,101-1-1-0004,30.8,
1673170740000,2023-01-08T09:39:00Z,101-1-1-0004,30.97,
1673170800000,2023-01-08T09:40:00Z,101-1-1-0004,30.87,
1673170860000,2023-01-08T09:41:00Z,101-1-1-0004,30.86,
1673170920000,2023-01-08T09:42:00Z,101-1-1-0004,30.98,
1673170980000,2023-01-08T09:43:00Z,101-1-1-0004,31.13,
1673171040000,2023-01-08T09:44:00Z,101-1-1-0004,31.14,
1673171100000,2023-01-08T09:45:00Z,101-1-1-0004,31.04,
1673171160000,2023-01-08T09:46:00Z,101-1-1-0004,30.87,
1673171220000,2023-01-08T09:47:00Z,101-1-1-0004,30.82,
1673171280000,2023-01-08T09:48:00Z,101-1-1-0004,30.88,
1673171340000,2023-01-08T09:49:00Z,101-1-1-0004,31.03,
1673171400000,2023-01-08T09:50:00Z,101-1-1-0004,31.02,
1673171460000,2023-01-08T09:51:00Z,101-1-1-0004,31.09,
1673171520000,2023-01-08T09:52:00Z,101-1-1-0004,31.12,
1673171580000,2023-01-08T09:53:00Z,101-1-1-0004,31.14,
1673171640000,2023-01-08T09:54:00Z,101-1-1-0004,31.28,
1673171700000,2023-01-08T09:55:00Z,101-1-1-0004,31.36,
1673171760000,2023-01-08T09:56:00Z,101-1-1-0004,31.4,
1673171820000,2023-01-08T09:57:00Z,101-1-1-0004,31.57,
1673171880000,2023-01-08T09:58:00Z,101-1-1-0004,31.71,
1673171940000,2023-01-08T09:59:00Z,101-1-1-0004,31.91,
1673172000000,2023-01-08T10:00:00Z,101-1-1-0004,32.1,
1673172060000,2023-01-08T10:01:00Z,101-1-1-0004,32.08,
1673172120000,2023-01-08T10:02:00Z,101-1-1-0004,32.08,
1673172180000,2023-01-08T10:03:00Z,101-1-1-0004,32.06,
1673172240000,2023-01-08T10:04:00Z,101-1-1-0004,32.03,
1673172300000,2023-01-08T10:05:00Z,101-1-1-0004,32.02,
1673172360000,2023-01-08T10:06:00Z,101-1-1-0004,32.08,
1673172420000,2023-01-08T10:07:00Z,101-1-1-0004,32.1,
1673172480000,2023-01-08T10:08:00Z,101-1-1-0004,32.15,
1673172540000,2023-01-08T10:09:00Z,101-1-1-0004,32.33,
1673172600000,2023-01-08T10:10:00Z,101-1-1-0004,32.43,
1673172660000,2023-01-08T10:11:00Z,101-1-1-0004,32.46,
1673172720000,2023-01-08T10:12:00Z,101-1-1-0004,32.54,
1673172780000,2023-01-08T10:13:00Z,101-1-1-0004,32.61,
1673172840000,2023-01-08T10:14:00Z,101-1-1-0004,32.59,
1673172900000,2023-01-08T10:15:00Z,101-1-1-0004,32.59,
1673172960000,2023-01-08T10:16:00Z,101-1-1-0004,32.62,
1673173020000,2023-01-08T10:17:00Z,101-1-1-0004,32.62,
1673173080000,2023-01-08T10:18:00Z,101-1-1-0004,32.69,
1673173140000,2023-01-08T10:19:00Z,101-1-1-0004,32.68,
1673173200000,2023-01-08T10:20:00Z,101-1-1-0004,32.64,
1673173260000,2023-01-08T10:21:00Z,101-1-1-0004,32.61,
1673173320000,2023-01-08T10:22:00Z,101-1-1-0004,32.91,
1673173380000,2023-01-08T10:23:00Z,101-1-1-0004,32.92,
1673173440000,2023-01-08T10:24:00Z,101-1-1-0004,32.89,
1673173500000,2023-01-08T10:25:00Z,101-1-1-0004,32.74,
1673173560000,2023-01-08T10:26:00Z,101-1-1-0004,32.62,
1673173620000,2023-01-08T10:27:00Z,101-1-1-0004,32.65,
1673173680000,2023-01-08T10:28:00Z,101-1-1-0004,32.69,
1673173740000,2023-01-08T10:29:00Z,101-1-1-0004,32.75,
1673173800000,2023-01-08T10:30:00Z,101-1-1-0004,32.9,
1673173860000,2023-01-08T10:31:00Z,101-1-1-0004,33.01,
1673173920000,2023-01-08T10:32:00Z,101-1-1-0004,33.05,
1673173980000,2023-01-08T10:33:00Z,101-1-1-0004,33.13,
1673174040000,2023-01-08T10:34:00Z,101-1-1-0004,33.19,
1673174100000,2023-01-08T10:35:00Z,101-1-1-0004,33.27,
1673174160000,2023-01-08T10:36:00Z,101-1-1-0004,33.21,
1673174220000,2023-01-08T10:37:00Z,101-1-1-0004,33.23,
1673174280000,2023-01-08T10:38:00Z,101-1-1-0004,33.35,
1673174340000,2023-01-08T10:39:00Z,101-1-1-0004,33.73,
1673174400000,2023-01-08T10:40:00Z,101-1-1-0004,33.95,
1673174460000,2023-01-08T10:41:00Z,101-1-1-0004,33.83,
1673174520000,2023-01-08T10:42:00Z,101-1-1-0004,33.6,
1673174580000,2023-01-08T10:43:00Z,101-1-1-0004,33.39,
1673174640000,2023-01-08T10:44:00Z,101-1-1-0004,33.25,
1673174700000,2023-01-08T10:45:00Z,101-1-1-0004,33.11,
1673174760000,2023-01-08T10:46:00Z,101-1-1-0004,33.01,
1673174820000,2023-01-08T10:47:00Z,101-1-1-0004,33.01,
1673174880000,2023-01-08T10:48:00Z,101-1-1-0004,33.01,
1673174940000,2023-01-08T10:49:00Z,101-1-1-0004,33.03,
1673175000000,2023-01-08T10:50:00Z,101-1-1-0004,33.06,
1673175060000,2023-01-08T10:51:00Z,101-1-1-0004,33.05,
1673175120000,2023-01-08T10:52:00Z,101-1-1-0004,32.94,
1673175180000,2023-01-08T10:53:00Z,101-1-1-0004,32.72,
1673175240000,2023-01-08T10:54:00Z,101-1-1-0004,32.46,
1673175300000,2023-01-08T10:55:00Z,101-1-1-0004,32.22,
1673175360000,2023-01-08T10:56:00Z,101-1-1-0004,31.93,
1673175420000,2023-01-08T10:57:00Z,101-1-1-0004,31.61,
1673175480000,2023-01-08T10:58:00Z,101-1-1-0004,31.37,
1673175540000,2023-01-08T10:59:00Z,101-1-1-0004,31.08,
1673175600000,2023-01-08T11:00:00Z,101-1-1-0004,30.84,
1673175660000,2023-01-08T11:01:00Z,101-1-1-0004,30.79,
1673175720000,2023-01-08T11:02:00Z,101-1-1-0004,30.78,
1673175780000,2023-01-08T11:03:00Z,101-1-1-0004,30.71,
1673175840000,2023-01-08T11:04:00Z,101-1-1-0004,30.61,
1673175900000,2023-01-08T11:05:00Z,101-1-1-0004,30.47,
1673175960000,2023-01-08T11:06:00Z,101-1-1-0004,30.29,
1673176020000,2023-01-08T11:07:00Z,101-1-1-0004,30.08,
1673176080000,2023-01-08T11:08:00Z,101-1-1-0004,29.9,
1673176140000,2023-01-08T11:09:00Z,101-1-1-0004,29.78,
1673176200000,2023-01-08T11:10:00Z,101-1-1-0004,29.6,
1673176260000,2023-01-08T11:11:00Z,101-1-1-0004,29.37,
1673176320000,2023-01-08T11:12:00Z,101-1-1-0004,29.31,
1673176380000,2023-01-08T11:13:00Z,101-1-1-0004,29.28,
1673176440000,2023-01-08T11:14:00Z,101-1-1-0004,29.22,
1673176500000,2023-01-08T11:15:00Z,101-1-1-0004,29.16,
1673176560000,2023-01-08T11:16:00Z,101-1-1-0004,29.11,
1673176620000,2023-01-08T11:17:00Z,101-1-1-0004,29.08,
1673176680000,2023-01-08T11:18:00Z,101-1-1-0004,29.1,
1673176740000,2023-01-08T11:19:00Z,101-1-1-0004,29.07,
1673176800000,2023-01-08T11:20:00Z,101-1-1-0004,29.17,
1673176860000,2023-01-08T11:21:00Z,101-1-1-0004,29.43,
1673176920000,2023-01-08T11:22:00Z,101-1-1-0004,29.68,
1673176980000,2023-01-08T11:23:00Z,101-1-1-0004,29.85,
1673177040000,2023-01-08T11:24:00Z,101-1-1-0004,29.85,
1673177100000,2023-01-08T11:25:00Z,101-1-1-0004,29.86,
1673177160000,2023-01-08T11:26:00Z,101-1-1-0004,29.92,
1673177220000,2023-01-08T11:27:00Z,101-1-1-0004,29.93,
1673177280000,2023-01-08T11:28:00Z,101-1-1-0004,29.97,
1673177340000,2023-01-08T11:29:00Z,101-1-1-0004,30.13,
1673177400000,2023-01-08T11:30:00Z,101-1-1-0004,30.42,
1673177460000,2023-01-08T11:31:00Z,101-1-1-0004,30.57,
1673177520000,2023-01-08T11:32:00Z,101-1-1-0004,30.74,
1673177580000,2023-01-08T11:33:00Z,101-1-1-0004,30.97,
1673177640000,2023-01-08T11:34:00Z,101-1-1-0004,31.13,
1673177700000,2023-01-08T11:35:00Z,101-1-1-0004,31.06,
1673177760000,2023-01-08T11:36:00Z,101-1-1-0004,30.94,
1673177820000,2023-01-08T11:37:00Z,101-1-1-0004,30.82,
1673177880000,2023-01-08T11:38:00Z,101-1-1-0004,30.77,
1673177940000,2023-01-08T11:39:00Z,101-1-1-0004,30.77,
1673178000000,2023-01-08T11:40:00Z,101-1-1-0004,30.7,
1673178060000,2023-01-08T11:41:00Z,101-1-1-0004,30.55,
1673178120000,2023-01-08T11:42:00Z,101-1-1-0004,30.35,
1673178180000,2023-01-08T11:43:00Z,101-1-1-0004,30.26,
1673178240000,2023-01-08T11:44:00Z,101-1-1-0004,30.21,
1673178300000,2023-01-08T11:45:00Z,101-1-1-0004,,device_not_recording
1673178360000,2023-01-08T11:46:00Z,101-1-1-0004,,device_not_recording
1673178420000,2023-01-08T11:47:00Z,101-1-1-0004,30.3,
1673178480000,2023-01-08T11:48:00Z,101-1-1-0004,30.31,
1673178540000,2023-01-08T11:49:00Z,101-1-1-0004,30.43,
1673178600000,2023-01-08T11:50:00Z,101-1-1-0004,30.69,
1673178660000,2023-01-08T11:51:00Z,101-1-1-0004,30.98,
1673178720000,2023-01-08T11:52:00Z,101-1-1-0004,31.3,
1673178780000,2023-01-08T11:53:00Z,101-1-1-0004,31.63,
1673178840000,2023-01-08T11:54:00Z,101-1-1-0004,31.73,
1673178900000,2023-01-08T11:55:00Z,101-1-1-0004,31.84,
1673178960000,2023-01-08T11:56:00Z,101-1-1-0004,32.12,
1673179020000,2023-01-08T11:57:00Z,101-1-1-0004,32.44,
1673179080000,2023-01-08T11:58:00Z,101-1-1-0004,32.67,
1673179140000,2023-01-08T11:59:00Z,101-1-1-0004,32.82,
1673179200000,2023-01-08T12:00:00Z,101-1-1-0004,32.86,
1673179260000,2023-01-08T12:01:00Z,101-1-1-0004,32.92,
1673179320000,2023-01-08T12:02:00Z,101-1-1-0004,32.99,
1673179380000,2023-01-08T12:03:00Z,101-1-1-0004,32.99,
1673179440000,2023-01-08T12:04:00Z,101-1-1-0004,32.9,
1673179500000,2023-01-08T12:05:00Z,101-1-1-0004,32.97,
1673179560000,2023-01-08T12:06:00Z,101-1-1-0004,32.98,
1673179620000,2023-01-08T12:07:00Z,101-1-1-0004,32.94,
1673179680000,2023-01-08T12:08:00Z,101-1-1-0004,32.96,
1673179740000,2023-01-08T12:09:00Z,101-1-1-0004,33.09,
1673179800000,2023-01-08T12:10:00Z,101-1-1-0004,33.12,
1673179860000,2023-01-08T12:11:00Z,101-1-1-0004,33.04,
1673179920000,2023-01-08T12:12:00Z,101-1-1-0004,33.13,
1673179980000,2023-01-08T12:13:00Z,101-1-1-0004,33.0,
1673180040000,2023-01-08T12:14:00Z,101-1-1-0004,32.98,
1673180100000,2023-01-08T12:15:00Z,101-1-1-0004,33.02,
1673180160000,2023-01-08T12:16:00Z,101-1-1-0004,32.98,
1673180220000,2023-01-08T12:17:00Z,101-1-1-0004,33.12,
1673180280000,2023-01-08T12:18:00Z,101-1-1-0004,33.2,
1673180340000,2023-01-08T12:19:00Z,101-1-1-0004,33.24,
1673180400000,2023-01-08T12:20:00Z,101-1-1-0004,33.19,
1673180460000,2023-01-08T12:21:00Z,101-1-1-0004,33.14,
1673180520000,2023-01-08T12:22:00Z,101-1-1-0004,33.06,
1673180580000,2023-01-08T12:23:00Z,101-1-1-0004,33.02,
1673180640000,2023-01-08T12:24:00Z,101-1-1-0004,33.06,
1673180700000,2023-01-08T12:25:00Z,101-1-1-0004,33.07,
1673180760000,2023-01-08T12:26:00Z,101-1-1-0004,33.04,
1673180820000,2023-01-08T12:27:00Z,101-1-1-0004,33.06,
1673180880000,2023-01-08T12:28:00Z,101-1-1-0004,32.93,
1673180940000,2023-01-08T12:29:00Z,101-1-1-0004,33.01,
1673181000000,2023-01-08T12:30:00Z,101-1-1-0004,33.04,
1673181060000,2023-01-08T12:31:00Z,101-1-1-0004,33.01,
1673181120000,2023-01-08T12:32:00Z,101-1-1-0004,32.93,
1673181180000,2023-01-08T12:33:00Z,101-1-1-0004,32.94,
1673181240000,2023-01-08T12:34:00Z,101-1-1-0004,32.84,
1673181300000,2023-01-08T12:35:00Z,101-1-1-0004,32.77,
1673181360000,2023-01-08T12:36:00Z,101-1-1-0004,32.72,
1673181420000,2023-01-08T12:37:00Z,101-1-1-0004,32.7,
1673181480000,2023-01-08T12:38:00Z,101-1-1-0004,32.68,
1673181540000,2023-01-08T12:39:00Z,101-1-1-0004,32.68,
1673181600000,2023-01-08T12:40:00Z,101-1-1-0004,32.51,
1673181660000,2023-01-08T12:41:00Z,101-1-1-0004,32.27,
1673181720000,2023-01-08T12:42:00Z,101-1-1-0004,32.06,
1673181780000,2023-01-08T12:43:00Z,101-1-1-0004,31.95,
1673181840000,2023-01-08T12:44:00Z,101-1-1-0004,31.96,
1673181900000,2023-01-08T12:45:00Z,101-1-1-0004,31.91,
1673181960000,2023-01-08T12:46:00Z,101-1-1-0004,31.77,
1673182020000,2023-01-08T12:47:00Z,101-1-1-0004,31.61,
1673182080000,2023-01-08T12:48:00Z,101-1-1-0004,31.48,
1673182140000,2023-01-08T12:49:00Z,101-1-1-0004,31.34,
1673182200000,2023-01-08T12:50:00Z,101-1-1-0004,31.16,
1673182260000,2023-01-08T12:51:00Z,101-1-1-0004,31.02,
1673182320000,2023-01-08T12:52:00Z,101-1-1-0004,30.89,
1673182380000,2023-01-08T12:53:00Z,101-1-1-0004,30.74,
1673182440000,2023-01-08T12:54:00Z,101-1-1-0004,30.61,
1673182500000,2023-01-08T12:55:00Z,101-1-1-0004,30.58,
1673182560000,2023-01-08T12:56:00Z,101-1-1-0004,30.49,
1673182620000,2023-01-08T12:57:00Z,101-1-1-0004,30.25,
1673182680000,2023-01-08T12:58:00Z,101-1-1-0004,30.07,
1673182740000,2023-01-08T12:59:00Z,101-1-1-0004,29.83,
1673182800000,2023-01-08T13:00:00Z,101-1-1-0004,29.57,
1673182860000,2023-01-08T13:01:00Z,101-1-1-0004,29.47,
1673182920000,2023-01-08T13:02:00Z,101-1-1-0004,29.42,
1673182980000,2023-01-08T13:03:00Z,101-1-1-0004,29.33,
1673183040000,2023-01-08T13:04:00Z,101-1-1-0004,29.26,
1673183100000,2023-01-08T13:05:00Z,101-1-1-0004,29.22,
1673183160000,2023-01-08T13:06:00Z,101-1-1-0004,29.15,
1673183220000,2023-01-08T13:07:00Z,101-1-1-0004,28.95,
1673183280000,2023-01-08T13:08:00Z,101-1-1-0004,28.68,
1673183340000,2023-01-08T13:09:00Z,101-1-1-0004,28.47,
1673183400000,2023-01-08T13:10:00Z,101-1-1-0004,28.43,
1673183460000,2023-01-08T13:11:00Z,101-1-1-0004,28.48,
1673183520000,2023-01-08T13:12:00Z,101-1-1-0004,28.54,
1673183580000,2023-01-08T13:13:00Z,101-1-1-0004,28.53,
1673183640000,2023-01-08T13:14:00Z,101-1-1-0004,28.4,
1673183700000,2023-01-08T13:15:00Z,101-1-1-0004,28.31,
1673183760000,2023-01-08T13:16:00Z,101-1-1-0004,28.28,
1673183820000,2023-01-08T13:17:00Z,101-1-1-0004,28.33,
1673183880000,2023-01-08T13:18:00Z,101-1-1-0004,28.37,
1673183940000,2023-01-08T13:19:00Z,101-1-1-0004,28.44,
1673184000000,2023-01-08T13:20:00Z,101-1-1-0004,28.53,
1673184060000,2023-01-08T13:21:00Z,101-1-1-0004,28.57,
1673184120000,2023-01-08T13:22:00Z,101-1-1-0004,28.66,
1673184180000,2023-01-08T13:23:00Z,101-1-1-0004,28.73,
1673184240000,2023-01-08T13:24:00Z,101-1-1-0004,28.77,
1673184300000,2023-01-08T13:25:00Z,101-1-1-0004,28.81,
1673184360000,2023-01-08T13:26:00Z,101-1-1-0004,28.85,
1673184420000,2023-01-08T13:27:00Z,101-1-1-0004,28.89,
1673184480000,2023-01-08T13:28:00Z,101-1-1-0004,29.09,
1673184540000,2023-01-08T13:29:00Z,101-1-1-0004,29.14,
1673184600000,2023-01-08T13:30:00Z,101-1-1-0004,29.14,
1673184660000,2023-01-08T13:31:00Z,101-1-1-0004,29.23,
1673184720000,2023-01-08T13:32:00Z,101-1-1-0004,29.32,
1673184780000,2023-01-08T13:33:00Z,101-1-1-0004,29.36,
1673184840000,2023-01-08T13:34:00Z,101-1-1-0004,29.34,
1673184900000,2023-01-08T13:35:00Z,101-1-1-0004,29.19,
1673184960000,2023-01-08T13:36:00Z,101-1-1-0004,29.07,
1673185020000,2023-01-08T13:37:00Z,101-1-1-0004,28.92,
1673185080000,2023-01-08T13:38:00Z,101-1-1-0004,28.82,
1673185140000,2023-01-08T13:39:00Z,101-1-1-0004,28.72,
1673185200000,2023-01-08T13:40:00Z,101-1-1-0004,28.67,
1673185260000,2023-01-08T13:41:00Z,101-1-1-0004,28.57,
1673185320000,2023-01-08T13:42:00Z,101-1-1-0004,28.57,
1673185380000,2023-01-08T13:43:00Z,101-1-1-0004,28.52,
1673185440000,2023-01-08T13:44:00Z,101-1-1-0004,28.49,
1673185500000,2023-01-08T13:45:00Z,101-1-1-0004,28.46,
1673185560000,2023-01-08T13:46:00Z,101-1-1-0004,28.35,
1673185620000,2023-01-08T13:47:00Z,101-1-1-0004,28.23,
1673185680000,2023-01-08T13:48:00Z,101-1-1-0004,28.14,
1673185740000,2023-01-08T13:49:00Z,101-1-1-0004,28.08,
1673185800000,2023-01-08T13:50:00Z,101-1-1-0004,28.11,
1673185860000,2023-01-08T13:51:00Z,101-1-1-0004,28.16,
1673185920000,2023-01-08T13:52:00Z,101-1-1-0004,28.13,
1673185980000,2023-01-08T13:53:00Z,101-1-1-0004,28.19,
1673186040000,2023-01-08T13:54:00Z,101-1-1-0004,28.21,
1673186100000,2023-01-08T13:55:00Z,101-1-1-0004,28.15,
1673186160000,2023-01-08T13:56:00Z,101-1-1-0004,28.16,
1673186220000,2023-01-08T13:57:00Z,101-1-1-0004,28.2,
1673186280000,2023-01-08T13:58:00Z,101-1-1-0004,28.16,
1673186340000,2023-01-08T13:59:00Z,101-1-1-0004,28.2,
1673186400000,2023-01-08T14:00:00Z,101-1-1-0004,28.17,
1673186460000,2023-01-08T14:01:00Z,101-1-1-0004,28.14,
1673186520000,2023-01-08T14:02:00Z,101-1-1-0004,28.07,
1673186580000,2023-01-08T14:03:00Z,101-1-1-0004,27.99,
1673186640000,2023-01-08T14:04:00Z,101-1-1-0004,27.92,
1673186700000,2023-01-08T14:05:00Z,101-1-1-0004,27.83,
1673186760000,2023-01-08T14:06:00Z,101-1-1-0004,27.71,
1673186820000,2023-01-08T14:07:00Z,101-1-1-0004,27.59,
1673186880000,2023-01-08T14:08:00Z,101-1-1-0004,27.49,
1673186940000,2023-01-08T14:09:00Z,101-1-1-0004,27.43,
1673187000000,2023-01-08T14:10:00Z,101-1-1-0004,27.4,
1673187060000,2023-01-08T14:11:00Z,101-1-1-0004,27.31,
1673187120000,2023-01-08T14:12:00Z,101-1-1-0004,27.29,
1673187180000,2023-01-08T14:13:00Z,101-1-1-0004,27.3,
1673187240000,2023-01-08T14:14:00Z,101-1-1-0004,27.32,
1673187300000,2023-01-08T14:15:00Z,101-1-1-0004,27.37,
1673187360000,2023-01-08T14:16:00Z,101-1-1-0004,27.41,
1673187420000,2023-01-08T14:17:00Z,101-1-1-0004,27.36,
1673187480000,2023-01-08T14:18:00Z,101-1-1-0004,27.32,
1673187540000,2023-01-08T14:19:00Z,101-1-1-0004,27.31,
1673187600000,2023-01-08T14:20:00Z,101-1-1-0004,27.32,
1673187660000,2023-01-08T14:21:00Z,101-1-1-0004,27.26,
1673187720000,2023-01-08T14:22:00Z,101-1-1-0004,27.24,
1673187780000,2023-01-08T14:23:00Z,101-1-1-0004,27.21,
1673187840000,2023-01-08T14:24:00Z,101-1-1-0004,27.24,
1673187900000,2023-01-08T14:25:00Z,101-1-1-0004,27.17,
1673187960000,2023-01-08T14:26:00Z,101-1-1-0004,27.18,
1673188020000,2023-01-08T14:27:00Z,101-1-1-0004,27.2,
1673188080000,2023-01-08T14:28:00Z,101-1-1-0004,27.22,
1673188140000,2023-01-08T14:29:00Z,101-1-1-0004,27.26,
1673188200000,2023-01-08T14:30:00Z,101-1-1-0004,27.29,
1673188260000,2023-01-08T14:31:00Z,101-1-1-0004,27.33,
1673188320000,2023-01-08T14:32:00Z,101-1-1-0004,27.38,
1673188380000,2023-01-08T14:33:00Z,101-1-1-0004,27.47,
1673188440000,2023-01-08T14:34:00Z,101-1-1-0004,27.59,
1673188500000,2023-01-08T14:35:00Z,101-1-1-0004,27.65,
1673188560000,2023-01-08T14:36:00Z,101-1-1-0004,27.65,
1673188620000,2023-01-08T14:37:00Z,101-1-1-0004,,device_not_recording
1673188680000,2023-01-08T14:38:00Z,101-1-1-0004,,device_not_recording
1673188740000,2023-01-08T14:39:00Z,101-1-1-0004,27.51,
1673188800000,2023-01-08T14:40:00Z,101-1-1-0004,27.51,
1673188860000,2023-01-08T14:41:00Z,101-1-1-0004,27.55,
1673188920000,2023-01-08T14:42:00Z,101-1-1-0004,27.63,
1673188980000,2023-01-08T14:43:00Z,101-1-1-0004,27.68,
1673189040000,2023-01-08T14:44:00Z,101-1-1-0004,27.74,
1673189100000,2023-01-08T14:45:00Z,101-1-1-0004,27.83,
1673189160000,2023-01-08T14:46:00Z,101-1-1-0004,27.92,
1673189220000,2023-01-08T14:47:00Z,101-1-1-0004,28.01,
1673189280000,2023-01-08T14:48:00Z,101-1-1-0004,28.11,
1673189340000,2023-01-08T14:49:00Z,101-1-1-0004,28.15,
1673189400000,2023-01-08T14:50:00Z,101-1-1-0004,28.2,
1673189460000,2023-01-08T14:51:00Z,101-1-1-0004,28.17,
1673189520000,2023-01-08T14:52:00Z,101-1-1-0004,28.05,
1673189580000,2023-01-08T14:53:00Z,101-1-1-0004,28.04,
1673189640000,2023-01-08T14:54:00Z,101-1-1-0004,28.02,
1673189700000,2023-01-08T14:55:00Z,101-1-1-0004,28.1,
1673189760000,2023-01-08T14:56:00Z,101-1-1-0004,28.19,
1673189820000,2023-01-08T14:57:00Z,101-1-1-0004,28.27,
1673189880000,2023-01-08T14:58:00Z,101-1-1-0004,28.32,
1673189940000,2023-01-08T14:59:00Z,101-1-1-0004,28.37,
1673190000000,2023-01-08T15:00:00Z,101-1-1-0004,28.48,
1673190060000,2023-01-08T15:01:00Z,101-1-1-0004,28.56,
1673190120000,2023-01-08T15:02:00Z,101-1-1-0004,28.65,
1673190180000,2023-01-08T15:03:00Z,101-1-1-0004,28.77,
1673190240000,2023-01-08T15:04:00Z,101-1-1-0004,28.78,
1673190300000,2023-01-08T15:05:00Z,101-1-1-0004,28.7,
1673190360000,2023-01-08T15:06:00Z,101-1-1-0004,,device_not_recording
1673190420000,2023-01-08T15:07:00Z,101-1-1-0004,28.68,
1673190480000,2023-01-08T15:08:00Z,101-1-1-0004,28.67,
1673190540000,2023-01-08T15:09:00Z,101-1-1-0004,,device_not_recording
1673190600000,2023-01-08T15:10:00Z,101-1-1-0004,,device_not_recording
1673190660000,2023-01-08T15:11:00Z,101-1-1-0004,,device_not_recording
1673190720000,2023-01-08T15:12:00Z,101-1-1-0004,,device_not_recording
1673190780000,2023-01-08T15:13:00Z,101-1-1-0004,,device_not_recording
1673190840000,2023-01-08T15:14:00Z,101-1-1-0004,,device_not_recording
1673190900000,2023-01-08T15:15:00Z,101-1-1-0004,,device_not_recording
1673190960000,2023-01-08T15:16:00Z,101-1-1-0004,,device_not_recording
1673191020000,2023-01-08T15:17:00Z,101-1-1-0004,,device_not_recording
1673191080000,2023-01-08T15:18:00Z,101-1-1-0004,,device_not_recording
1673191140000,2023-01-08T15:19:00Z,101-1-1-0004,,device_not_recording
1673191200000,2023-01-08T15:20:00Z,101-1-1-0004,,device_not_recording
1673191260000,2023-01-08T15:21:00Z,101-1-1-0004,,device_not_recording
1673191320000,2023-01-08T15:22:00Z,101-1-1-0004,,device_not_recording
1673191380000,2023-01-08T15:23:00Z,101-1-1-0004,,device_not_recording
1673191440000,2023-01-08T15:24:00Z,101-1-1-0004,,device_not_recording
1673191500000,2023-01-08T15:25:00Z,101-1-1-0004,,device_not_recording
1673191560000,2023-01-08T15:26:00Z,101-1-1-0004,,device_not_recording
1673191620000,2023-01-08T15:27:00Z,101-1-1-0004,,device_not_recording
1673191680000,2023-01-08T15:28:00Z,101-1-1-0004,,device_not_recording
1673191740000,2023-01-08T15:29:00Z,101-1-1-0004,,device_not_recording
1673191800000,2023-01-08T15:30:00Z,101-1-1-0004,,device_not_recording
1673191860000,2023-01-08T15:31:00Z,101-1-1-0004,,device_not_recording
1673191920000,2023-01-08T15:32:00Z,101-1-1-0004,,device_not_recording
1673191980000,2023-01-08T15:33:00Z,101-1-1-0004,,device_not_recording
1673192040000,2023-01-08T15:34:00Z,101-1-1-0004,,device_not_recording
1673192100000,2023-01-08T15:35:00Z,101-1-1-0004,,device_not_recording
1673192160000,2023-01-08T15:36:00Z,101-1-1-0004,,device_not_recording
1673192220000,2023-01-08T15:37:00Z,101-1-1-0004,,device_not_recording
1673192280000,2023-01-08T15:38:00Z,101-1-1-0004,,device_not_recording
1673192340000,2023-01-08T15:39:00Z,101-1-1-0004,,device_not_recording
1673192400000,2023-01-08T15:40:00Z,101-1-1-0004,,device_not_recording
1673192460000,2023-01-08T15:41:00Z,101-1-1-0004,,device_not_recording
1673192520000,2023-01-08T15:42:00Z,101-1-1-0004,,device_not_recording
1673192580000,2023-01-08T15:43:00Z,101-1-1-0004,,device_not_recording
1673192640000,2023-01-08T15:44:00Z,101-1-1-0004,,device_not_recording
1673192700000,2023-01-08T15:45:00Z,101-1-1-0004,,device_not_recording
1673192760000,2023-01-08T15:46:00Z,101-1-1-0004,,device_not_recording
1673192820000,2023-01-08T15:47:00Z,101-1-1-0004,,device_not_recording
1673192880000,2023-01-08T15:48:00Z,101-1-1-0004,,device_not_recording
1673192940000,2023-01-08T15:49:00Z,101-1-1-0004,,device_not_recording
1673193000000,2023-01-08T15:50:00Z,101-1-1-0004,,device_not_recording
1673193060000,2023-01-08T15:51:00Z,101-1-1-0004,,device_not_recording
1673193120000,2023-01-08T15:52:00Z,101-1-1-0004,,device_not_recording
1673193180000,2023-01-08T15:53:00Z,101-1-1-0004,,device_not_recording
1673193240000,2023-01-08T15:54:00Z,101-1-1-0004,,device_not_recording
1673193300000,2023-01-08T15:55:00Z,101-1-1-0004,,device_not_recording
1673193360000,2023-01-08T15:56:00Z,101-1-1-0004,,device_not_recording
1673193420000,2023-01-08T15:57:00Z,101-1-1-0004,,device_not_recording
1673193480000,2023-01-08T15:58:00Z,101-1-1-0004,,device_not_recording
1673193540000,2023-01-08T15:59:00Z,101-1-1-0004,,device_not_recording
1673193600000,2023-01-08T16:00:00Z,101-1-1-0004,,device_not_recording
1673193660000,2023-01-08T16:01:00Z,101-1-1-0004,,device_not_recording
1673193720000,2023-01-08T16:02:00Z,101-1-1-0004,,device_not_recording
1673193780000,2023-01-08T16:03:00Z,101-1-1-0004,,device_not_recording
1673193840000,2023-01-08T16:04:00Z,101-1-1-0004,,device_not_recording
1673193900000,2023-01-08T16:05:00Z,101-1-1-0004,,device_not_recording
1673193960000,2023-01-08T16:06:00Z,101-1-1-0004,,device_not_recording
1673194020000,2023-01-08T16:07:00Z,101-1-1-0004,,device_not_recording
1673194080000,2023-01-08T16:08:00Z,101-1-1-0004,,device_not_recording
1673194140000,2023-01-08T16:09:00Z,101-1-1-0004,,device_not_recording
1673194200000,2023-01-08T16:10:00Z,101-1-1-0004,,device_not_recording
1673194260000,2023-01-08T16:11:00Z,101-1-1-0004,,device_not_recording
1673194320000,2023-01-08T16:12:00Z,101-1-1-0004,,device_not_recording
1673194380000,2023-01-08T16:13:00Z,101-1-1-0004,,device_not_recording
1673194440000,2023-01-08T16:14:00Z,101-1-1-0004,,device_not_recording
1673194500000,2023-01-08T16:15:00Z,101-1-1-0004,,device_not_recording
1673194560000,2023-01-08T16:16:00Z,101-1-1-0004,,device_not_recording
1673194620000,2023-01-08T16:17:00Z,101-1-1-0004,,device_not_recording
1673194680000,2023-01-08T16:18:00Z,101-1-1-0004,,device_not_recording
1673194740000,2023-01-08T16:19:00Z,101-1-1-0004,,device_not_recording
1673194800000,2023-01-08T16:20:00Z,101-1-1-0004,,device_not_recording
1673194860000,2023-01-08T16:21:00Z,101-1-1-0004,,device_not_recording
1673194920000,2023-01-08T16:22:00Z,101-1-1-0004,,device_not_recording
1673194980000,2023-01-08T16:23:00Z,101-1-1-0004,,device_not_recording
1673195040000,2023-01-08T16:24:00Z,101-1-1-0004,,device_not_recording
1673195100000,2023-01-08T16:25:00Z,101-1-1-0004,,device_not_recording
1673195160000,2023-01-08T16:26:00Z,101-1-1-0004,,device_not_recording
1673195220000,2023-01-08T16:27:00Z,101-1-1-0004,,device_not_recording
1673195280000,2023-01-08T16:28:00Z,101-1-1-0004,,device_not_recording
1673195340000,2023-01-08T16:29:00Z,101-1-1-0004,,device_not_recording
1673195400000,2023-01-08T16:30:00Z,101-1-1-0004,,device_not_recording
1673195460000,2023-01-08T16:31:00Z,101-1-1-0004,,device_not_recording
1673195520000,2023-01-08T16:32:00Z,101-1-1-0004,,device_not_recording
1673195580000,2023-01-08T16:33:00Z,101-1-1-0004,,device_not_recording
1673195640000,2023-01-08T16:34:00Z,101-1-1-0004,,device_not_recording
1673195700000,2023-01-08T16:35:00Z,101-1-1-0004,,device_not_recording
1673195760000,2023-01-08T16:36:00Z,101-1-1-0004,,device_not_recording
1673195820000,2023-01-08T16:37:00Z,101-1-1-0004,,device_not_recording
1673195880000,2023-01-08T16:38:00Z,101-1-1-0004,,device_not_recording
1673195940000,2023-01-08T16:39:00Z,101-1-1-0004,,device_not_recording
1673196000000,2023-01-08T16:40:00Z,101-1-1-0004,,device_not_recording
1673196060000,2023-01-08T16:41:00Z,101-1-1-0004,,device_not_recording
1673196120000,2023-01-08T16:42:00Z,101-1-1-0004,,device_not_recording
1673196180000,2023-01-08T16:43:00Z,101-1-1-0004,,device_not_recording
1673196240000,2023-01-08T16:44:00Z,101-1-1-0004,,device_not_recording
1673196300000,2023-01-08T16:45:00Z,101-1-1-0004,,device_not_recording
1673196360000,2023-01-08T16:46:00Z,101-1-1-0004,,device_not_recording
1673196420000,2023-01-08T16:47:00Z,101-1-1-0004,,device_not_recording
1673196480000,2023-01-08T16:48:00Z,101-1-1-0004,,device_not_recording
1673196540000,2023-01-08T16:49:00Z,101-1-1-0004,,device_not_recording
1673196600000,2023-01-08T16:50:00Z,101-1-1-0004,,device_not_recording
1673196660000,2023-01-08T16:51:00Z,101-1-1-0004,,device_not_recording
1673196720000,2023-01-08T16:52:00Z,101-1-1-0004,,device_not_recording
1673196780000,2023-01-08T16:53:00Z,101-1-1-0004,,device_not_recording
1673196840000,2023-01-08T16:54:00Z,101-1-1-0004,,device_not_recording
1673196900000,2023-01-08T16:55:00Z,101-1-1-0004,,device_not_recording
1673196960000,2023-01-08T16:56:00Z,101-1-1-0004,,device_not_recording
1673197020000,2023-01-08T16:57:00Z,101-1-1-0004,,device_not_recording
1673197080000,2023-01-08T16:58:00Z,101-1-1-0004,,device_not_recording
1673197140000,2023-01-08T16:59:00Z,101-1-1-0004,,device_not_recording
1673197200000,2023-01-08T17:00:00Z,101-1-1-0004,,device_not_recording
1673197260000,2023-01-08T17:01:00Z,101-1-1-0004,,device_not_recording
1673197320000,2023-01-08T17:02:00Z,101-1-1-0004,,device_not_recording
1673197380000,2023-01-08T17:03:00Z,101-1-1-0004,,device_not_recording
1673197440000,2023-01-08T17:04:00Z,101-1-1-0004,,device_not_recording
1673197500000,2023-01-08T17:05:00Z,101-1-1-0004,,device_not_recording
1673197560000,2023-01-08T17:06:00Z,101-1-1-0004,,device_not_recording
1673197620000,2023-01-08T17:07:00Z,101-1-1-0004,,device_not_recording
1673197680000,2023-01-08T17:08:00Z,101-1-1-0004,,device_not_recording
1673197740000,2023-01-08T17:09:00Z,101-1-1-0004,,device_not_recording
1673197800000,2023-01-08T17:10:00Z,101-1-1-0004,,device_not_recording
1673197860000,2023-01-08T17:11:00Z,101-1-1-0004,,device_not_recording
1673197920000,2023-01-08T17:12:00Z,101-1-1-0004,,device_not_recording
1673197980000,2023-01-08T17:13:00Z,101-1-1-0004,,device_not_recording
1673198040000,2023-01-08T17:14:00Z,101-1-1-0004,,device_not_recording
1673198100000,2023-01-08T17:15:00Z,101-1-1-0004,,device_not_recording
1673198160000,2023-01-08T17:16:00Z,101-1-1-0004,,device_not_recording
1673198220000,2023-01-08T17:17:00Z,101-1-1-0004,,device_not_recording
1673198280000,2023-01-08T17:18:00Z,101-1-1-0004,,device_not_recording
1673198340000,2023-01-08T17:19:00Z,101-1-1-0004,,device_not_recording
1673198400000,2023-01-08T17:20:00Z,101-1-1-0004,,device_not_recording
1673198460000,2023-01-08T17:21:00Z,101-1-1-0004,,device_not_recording
1673198520000,2023-01-08T17:22:00Z,101-1-1-0004,,device_not_recording
1673198580000,2023-01-08T17:23:00Z,101-1-1-0004,,device_not_recording
1673198640000,2023-01-08T17:24:00Z,101-1-1-0004,,device_not_recording
1673198700000,2023-01-08T17:25:00Z,101-1-1-0004,,device_not_recording
1673198760000,2023-01-08T17:26:00Z,101-1-1-0004,,device_not_recording
1673198820000,2023-01-08T17:27:00Z,101-1-1-0004,,device_not_recording
1673198880000,2023-01-08T17:28:00Z,101-1-1-0004,,device_not_recording
1673198940000,2023-01-08T17:29:00Z,101-1-1-0004,,device_not_recording
1673199000000,2023-01-08T17:30:00Z,101-1-1-0004,,device_not_recording
1673199060000,2023-01-08T17:31:00Z,101-1-1-0004,,device_not_recording
1673199120000,2023-01-08T17:32:00Z,101-1-1-0004,,device_not_recording
1673199180000,2023-01-08T17:33:00Z,101-1-1-0004,,device_not_recording
1673199240000,2023-01-08T17:34:00Z,101-1-1-0004,,device_not_recording
1673199300000,2023-01-08T17:35:00Z,101-1-1-0004,,device_not_recording
1673199360000,2023-01-08T17:36:00Z,101-1-1-0004,,device_not_recording
1673199420000,2023-01-08T17:37:00Z,101-1-1-0004,,device_not_recording
1673199480000,2023-01-08T17:38:00Z,101-1-1-0004,,device_not_recording
1673199540000,2023-01-08T17:39:00Z,101-1-1-0004,,device_not_recording
1673199600000,2023-01-08T17:40:00Z,101-1-1-0004,,device_not_recording
1673199660000,2023-01-08T17:41:00Z,101-1-1-0004,,device_not_recording
1673199720000,2023-01-08T17:42:00Z,101-1-1-0004,,device_not_recording
1673199780000,2023-01-08T17:43:00Z,101-1-1-0004,,device_not_recording
1673199840000,2023-01-08T17:44:00Z,101-1-1-0004,,device_not_recording
1673199900000,2023-01-08T17:45:00Z,101-1-1-0004,,device_not_recording
1673199960000,2023-01-08T17:46:00Z,101-1-1-0004,,device_not_recording
1673200020000,2023-01-08T17:47:00Z,101-1-1-0004,,device_not_recording
1673200080000,2023-01-08T17:48:00Z,101-1-1-0004,,device_not_recording
1673200140000,2023-01-08T17:49:00Z,101-1-1-0004,,device_not_recording
1673200200000,2023-01-08T17:50:00Z,101-1-1-0004,25.07,
1673200260000,2023-01-08T17:51:00Z,101-1-1-0004,,device_not_recording
1673200320000,2023-01-08T17:52:00Z,101-1-1-0004,,device_not_recording
1673200380000,2023-01-08T17:53:00Z,101-1-1-0004,28.65,
1673200440000,2023-01-08T17:54:00Z,101-1-1-0004,29.05,
1673200500000,2023-01-08T17:55:00Z,101-1-1-0004,29.39,
1673200560000,2023-01-08T17:56:00Z,101-1-1-0004,29.69,
1673200620000,2023-01-08T17:57:00Z,101-1-1-0004,29.98,
1673200680000,2023-01-08T17:58:00Z,101-1-1-0004,30.31,
1673200740000,2023-01-08T17:59:00Z,101-1-1-0004,30.84,
1673200800000,2023-01-08T18:00:00Z,101-1-1-0004,31.24,
1673200860000,2023-01-08T18:01:00Z,101-1-1-0004,31.92,
1673200920000,2023-01-08T18:02:00Z,101-1-1-0004,32.22,
1673200980000,2023-01-08T18:03:00Z,101-1-1-0004,32.32,
1673201040000,2023-01-08T18:04:00Z,101-1-1-0004,32.63,
1673201100000,2023-01-08T18:05:00Z,101-1-1-0004,32.9,
1673201160000,2023-01-08T18:06:00Z,101-1-1-0004,33.07,
1673201220000,2023-01-08T18:07:00Z,101-1-1-0004,33.17,
1673201280000,2023-01-08T18:08:00Z,101-1-1-0004,33.14,
1673201340000,2023-01-08T18:09:00Z,101-1-1-0004,32.98,
1673201400000,2023-01-08T18:10:00Z,101-1-1-0004,32.93,
1673201460000,2023-01-08T18:11:00Z,101-1-1-0004,32.99,
1673201520000,2023-01-08T18:12:00Z,101-1-1-0004,33.0,
1673201580000,2023-01-08T18:13:00Z,101-1-1-0004,33.19,
1673201640000,2023-01-08T18:14:00Z,101-1-1-0004,33.29,
1673201700000,2023-01-08T18:15:00Z,101-1-1-0004,33.3,
1673201760000,2023-01-08T18:16:00Z,101-1-1-0004,33.31,
1673201820000,2023-01-08T18:17:00Z,101-1-1-0004,33.33,
1673201880000,2023-01-08T18:18:00Z,101-1-1-0004,33.31,
1673201940000,2023-01-08T18:19:00Z,101-1-1-0004,33.32,
1673202000000,2023-01-08T18:20:00Z,101-1-1-0004,33.36,
1673202060000,2023-01-08T18:21:00Z,101-1-1-0004,33.42,
1673202120000,2023-01-08T18:22:00Z,101-1-1-0004,33.51,
1673202180000,2023-01-08T18:23:00Z,101-1-1-0004,33.62,
1673202240000,2023-01-08T18:24:00Z,101-1-1-0004,33.71,
1673202300000,2023-01-08T18:25:00Z,101-1-1-0004,33.72,
1673202360000,2023-01-08T18:26:00Z,101-1-1-0004,33.7,
1673202420000,2023-01-08T18:27:00Z,101-1-1-0004,33.67,
1673202480000,2023-01-08T18:28:00Z,101-1-1-0004,33.73,
1673202540000,2023-01-08T18:29:00Z,101-1-1-0004,33.65,
1673202600000,2023-01-08T18:30:00Z,101-1-1-0004,33.5,
1673202660000,2023-01-08T18:31:00Z,101-1-1-0004,33.37,
1673202720000,2023-01-08T18:32:00Z,101-1-1-0004,33.35,
1673202780000,2023-01-08T18:33:00Z,101-1-1-0004,33.22,
1673202840000,2023-01-08T18:34:00Z,101-1-1-0004,32.96,
1673202900000,2023-01-08T18:35:00Z,101-1-1-0004,32.8,
1673202960000,2023-01-08T18:36:00Z,101-1-1-0004,32.78,
1673203020000,2023-01-08T18:37:00Z,101-1-1-0004,32.62,
1673203080000,2023-01-08T18:38:00Z,101-1-1-0004,32.35,
1673203140000,2023-01-08T18:39:00Z,101-1-1-0004,32.17,
1673203200000,2023-01-08T18:40:00Z,101-1-1-0004,32.11,
1673203260000,2023-01-08T18:41:00Z,101-1-1-0004,32.21,
1673203320000,2023-01-08T18:42:00Z,101-1-1-0004,32.29,
1673203380000,2023-01-08T18:43:00Z,101-1-1-0004,32.41,
1673203440000,2023-01-08T18:44:00Z,101-1-1-0004,32.5,
1673203500000,2023-01-08T18:45:00Z,101-1-1-0004,32.55,
1673203560000,2023-01-08T18:46:00Z,101-1-1-0004,32.62,
1673203620000,2023-01-08T18:47:00Z,101-1-1-0004,32.61,
1673203680000,2023-01-08T18:48:00Z,101-1-1-0004,32.72,
1673203740000,2023-01-08T18:49:00Z,101-1-1-0004,32.83,
1673203800000,2023-01-08T18:50:00Z,101-1-1-0004,32.56,
1673203860000,2023-01-08T18:51:00Z,101-1-1-0004,32.45,
1673203920000,2023-01-08T18:52:00Z,101-1-1-0004,32.4,
1673203980000,2023-01-08T18:53:00Z,101-1-1-0004,32.15,
1673204040000,2023-01-08T18:54:00Z,101-1-1-0004,31.89,
1673204100000,2023-01-08T18:55:00Z,101-1-1-0004,31.43,
1673204160000,2023-01-08T18:56:00Z,101-1-1-0004,31.19,
1673204220000,2023-01-08T18:57:00Z,101-1-1-0004,31.49,
1673204280000,2023-01-08T18:58:00Z,101-1-1-0004,31.86,
1673204340000,2023-01-08T18:59:00Z,101-1-1-0004,32.21,
1673204400000,2023-01-08T19:00:00Z,101-1-1-0004,32.68,
1673204460000,2023-01-08T19:01:00Z,101-1-1-0004,33.11,
1673204520000,2023-01-08T19:02:00Z,101-1-1-0004,33.4,
1673204580000,2023-01-08T19:03:00Z,101-1-1-0004,33.58,
1673204640000,2023-01-08T19:04:00Z,101-1-1-0004,33.7,
1673204700000,2023-01-08T19:05:00Z,101-1-1-0004,33.78,
1673204760000,2023-01-08T19:06:00Z,101-1-1-0004,33.89,
1673204820000,2023-01-08T19:07:00Z,101-1-1-0004,34.04,
1673204880000,2023-01-08T19:08:00Z,101-1-1-0004,34.2,
1673204940000,2023-01-08T19:09:00Z,101-1-1-0004,34.24,
1673205000000,2023-01-08T19:10:00Z,101-1-1-0004,34.21,
1673205060000,2023-01-08T19:11:00Z,101-1-1-0004,34.14,
1673205120000,2023-01-08T19:12:00Z,101-1-1-0004,34.11,
1673205180000,2023-01-08T19:13:00Z,101-1-1-0004,34.15,
1673205240000,2023-01-08T19:14:00Z,101-1-1-0004,34.17,
1673205300000,2023-01-08T19:15:00Z,101-1-1-0004,34.02,
1673205360000,2023-01-08T19:16:00Z,101-1-1-0004,33.65,
1673205420000,2023-01-08T19:17:00Z,101-1-1-0004,33.02,
1673205480000,2023-01-08T19:18:00Z,101-1-1-0004,32.35,
1673205540000,2023-01-08T19:19:00Z,101-1-1-0004,32.09,
1673205600000,2023-01-08T19:20:00Z,101-1-1-0004,32.25,
1673205660000,2023-01-08T19:21:00Z,101-1-1-0004,32.8,
1673205720000,2023-01-08T19:22:00Z,101-1-1-0004,34.13,
1673205780000,2023-01-08T19:23:00Z,101-1-1-0004,,device_not_worn_correctly
1673205840000,2023-01-08T19:24:00Z,101-1-1-0004,36.22,
1673205900000,2023-01-08T19:25:00Z,101-1-1-0004,36.39,
1673205960000,2023-01-08T19:26:00Z,101-1-1-0004,,device_not_worn_correctly
1673206020000,2023-01-08T19:27:00Z,101-1-1-0004,,device_not_worn_correctly
1673206080000,2023-01-08T19:28:00Z,101-1-1-0004,,device_not_worn_correctly
1673206140000,2023-01-08T19:29:00Z,101-1-1-0004,31.36,
1673206200000,2023-01-08T19:30:00Z,101-1-1-0004,31.5,
1673206260000,2023-01-08T19:31:00Z,101-1-1-0004,31.58,
1673206320000,2023-01-08T19:32:00Z,101-1-1-0004,31.73,
1673206380000,2023-01-08T19:33:00Z,101-1-1-0004,31.76,
1673206440000,2023-01-08T19:34:00Z,101-1-1-0004,31.59,
1673206500000,2023-01-08T19:35:00Z,101-1-1-0004,31.48,
1673206560000,2023-01-08T19:36:00Z,101-1-1-0004,31.46,
1673206620000,2023-01-08T19:37:00Z,101-1-1-0004,31.51,
1673206680000,2023-01-08T19:38:00Z,101-1-1-0004,31.79,
1673206740000,2023-01-08T19:39:00Z,101-1-1-0004,32.28,
1673206800000,2023-01-08T19:40:00Z,101-1-1-0004,32.69,
1673206860000,2023-01-08T19:41:00Z,101-1-1-0004,32.87,
1673206920000,2023-01-08T19:42:00Z,101-1-1-0004,33.05,
1673206980000,2023-01-08T19:43:00Z,101-1-1-0004,33.21,
1673207040000,2023-01-08T19:44:00Z,101-1-1-0004,33.32,
1673207100000,2023-01-08T19:45:00Z,101-1-1-0004,33.47,
1673207160000,2023-01-08T19:46:00Z,101-1-1-0004,33.52,
1673207220000,2023-01-08T19:47:00Z,101-1-1-0004,33.51,
1673207280000,2023-01-08T19:48:00Z,101-1-1-0004,33.59,
1673207340000,2023-01-08T19:49:00Z,101-1-1-0004,33.69,
1673207400000,2023-01-08T19:50:00Z,101-1-1-0004,33.62,
1673207460000,2023-01-08T19:51:00Z,101-1-1-0004,33.54,
1673207520000,2023-01-08T19:52:00Z,101-1-1-0004,33.57,
1673207580000,2023-01-08T19:53:00Z,101-1-1-0004,33.46,
1673207640000,2023-01-08T19:54:00Z,101-1-1-0004,33.29,
1673207700000,2023-01-08T19:55:00Z,101-1-1-0004,33.36,
1673207760000,2023-01-08T19:56:00Z,101-1-1-0004,33.5,
1673207820000,2023-01-08T19:57:00Z,101-1-1-0004,33.56,
1673207880000,2023-01-08T19:58:00Z,101-1-1-0004,33.59,
1673207940000,2023-01-08T19:59:00Z,101-1-1-0004,33.61,
1673208000000,2023-01-08T20:00:00Z,101-1-1-0004,33.55,
1673208060000,2023-01-08T20:01:00Z,101-1-1-0004,33.48,
1673208120000,2023-01-08T20:02:00Z,101-1-1-0004,33.43,
1673208180000,2023-01-08T20:03:00Z,101-1-1-0004,33.37,
1673208240000,2023-01-08T20:04:00Z,101-1-1-0004,33.29,
1673208300000,2023-01-08T20:05:00Z,101-1-1-0004,33.02,
1673208360000,2023-01-08T20:06:00Z,101-1-1-0004,32.87,
1673208420000,2023-01-08T20:07:00Z,101-1-1-0004,32.69,
1673208480000,2023-01-08T20:08:00Z,101-1-1-0004,32.72,
1673208540000,2023-01-08T20:09:00Z,101-1-1-0004,32.87,
1673208600000,2023-01-08T20:10:00Z,101-1-1-0004,32.95,
1673208660000,2023-01-08T20:11:00Z,101-1-1-0004,33.01,
1673208720000,2023-01-08T20:12:00Z,101-1-1-0004,33.07,
1673208780000,2023-01-08T20:13:00Z,101-1-1-0004,33.12,
1673208840000,2023-01-08T20:14:00Z,101-1-1-0004,33.16,
1673208900000,2023-01-08T20:15:00Z,101-1-1-0004,33.12,
1673208960000,2023-01-08T20:16:00Z,101-1-1-0004,33.06,
1673209020000,2023-01-08T20:17:00Z,101-1-1-0004,33.0,
1673209080000,2023-01-08T20:18:00Z,101-1-1-0004,32.99,
1673209140000,2023-01-08T20:19:00Z,101-1-1-0004,32.94,
1673209200000,2023-01-08T20:20:00Z,101-1-1-0004,32.9,
1673209260000,2023-01-08T20:21:00Z,101-1-1-0004,32.8,
1673209320000,2023-01-08T20:22:00Z,101-1-1-0004,32.72,
1673209380000,2023-01-08T20:23:00Z,101-1-1-0004,32.79,
1673209440000,2023-01-08T20:24:00Z,101-1-1-0004,32.86,
1673209500000,2023-01-08T20:25:00Z,101-1-1-0004,32.9,
1673209560000,2023-01-08T20:26:00Z,101-1-1-0004,32.97,
1673209620000,2023-01-08T20:27:00Z,101-1-1-0004,33.05,
1673209680000,2023-01-08T20:28:00Z,101-1-1-0004,33.07,
1673209740000,2023-01-08T20:29:00Z,101-1-1-0004,33.17,
1673209800000,2023-01-08T20:30:00Z,101-1-1-0004,33.14,
1673209860000,2023-01-08T20:31:00Z,101-1-1-0004,33.1,
1673209920000,2023-01-08T20:32:00Z,101-1-1-0004,32.95,
1673209980000,2023-01-08T20:33:00Z,101-1-1-0004,32.74,
1673210040000,2023-01-08T20:34:00Z,101-1-1-0004,32.74,
1673210100000,2023-01-08T20:35:00Z,101-1-1-0004,32.69,
1673210160000,2023-01-08T20:36:00Z,101-1-1-0004,32.75,
1673210220000,2023-01-08T20:37:00Z,101-1-1-0004,32.75,
1673210280000,2023-01-08T20:38:00Z,101-1-1-0004,32.64,
1673210340000,2023-01-08T20:39:00Z,101-1-1-0004,32.57,
1673210400000,2023-01-08T20:40:00Z,101-1-1-0004,32.59,
1673210460000,2023-01-08T20:41:00Z,101-1-1-0004,32.69,
1673210520000,2023-01-08T20:42:00Z,101-1-1-0004,32.67,
1673210580000,2023-01-08T20:43:00Z,101-1-1-0004,32.55,
1673210640000,2023-01-08T20:44:00Z,101-1-1-0004,32.52,
1673210700000,2023-01-08T20:45:00Z,101-1-1-0004,32.44,
1673210760000,2023-01-08T20:46:00Z,101-1-1-0004,32.42,
1673210820000,2023-01-08T20:47:00Z,101-1-1-0004,32.43,
1673210880000,2023-01-08T20:48:00Z,101-1-1-0004,32.32,
1673210940000,2023-01-08T20:49:00Z,101-1-1-0004,32.21,
1673211000000,2023-01-08T20:50:00Z,101-1-1-0004,32.2,
1673211060000,2023-01-08T20:51:00Z,101-1-1-0004,32.28,
1673211120000,2023-01-08T20:52:00Z,101-1-1-0004,32.28,
1673211180000,2023-01-08T20:53:00Z,101-1-1-0004,32.28,
1673211240000,2023-01-08T20:54:00Z,101-1-1-0004,32.29,
1673211300000,2023-01-08T20:55:00Z,101-1-1-0004,32.36,
1673211360000,2023-01-08T20:56:00Z,101-1-1-0004,32.5,
1673211420000,2023-01-08T20:57:00Z,101-1-1-0004,32.42,
1673211480000,2023-01-08T20:58:00Z,101-1-1-0004,32.36,
1673211540000,2023-01-08T20:59:00Z,101-1-1-0004,32.39,
1673211600000,2023-01-08T21:00:00Z,101-1-1-0004,32.34,
1673211660000,2023-01-08T21:01:00Z,101-1-1-0004,32.34,
1673211720000,2023-01-08T21:02:00Z,101-1-1-0004,32.31,
1673211780000,2023-01-08T21:03:00Z,101-1-1-0004,32.27,
1673211840000,2023-01-08T21:04:00Z,101-1-1-0004,32.25,
1673211900000,2023-01-08T21:05:00Z,101-1-1-0004,32.27,
1673211960000,2023-01-08T21:06:00Z,101-1-1-0004,32.27,
1673212020000,2023-01-08T21:07:00Z,101-1-1-0004,32.3,
1673212080000,2023-01-08T21:08:00Z,101-1-1-0004,32.32,
1673212140000,2023-01-08T21:09:00Z,101-1-1-0004,32.31,
1673212200000,2023-01-08T21:10:00Z,101-1-1-0004,32.28,
1673212260000,2023-01-08T21:11:00Z,101-1-1-0004,32.23,
1673212320000,2023-01-08T21:12:00Z,101-1-1-0004,32.19,
1673212380000,2023-01-08T21:13:00Z,101-1-1-0004,32.13,
1673212440000,2023-01-08T21:14:00Z,101-1-1-0004,32.06,
1673212500000,2023-01-08T21:15:00Z,101-1-1-0004,31.95,
1673212560000,2023-01-08T21:16:00Z,101-1-1-0004,31.87,
1673212620000,2023-01-08T21:17:00Z,101-1-1-0004,31.79,
1673212680000,2023-01-08T21:18:00Z,101-1-1-0004,31.64,
1673212740000,2023-01-08T21:19:00Z,101-1-1-0004,31.48,
1673212800000,2023-01-08T21:20:00Z,101-1-1-0004,31.34,
1673212860000,2023-01-08T21:21:00Z,101-1-1-0004,31.16,
1673212920000,2023-01-08T21:22:00Z,101-1-1-0004,31.0,
1673212980000,2023-01-08T21:23:00Z,101-1-1-0004,30.88,
1673213040000,2023-01-08T21:24:00Z,101-1-1-0004,30.8,
1673213100000,2023-01-08T21:25:00Z,101-1-1-0004,30.6,
1673213160000,2023-01-08T21:26:00Z,101-1-1-0004,30.35,
1673213220000,2023-01-08T21:27:00Z,101-1-1-0004,30.13,
1673213280000,2023-01-08T21:28:00Z,101-1-1-0004,29.93,
1673213340000,2023-01-08T21:29:00Z,101-1-1-0004,29.81,
1673213400000,2023-01-08T21:30:00Z,101-1-1-0004,29.77,
1673213460000,2023-01-08T21:31:00Z,101-1-1-0004,29.88,
1673213520000,2023-01-08T21:32:00Z,101-1-1-0004,30.07,
1673213580000,2023-01-08T21:33:00Z,101-1-1-0004,30.22,
1673213640000,2023-01-08T21:34:00Z,101-1-1-0004,30.33,
1673213700000,2023-01-08T21:35:00Z,101-1-1-0004,30.41,
1673213760000,2023-01-08T21:36:00Z,101-1-1-0004,30.47,
1673213820000,2023-01-08T21:37:00Z,101-1-1-0004,30.56,
1673213880000,2023-01-08T21:38:00Z,101-1-1-0004,30.67,
1673213940000,2023-01-08T21:39:00Z,101-1-1-0004,30.78,
1673214000000,2023-01-08T21:40:00Z,101-1-1-0004,30.93,
1673214060000,2023-01-08T21:41:00Z,101-1-1-0004,31.01,
1673214120000,2023-01-08T21:42:00Z,101-1-1-0004,31.09,
1673214180000,2023-01-08T21:43:00Z,101-1-1-0004,31.2,
1673214240000,2023-01-08T21:44:00Z,101-1-1-0004,31.29,
1673214300000,2023-01-08T21:45:00Z,101-1-1-0004,31.33,
1673214360000,2023-01-08T21:46:00Z,101-1-1-0004,31.42,
1673214420000,2023-01-08T21:47:00Z,101-1-1-0004,31.43,
1673214480000,2023-01-08T21:48:00Z,101-1-1-0004,31.45,
1673214540000,2023-01-08T21:49:00Z,101-1-1-0004,31.61,
1673214600000,2023-01-08T21:50:00Z,101-1-1-0004,31.89,
1673214660000,2023-01-08T21:51:00Z,101-1-1-0004,32.06,
1673214720000,2023-01-08T21:52:00Z,101-1-1-0004,32.26,
1673214780000,2023-01-08T21:53:00Z,101-1-1-0004,32.59,
1673214840000,2023-01-08T21:54:00Z,101-1-1-0004,32.9,
1673214900000,2023-01-08T21:55:00Z,101-1-1-0004,33.14,
1673214960000,2023-01-08T21:56:00Z,101-1-1-0004,33.43,
1673215020000,2023-01-08T21:57:00Z,101-1-1-0004,33.72,
1673215080000,2023-01-08T21:58:00Z,101-1-1-0004,33.92,
1673215140000,2023-01-08T21:59:00Z,101-1-1-0004,34.07,
1673215200000,2023-01-08T22:00:00Z,101-1-1-0004,34.19,
1673215260000,2023-01-08T22:01:00Z,101-1-1-0004,34.31,
1673215320000,2023-01-08T22:02:00Z,101-1-1-0004,34.41,
1673215380000,2023-01-08T22:03:00Z,101-1-1-0004,34.47,
1673215440000,2023-01-08T22:04:00Z,101-1-1-0004,34.5,
1673215500000,2023-01-08T22:05:00Z,101-1-1-0004,34.54,
1673215560000,2023-01-08T22:06:00Z,101-1-1-0004,34.57,
1673215620000,2023-01-08T22:07:00Z,101-1-1-0004,34.58,
1673215680000,2023-01-08T22:08:00Z,101-1-1-0004,34.57,
1673215740000,2023-01-08T22:09:00Z,101-1-1-0004,34.58,
1673215800000,2023-01-08T22:10:00Z,101-1-1-0004,34.59,
1673215860000,2023-01-08T22:11:00Z,101-1-1-0004,34.6,
1673215920000,2023-01-08T22:12:00Z,101-1-1-0004,34.59,
1673215980000,2023-01-08T22:13:00Z,101-1-1-0004,34.61,
1673216040000,2023-01-08T22:14:00Z,101-1-1-0004,34.62,
1673216100000,2023-01-08T22:15:00Z,101-1-1-0004,34.62,
1673216160000,2023-01-08T22:16:00Z,101-1-1-0004,34.61,
1673216220000,2023-01-08T22:17:00Z,101-1-1-0004,34.57,
1673216280000,2023-01-08T22:18:00Z,101-1-1-0004,34.55,
1673216340000,2023-01-08T22:19:00Z,101-1-1-0004,34.55,
1673216400000,2023-01-08T22:20:00Z,101-1-1-0004,34.54,
1673216460000,2023-01-08T22:21:00Z,101-1-1-0004,34.52,
1673216520000,2023-01-08T22:22:00Z,101-1-1-0004,34.54,
1673216580000,2023-01-08T22:23:00Z,101-1-1-0004,34.56,
1673216640000,2023-01-08T22:24:00Z,101-1-1-0004,34.56,
1673216700000,2023-01-08T22:25:00Z,101-1-1-0004,34.55,
1673216760000,2023-01-08T22:26:00Z,101-1-1-0004,34.57,
1673216820000,2023-01-08T22:27:00Z,101-1-1-0004,34.56,
1673216880000,2023-01-08T22:28:00Z,101-1-1-0004,34.56,
1673216940000,2023-01-08T22:29:00Z,101-1-1-0004,34.56,
1673217000000,2023-01-08T22:30:00Z,101-1-1-0004,34.55,
1673217060000,2023-01-08T22:31:00Z,101-1-1-0004,34.52,
1673217120000,2023-01-08T22:32:00Z,101-1-1-0004,34.52,
1673217180000,2023-01-08T22:33:00Z,101-1-1-0004,34.53,
1673217240000,2023-01-08T22:34:00Z,101-1-1-0004,34.55,
1673217300000,2023-01-08T22:35:00Z,101-1-1-0004,34.58,
1673217360000,2023-01-08T22:36:00Z,101-1-1-0004,34.6,
1673217420000,2023-01-08T22:37:00Z,101-1-1-0004,34.59,
1673217480000,2023-01-08T22:38:00Z,101-1-1-0004,34.56,
1673217540000,2023-01-08T22:39:00Z,101-1-1-0004,34.57,
1673217600000,2023-01-08T22:40:00Z,101-1-1-0004,34.59,
1673217660000,2023-01-08T22:41:00Z,101-1-1-0004,34.58,
1673217720000,2023-01-08T22:42:00Z,101-1-1-0004,34.58,
1673217780000,2023-01-08T22:43:00Z,101-1-1-0004,34.59,
1673217840000,2023-01-08T22:44:00Z,101-1-1-0004,34.58,
1673217900000,2023-01-08T22:45:00Z,101-1-1-0004,34.55,
1673217960000,2023-01-08T22:46:00Z,101-1-1-0004,34.54,
1673218020000,2023-01-08T22:47:00Z,101-1-1-0004,34.53,
1673218080000,2023-01-08T22:48:00Z,101-1-1-0004,34.5,
1673218140000,2023-01-08T22:49:00Z,101-1-1-0004,34.49,
1673218200000,2023-01-08T22:50:00Z,101-1-1-0004,34.57,
1673218260000,2023-01-08T22:51:00Z,101-1-1-0004,34.7,
1673218320000,2023-01-08T22:52:00Z,101-1-1-0004,34.84,
1673218380000,2023-01-08T22:53:00Z,101-1-1-0004,34.97,
1673218440000,2023-01-08T22:54:00Z,101-1-1-0004,35.08,
1673218500000,2023-01-08T22:55:00Z,101-1-1-0004,35.18,
1673218560000,2023-01-08T22:56:00Z,101-1-1-0004,35.26,
1673218620000,2023-01-08T22:57:00Z,101-1-1-0004,35.34,
1673218680000,2023-01-08T22:58:00Z,101-1-1-0004,35.41,
1673218740000,2023-01-08T22:59:00Z,101-1-1-0004,35.47,
1673218800000,2023-01-08T23:00:00Z,101-1-1-0004,35.53,
1673218860000,2023-01-08T23:01:00Z,101-1-1-0004,35.57,
1673218920000,2023-01-08T23:02:00Z,101-1-1-0004,35.46,
1673218980000,2023-01-08T23:03:00Z,101-1-1-0004,35.13,
1673219040000,2023-01-08T23:04:00Z,101-1-1-0004,34.66,
1673219100000,2023-01-08T23:05:00Z,101-1-1-0004,34.11,
1673219160000,2023-01-08T23:06:00Z,101-1-1-0004,33.76,
1673219220000,2023-01-08T23:07:00Z,101-1-1-0004,33.6,
1673219280000,2023-01-08T23:08:00Z,101-1-1-0004,33.52,
1673219340000,2023-01-08T23:09:00Z,101-1-1-0004,33.49,
1673219400000,2023-01-08T23:10:00Z,101-1-1-0004,33.43,
1673219460000,2023-01-08T23:11:00Z,101-1-1-0004,33.36,
1673219520000,2023-01-08T23:12:00Z,101-1-1-0004,33.34,
1673219580000,2023-01-08T23:13:00Z,101-1-1-0004,33.32,
1673219640000,2023-01-08T23:14:00Z,101-1-1-0004,33.3,
1673219700000,2023-01-08T23:15:00Z,101-1-1-0004,33.29,
1673219760000,2023-01-08T23:16:00Z,101-1-1-0004,33.27,
1673219820000,2023-01-08T23:17:00Z,101-1-1-0004,33.26,
1673219880000,2023-01-08T23:18:00Z,101-1-1-0004,33.25,
1673219940000,2023-01-08T23:19:00Z,101-1-1-0004,33.25,
1673220000000,2023-01-08T23:20:00Z,101-1-1-0004,33.24,
1673220060000,2023-01-08T23:21:00Z,101-1-1-0004,33.21,
1673220120000,2023-01-08T23:22:00Z,101-1-1-0004,33.2,
1673220180000,2023-01-08T23:23:00Z,101-1-1-0004,33.19,
1673220240000,2023-01-08T23:24:00Z,101-1-1-0004,33.17,
1673220300000,2023-01-08T23:25:00Z,101-1-1-0004,33.13,
1673220360000,2023-01-08T23:26:00Z,101-1-1-0004,33.15,
1673220420000,2023-01-08T23:27:00Z,101-1-1-0004,33.16,
1673220480000,2023-01-08T23:28:00Z,101-1-1-0004,33.17,
1673220540000,2023-01-08T23:29:00Z,101-1-1-0004,33.19,
1673220600000,2023-01-08T23:30:00Z,101-1-1-0004,33.17,
1673220660000,2023-01-08T23:31:00Z,101-1-1-0004,33.15,
1673220720000,2023-01-08T23:32:00Z,101-1-1-0004,33.11,
1673220780000,2023-01-08T23:33:00Z,101-1-1-0004,33.09,
1673220840000,2023-01-08T23:34:00Z,101-1-1-0004,33.09,
1673220900000,2023-01-08T23:35:00Z,101-1-1-0004,33.08,
1673220960000,2023-01-08T23:36:00Z,101-1-1-0004,33.06,
1673221020000,2023-01-08T23:37:00Z,101-1-1-0004,33.03,
1673221080000,2023-01-08T23:38:00Z,101-1-1-0004,33.0,
1673221140000,2023-01-08T23:39:00Z,101-1-1-0004,32.97,
1673221200000,2023-01-08T23:40:00Z,101-1-1-0004,32.96,
1673221260000,2023-01-08T23:41:00Z,101-1-1-0004,32.97,
1673221320000,2023-01-08T23:42:00Z,101-1-1-0004,32.95,
1673221380000,2023-01-08T23:43:00Z,101-1-1-0004,32.93,
1673221440000,2023-01-08T23:44:00Z,101-1-1-0004,32.9,
1673221500000,2023-01-08T23:45:00Z,101-1-1-0004,32.85,
1673221560000,2023-01-08T23:46:00Z,101-1-1-0004,32.8,
1673221620000,2023-01-08T23:47:00Z,101-1-1-0004,32.76,
1673221680000,2023-01-08T23:48:00Z,101-1-1-0004,32.69,
1673221740000,2023-01-08T23:49:00Z,101-1-1-0004,32.62,
1673221800000,2023-01-08T23:50:00Z,101-1-1-0004,32.54,
1673221860000,2023-01-08T23:51:00Z,101-1-1-0004,32.48,
1673221920000,2023-01-08T23:52:00Z,101-1-1-0004,32.4,
1673221980000,2023-01-08T23:53:00Z,101-1-1-0004,32.34,
1673222040000,2023-01-08T23:54:00Z,101-1-1-0004,32.29,
1673222100000,2023-01-08T23:55:00Z,101-1-1-0004,32.28,
1673222160000,2023-01-08T23:56:00Z,101-1-1-0004,32.23,
1673222220000,2023-01-08T23:57:00Z,101-1-1-0004,32.16,
1673222280000,2023-01-08T23:58:00Z,101-1-1-0004,32.12,
1673222340000,2023-01-08T23:59:00Z,101-1-1-0004,32.1,
