timestamp_unix,timestamp_iso,participant_full_id,activity_counts,accelerometers_std_g,steps_count,missing_value_reason
1679616000000,2023-03-24T00:00:00Z,101-1-1-0004,,,,device_not_worn_correctly
1679616060000,2023-03-24T00:01:00Z,101-1-1-0004,,,,device_not_worn_correctly
1679616120000,2023-03-24T00:02:00Z,101-1-1-0004,,,,device_not_worn_correctly
1679616180000,2023-03-24T00:03:00Z,101-1-1-0004,,,,device_not_worn_correctly
1679616240000,2023-03-24T00:04:00Z,101-1-1-0004,,,,device_not_worn_correctly
1679616300000,2023-03-24T00:05:00Z,101-1-1-0004,,,,device_not_worn_correctly
1679616360000,2023-03-24T00:06:00Z,101-1-1-0004,,,,device_not_worn_correctly
1679616420000,2023-03-24T00:07:00Z,101-1-1-0004,,,,device_not_worn_correctly
1679616480000,2023-03-24T00:08:00Z,101-1-1-0004,,,,device_not_worn_correctly
1679616540000,2023-03-24T00:09:00Z,101-1-1-0004,,,,device_not_worn_correctly
1679616600000,2023-03-24T00:10:00Z,101-1-1-0004,,,,device_not_worn_correctly
1679616660000,2023-03-24T00:11:00Z,101-1-1-0004,,,,device_not_worn_correctly
1679616720000,2023-03-24T00:12:00Z,101-1-1-0004,,,,device_not_worn_correctly
1679616780000,2023-03-24T00:13:00Z,101-1-1-0004,,,,device_not_worn_correctly
1679616840000,2023-03-24T00:14:00Z,101-1-1-0004,,,,device_not_worn_correctly
1679616900000,2023-03-24T00:15:00Z,101-1-1-0004,,,,device_not_worn_correctly
1679616960000,2023-03-24T00:16:00Z,101-1-1-0004,,,,device_not_worn_correctly
1679617020000,2023-03-24T00:17:00Z,101-1-1-0004,,,,device_not_worn_correctly
1679617080000,2023-03-24T00:18:00Z,101-1-1-0004,,,,device_not_worn_correctly
1679617140000,2023-03-24T00:19:00Z,101-1-1-0004,,,,device_not_worn_correctly
1679617200000,2023-03-24T00:20:00Z,101-1-1-0004,,,,device_not_worn_correctly
1679617260000,2023-03-24T00:21:00Z,101-1-1-0004,,,,device_not_worn_correctly
1679617320000,2023-03-24T00:22:00Z,101-1-1-0004,,,,device_not_worn_correctly
1679617380000,2023-03-24T00:23:00Z,101-1-1-0004,,,,device_not_worn_correctly
1679617440000,2023-03-24T00:24:00Z,101-1-1-0004,,,,device_not_worn_correctly
1679617500000,2023-03-24T00:25:00Z,101-1-1-0004,,,,device_not_worn_correctly
1679617560000,2023-03-24T00:26:00Z,101-1-1-0004,,,,device_not_worn_correctly
1679617620000,2023-03-24T00:27:00Z,101-1-1-0004,,,,device_not_worn_correctly
1679617680000,2023-03-24T00:28:00Z,101-1-1-0004,,,,device_not_worn_correctly
1679617740000,2023-03-24T00:29:00Z,101-1-1-0004,,,,device_not_worn_correctly
1679617800000,2023-03-24T00:30:00Z,101-1-1-0004,,,,device_not_worn_correctly
1679617860000,2023-03-24T00:31:00Z,101-1-1-0004,,,,device_not_worn_correctly
1679617920000,2023-03-24T00:32:00Z,101-1-1-0004,,,,device_not_worn_correctly
1679617980000,2023-03-24T00:33:00Z,101-1-1-0004,,,,device_not_worn_correctly
1679618040000,2023-03-24T00:34:00Z,101-1-1-0004,,,,device_not_worn_correctly
1679618100000,2023-03-24T00:35:00Z,101-1-1-0004,,,,device_not_worn_correctly
1679618160000,2023-03-24T00:36:00Z,101-1-1-0004,,,,device_not_worn_correctly
1679618220000,2023-03-24T00:37:00Z,101-1-1-0004,,,,device_not_worn_correctly
1679618280000,2023-03-24T00:38:00Z,101-1-1-0004,,,,device_not_worn_correctly
1679618340000,2023-03-24T00:39:00Z,101-1-1-0004,,,,device_not_worn_correctly
1679618400000,2023-03-24T00:40:00Z,101-1-1-0004,,,,device_not_worn_correctly
1679618460000,2023-03-24T00:41:00Z,101-1-1-0004,,,,device_not_worn_correctly
1679618520000,2023-03-24T00:42:00Z,101-1-1-0004,,,,device_not_worn_correctly
1679618580000,2023-03-24T00:43:00Z,101-1-1-0004,,,,device_not_worn_correctly
1679618640000,2023-03-24T00:44:00Z,101-1-1-0004,,,,device_not_worn_correctly
1679618700000,2023-03-24T00:45:00Z,101-1-1-0004,,,,device_not_worn_correctly
1679618760000,2023-03-24T00:46:00Z,101-1-1-0004,,,,device_not_worn_correctly
1679618820000,2023-03-24T00:47:00Z,101-1-1-0004,,,,device_not_worn_correctly
1679618880000,2023-03-24T00:48:00Z,101-1-1-0004,,,,device_not_worn_correctly
1679618940000,2023-03-24T00:49:00Z,101-1-1-0004,,,,device_not_worn_correctly
1679619000000,2023-03-24T00:50:00Z,101-1-1-0004,,,,device_not_worn_correctly
1679619060000,2023-03-24T00:51:00Z,101-1-1-0004,,,,device_not_worn_correctly
1679619120000,2023-03-24T00:52:00Z,101-1-1-0004,,,,device_not_worn_correctly
1679619180000,2023-03-24T00:53:00Z,101-1-1-0004,,,,device_not_worn_correctly
1679619240000,2023-03-24T00:54:00Z,101-1-1-0004,,,,device_not_worn_correctly
1679619300000,2023-03-24T00:55:00Z,101-1-1-0004,,,,device_not_worn_correctly
1679619360000,2023-03-24T00:56:00Z,101-1-1-0004,,,,device_not_worn_correctly
1679619420000,2023-03-24T00:57:00Z,101-1-1-0004,,,,device_not_worn_correctly
1679619480000,2023-03-24T00:58:00Z,101-1-1-0004,,,,device_not_worn_correctly
1679619540000,2023-03-24T00:59:00Z,101-1-1-0004,,,,device_not_worn_correctly
1679619600000,2023-03-24T01:00:00Z,101-1-1-0004,,,,device_not_worn_correctly
1679619660000,2023-03-24T01:01:00Z,101-1-1-0004,,,,device_not_worn_correctly
1679619720000,2023-03-24T01:02:00Z,101-1-1-0004,,,,device_not_worn_correctly
1679619780000,2023-03-24T01:03:00Z,101-1-1-0004,,,,device_not_worn_correctly
1679619840000,2023-03-24T01:04:00Z,101-1-1-0004,,,,device_not_worn_correctly
1679619900000,2023-03-24T01:05:00Z,101-1-1-0004,,,,device_not_worn_correctly
1679619960000,2023-03-24T01:06:00Z,101-1-1-0004,,,,device_not_worn_correctly
1679620020000,2023-03-24T01:07:00Z,101-1-1-0004,,,,device_not_worn_correctly
1679620080000,2023-03-24T01:08:00Z,101-1-1-0004,,,,device_not_worn_correctly
1679620140000,2023-03-24T01:09:00Z,101-1-1-0004,,,,device_not_worn_correctly
1679620200000,2023-03-24T01:10:00Z,101-1-1-0004,,,,device_not_worn_correctly
1679620260000,2023-03-24T01:11:00Z,101-1-1-0004,,,,device_not_worn_correctly
1679620320000,2023-03-24T01:12:00Z,101-1-1-0004,,,,device_not_worn_correctly
1679620380000,2023-03-24T01:13:00Z,101-1-1-0004,,,,device_not_worn_correctly
1679620440000,2023-03-24T01:14:00Z,101-1-1-0004,,,,device_not_worn_correctly
1679620500000,2023-03-24T01:15:00Z,101-1-1-0004,,,,device_not_worn_correctly
1679620560000,2023-03-24T01:16:00Z,101-1-1-0004,,,,device_not_worn_correctly
1679620620000,2023-03-24T01:17:00Z,101-1-1-0004,,,,device_not_worn_correctly
1679620680000,2023-03-24T01:18:00Z,101-1-1-0004,,,,device_not_worn_correctly
1679620740000,2023-03-24T01:19:00Z,101-1-1-0004,,,,device_not_worn_correctly
1679620800000,2023-03-24T01:20:00Z,101-1-1-0004,,,,device_not_worn_correctly
1679620860000,2023-03-24T01:21:00Z,101-1-1-0004,,,,device_not_worn_correctly
1679620920000,2023-03-24T01:22:00Z,101-1-1-0004,,,,device_not_worn_correctly
1679620980000,2023-03-24T01:23:00Z,101-1-1-0004,,,,device_not_worn_correctly
1679621040000,2023-03-24T01:24:00Z,101-1-1-0004,,,,device_not_worn_correctly
1679621100000,2023-03-24T01:25:00Z,101-1-1-0004,,,,device_not_worn_correctly
1679621160000,2023-03-24T01:26:00Z,101-1-1-0004,,,,device_not_worn_correctly
1679621220000,2023-03-24T01:27:00Z,101-1-1-0004,,,,device_not_worn_correctly
1679621280000,2023-03-24T01:28:00Z,101-1-1-0004,,,,device_not_worn_correctly
1679621340000,2023-03-24T01:29:00Z,101-1-1-0004,,,,device_not_worn_correctly
1679621400000,2023-03-24T01:30:00Z,101-1-1-0004,,,,device_not_worn_correctly
1679621460000,2023-03-24T01:31:00Z,101-1-1-0004,,,,device_not_worn_correctly
1679621520000,2023-03-24T01:32:00Z,101-1-1-0004,,,,device_not_worn_correctly
1679621580000,2023-03-24T01:33:00Z,101-1-1-0004,,,,device_not_worn_correctly
1679621640000,2023-03-24T01:34:00Z,101-1-1-0004,,,,device_not_worn_correctly
1679621700000,2023-03-24T01:35:00Z,101-1-1-0004,,,,device_not_worn_correctly
1679621760000,2023-03-24T01:36:00Z,101-1-1-0004,,,,device_not_worn_correctly
1679621820000,2023-03-24T01:37:00Z,101-1-1-0004,,,,device_not_worn_correctly
1679621880000,2023-03-24T01:38:00Z,101-1-1-0004,,,,device_not_worn_correctly
1679621940000,2023-03-24T01:39:00Z,101-1-1-0004,,,,device_not_worn_correctly
1679622000000,2023-03-24T01:40:00Z,101-1-1-0004,,,,device_not_worn_correctly
1679622060000,2023-03-24T01:41:00Z,101-1-1-0004,,,,device_not_worn_correctly
1679622120000,2023-03-24T01:42:00Z,101-1-1-0004,,,,device_not_worn_correctly
1679622180000,2023-03-24T01:43:00Z,101-1-1-0004,,,,device_not_worn_correctly
1679622240000,2023-03-24T01:44:00Z,101-1-1-0004,,,,device_not_worn_correctly
1679622300000,2023-03-24T01:45:00Z,101-1-1-0004,,,,device_not_worn_correctly
1679622360000,2023-03-24T01:46:00Z,101-1-1-0004,,,,device_not_worn_correctly
1679622420000,2023-03-24T01:47:00Z,101-1-1-0004,,,,device_not_worn_correctly
1679622480000,2023-03-24T01:48:00Z,101-1-1-0004,,,,device_not_worn_correctly
1679622540000,2023-03-24T01:49:00Z,101-1-1-0004,,,,device_not_worn_correctly
1679622600000,2023-03-24T01:50:00Z,101-1-1-0004,,,,device_not_worn_correctly
1679622660000,2023-03-24T01:51:00Z,101-1-1-0004,,,,device_not_worn_correctly
1679622720000,2023-03-24T01:52:00Z,101-1-1-0004,,,,device_not_worn_correctly
1679622780000,2023-03-24T01:53:00Z,101-1-1-0004,,,,device_not_worn_correctly
1679622840000,2023-03-24T01:54:00Z,101-1-1-0004,,,,device_not_worn_correctly
1679622900000,2023-03-24T01:55:00Z,101-1-1-0004,,,,device_not_worn_correctly
1679622960000,2023-03-24T01:56:00Z,101-1-1-0004,,,,device_not_worn_correctly
1679623020000,2023-03-24T01:57:00Z,101-1-1-0004,,,,device_not_worn_correctly
1679623080000,2023-03-24T01:58:00Z,101-1-1-0004,,,,device_not_worn_correctly
1679623140000,2023-03-24T01:59:00Z,101-1-1-0004,,,,device_not_worn_correctly
1679623200000,2023-03-24T02:00:00Z,101-1-1-0004,,,,device_not_worn_correctly
1679623260000,2023-03-24T02:01:00Z,101-1-1-0004,,,,device_not_worn_correctly
1679623320000,2023-03-24T02:02:00Z,101-1-1-0004,,,,device_not_worn_correctly
1679623380000,2023-03-24T02:03:00Z,101-1-1-0004,,,,device_not_worn_correctly
1679623440000,2023-03-24T02:04:00Z,101-1-1-0004,,,,device_not_worn_correctly
1679623500000,2023-03-24T02:05:00Z,101-1-1-0004,,,,device_not_worn_correctly
1679623560000,2023-03-24T02:06:00Z,101-1-1-0004,,,,device_not_worn_correctly
1679623620000,2023-03-24T02:07:00Z,101-1-1-0004,,,,device_not_worn_correctly
1679623680000,2023-03-24T02:08:00Z,101-1-1-0004,,,,device_not_worn_correctly
1679623740000,2023-03-24T02:09:00Z,101-1-1-0004,,,,device_not_worn_correctly
1679623800000,2023-03-24T02:10:00Z,101-1-1-0004,,,,device_not_worn_correctly
1679623860000,2023-03-24T02:11:00Z,101-1-1-0004,,,,device_not_worn_correctly
1679623920000,2023-03-24T02:12:00Z,101-1-1-0004,,,,device_not_worn_correctly
1679623980000,2023-03-24T02:13:00Z,101-1-1-0004,,,,device_not_worn_correctly
1679624040000,2023-03-24T02:14:00Z,101-1-1-0004,,,,device_not_worn_correctly
1679624100000,2023-03-24T02:15:00Z,101-1-1-0004,,,,device_not_worn_correctly
1679624160000,2023-03-24T02:16:00Z,101-1-1-0004,,,,device_not_worn_correctly
1679624220000,2023-03-24T02:17:00Z,101-1-1-0004,,,,device_not_worn_correctly
1679624280000,2023-03-24T02:18:00Z,101-1-1-0004,,,,device_not_worn_correctly
1679624340000,2023-03-24T02:19:00Z,101-1-1-0004,,,,device_not_worn_correctly
1679624400000,2023-03-24T02:20:00Z,101-1-1-0004,,,,device_not_worn_correctly
1679624460000,2023-03-24T02:21:00Z,101-1-1-0004,,,,device_not_worn_correctly
1679624520000,2023-03-24T02:22:00Z,101-1-1-0004,,,,device_not_worn_correctly
1679624580000,2023-03-24T02:23:00Z,101-1-1-0004,,,,device_not_worn_correctly
1679624640000,2023-03-24T02:24:00Z,101-1-1-0004,,,,device_not_worn_correctly
1679624700000,2023-03-24T02:25:00Z,101-1-1-0004,,,,device_not_worn_correctly
1679624760000,2023-03-24T02:26:00Z,101-1-1-0004,,,,device_not_worn_correctly
1679624820000,2023-03-24T02:27:00Z,101-1-1-0004,,,,device_not_worn_correctly
1679624880000,2023-03-24T02:28:00Z,101-1-1-0004,,,,device_not_worn_correctly
1679624940000,2023-03-24T02:29:00Z,101-1-1-0004,,,,device_not_worn_correctly
1679625000000,2023-03-24T02:30:00Z,101-1-1-0004,,,,device_not_worn_correctly
1679625060000,2023-03-24T02:31:00Z,101-1-1-0004,,,,device_not_worn_correctly
1679625120000,2023-03-24T02:32:00Z,101-1-1-0004,,,,device_not_worn_correctly
1679625180000,2023-03-24T02:33:00Z,101-1-1-0004,,,,device_not_worn_correctly
1679625240000,2023-03-24T02:34:00Z,101-1-1-0004,,,,device_not_worn_correctly
1679625300000,2023-03-24T02:35:00Z,101-1-1-0004,,,,device_not_worn_correctly
1679625360000,2023-03-24T02:36:00Z,101-1-1-0004,,,,device_not_worn_correctly
1679625420000,2023-03-24T02:37:00Z,101-1-1-0004,,,,device_not_worn_correctly
1679625480000,2023-03-24T02:38:00Z,101-1-1-0004,,,,device_not_worn_correctly
1679625540000,2023-03-24T02:39:00Z,101-1-1-0004,,,,device_not_worn_correctly
1679625600000,2023-03-24T02:40:00Z,101-1-1-0004,,,,device_not_worn_correctly
1679625660000,2023-03-24T02:41:00Z,101-1-1-0004,,,,device_not_worn_correctly
1679625720000,2023-03-24T02:42:00Z,101-1-1-0004,,,,device_not_worn_correctly
1679625780000,2023-03-24T02:43:00Z,101-1-1-0004,,,,device_not_worn_correctly
1679625840000,2023-03-24T02:44:00Z,101-1-1-0004,,,,device_not_worn_correctly
1679625900000,2023-03-24T02:45:00Z,101-1-1-0004,,,,device_not_worn_correctly
1679625960000,2023-03-24T02:46:00Z,101-1-1-0004,,,,device_not_worn_correctly
1679626020000,2023-03-24T02:47:00Z,101-1-1-0004,,,,device_not_worn_correctly
1679626080000,2023-03-24T02:48:00Z,101-1-1-0004,,,,device_not_worn_correctly
1679626140000,2023-03-24T02:49:00Z,101-1-1-0004,,,,device_not_worn_correctly
1679626200000,2023-03-24T02:50:00Z,101-1-1-0004,,,,device_not_worn_correctly
1679626260000,2023-03-24T02:51:00Z,101-1-1-0004,,,,device_not_worn_correctly
1679626320000,2023-03-24T02:52:00Z,101-1-1-0004,,,,device_not_worn_correctly
1679626380000,2023-03-24T02:53:00Z,101-1-1-0004,,,,device_not_worn_correctly
1679626440000,2023-03-24T02:54:00Z,101-1-1-0004,,,,device_not_worn_correctly
1679626500000,2023-03-24T02:55:00Z,101-1-1-0004,,,,device_not_worn_correctly
1679626560000,2023-03-24T02:56:00Z,101-1-1-0004,,,,device_not_worn_correctly
1679626620000,2023-03-24T02:57:00Z,101-1-1-0004,,,,device_not_worn_correctly
1679626680000,2023-03-24T02:58:00Z,101-1-1-0004,,,,device_not_worn_correctly
1679626740000,2023-03-24T02:59:00Z,101-1-1-0004,,,,device_not_worn_correctly
1679626800000,2023-03-24T03:00:00Z,101-1-1-0004,,,,device_not_worn_correctly
1679626860000,2023-03-24T03:01:00Z,101-1-1-0004,,,,device_not_worn_correctly
1679626920000,2023-03-24T03:02:00Z,101-1-1-0004,,,,device_not_worn_correctly
1679626980000,2023-03-24T03:03:00Z,101-1-1-0004,,,,device_not_worn_correctly
1679627040000,2023-03-24T03:04:00Z,101-1-1-0004,,,,device_not_worn_correctly
1679627100000,2023-03-24T03:05:00Z,101-1-1-0004,,,,device_not_worn_correctly
1679627160000,2023-03-24T03:06:00Z,101-1-1-0004,,,,device_not_worn_correctly
1679627220000,2023-03-24T03:07:00Z,101-1-1-0004,,,,device_not_worn_correctly
1679627280000,2023-03-24T03:08:00Z,101-1-1-0004,,,,device_not_worn_correctly
1679627340000,2023-03-24T03:09:00Z,101-1-1-0004,,,,device_not_worn_correctly
1679627400000,2023-03-24T03:10:00Z,101-1-1-0004,,,,device_not_worn_correctly
1679627460000,2023-03-24T03:11:00Z,101-1-1-0004,,,,device_not_worn_correctly
1679627520000,2023-03-24T03:12:00Z,101-1-1-0004,,,,device_not_worn_correctly
1679627580000,2023-03-24T03:13:00Z,101-1-1-0004,,,,device_not_worn_correctly
1679627640000,2023-03-24T03:14:00Z,101-1-1-0004,,,,device_not_worn_correctly
1679627700000,2023-03-24T03:15:00Z,101-1-1-0004,,,,device_not_worn_correctly
1679627760000,2023-03-24T03:16:00Z,101-1-1-0004,,,,device_not_worn_correctly
1679627820000,2023-03-24T03:17:00Z,101-1-1-0004,,,,device_not_worn_correctly
1679627880000,2023-03-24T03:18:00Z,101-1-1-0004,,,,device_not_worn_correctly
1679627940000,2023-03-24T03:19:00Z,101-1-1-0004,,,,device_not_worn_correctly
1679628000000,2023-03-24T03:20:00Z,101-1-1-0004,,,,device_not_worn_correctly
1679628060000,2023-03-24T03:21:00Z,101-1-1-0004,,,,device_not_worn_correctly
1679628120000,2023-03-24T03:22:00Z,101-1-1-0004,,,,device_not_worn_correctly
1679628180000,2023-03-24T03:23:00Z,101-1-1-0004,,,,device_not_worn_correctly
1679628240000,2023-03-24T03:24:00Z,101-1-1-0004,,,,device_not_worn_correctly
1679628300000,2023-03-24T03:25:00Z,101-1-1-0004,,,,device_not_worn_correctly
1679628360000,2023-03-24T03:26:00Z,101-1-1-0004,,,,device_not_worn_correctly
1679628420000,2023-03-24T03:27:00Z,101-1-1-0004,,,,device_not_worn_correctly
1679628480000,2023-03-24T03:28:00Z,101-1-1-0004,,,,device_not_worn_correctly
1679628540000,2023-03-24T03:29:00Z,101-1-1-0004,,,,device_not_worn_correctly
1679628600000,2023-03-24T03:30:00Z,101-1-1-0004,,,,device_not_worn_correctly
1679628660000,2023-03-24T03:31:00Z,101-1-1-0004,,,,device_not_worn_correctly
1679628720000,2023-03-24T03:32:00Z,101-1-1-0004,,,,device_not_worn_correctly
1679628780000,2023-03-24T03:33:00Z,101-1-1-0004,,,,device_not_worn_correctly
1679628840000,2023-03-24T03:34:00Z,101-1-1-0004,,,,device_not_worn_correctly
1679628900000,2023-03-24T03:35:00Z,101-1-1-0004,,,,device_not_worn_correctly
1679628960000,2023-03-24T03:36:00Z,101-1-1-0004,,,,device_not_worn_correctly
1679629020000,2023-03-24T03:37:00Z,101-1-1-0004,,,,device_not_worn_correctly
1679629080000,2023-03-24T03:38:00Z,101-1-1-0004,,,,device_not_worn_correctly
1679629140000,2023-03-24T03:39:00Z,101-1-1-0004,,,,device_not_worn_correctly
1679629200000,2023-03-24T03:40:00Z,101-1-1-0004,,,,device_not_worn_correctly
1679629260000,2023-03-24T03:41:00Z,101-1-1-0004,,,,device_not_worn_correctly
1679629320000,2023-03-24T03:42:00Z,101-1-1-0004,,,,device_not_worn_correctly
1679629380000,2023-03-24T03:43:00Z,101-1-1-0004,,,,device_not_worn_correctly
1679629440000,2023-03-24T03:44:00Z,101-1-1-0004,,,,device_not_worn_correctly
1679629500000,2023-03-24T03:45:00Z,101-1-1-0004,,,,device_not_worn_correctly
1679629560000,2023-03-24T03:46:00Z,101-1-1-0004,,,,device_not_worn_correctly
1679629620000,2023-03-24T03:47:00Z,101-1-1-0004,,,,device_not_worn_correctly
1679629680000,2023-03-24T03:48:00Z,101-1-1-0004,,,,device_not_worn_correctly
1679629740000,2023-03-24T03:49:00Z,101-1-1-0004,,,,device_not_worn_correctly
1679629800000,2023-03-24T03:50:00Z,101-1-1-0004,,,,device_not_worn_correctly
1679629860000,2023-03-24T03:51:00Z,101-1-1-0004,,,,device_not_worn_correctly
1679629920000,2023-03-24T03:52:00Z,101-1-1-0004,,,,device_not_worn_correctly
1679629980000,2023-03-24T03:53:00Z,101-1-1-0004,,,,device_not_worn_correctly
1679630040000,2023-03-24T03:54:00Z,101-1-1-0004,,,,device_not_worn_correctly
1679630100000,2023-03-24T03:55:00Z,101-1-1-0004,,,,device_not_worn_correctly
1679630160000,2023-03-24T03:56:00Z,101-1-1-0004,,,,device_not_worn_correctly
1679630220000,2023-03-24T03:57:00Z,101-1-1-0004,,,,device_not_worn_correctly
1679630280000,2023-03-24T03:58:00Z,101-1-1-0004,,,,device_not_worn_correctly
1679630340000,2023-03-24T03:59:00Z,101-1-1-0004,,,,device_not_worn_correctly
1679630400000,2023-03-24T04:00:00Z,101-1-1-0004,,,,device_not_worn_correctly
1679630460000,2023-03-24T04:01:00Z,101-1-1-0004,,,,device_not_worn_correctly
1679630520000,2023-03-24T04:02:00Z,101-1-1-0004,,,,device_not_worn_correctly
1679630580000,2023-03-24T04:03:00Z,101-1-1-0004,,,,device_not_worn_correctly
1679630640000,2023-03-24T04:04:00Z,101-1-1-0004,,,,device_not_worn_correctly
1679630700000,2023-03-24T04:05:00Z,101-1-1-0004,,,,device_not_worn_correctly
1679630760000,2023-03-24T04:06:00Z,101-1-1-0004,,,,device_not_worn_correctly
1679630820000,2023-03-24T04:07:00Z,101-1-1-0004,,,,device_not_worn_correctly
1679630880000,2023-03-24T04:08:00Z,101-1-1-0004,,,,device_not_worn_correctly
1679630940000,2023-03-24T04:09:00Z,101-1-1-0004,,,,device_not_worn_correctly
1679631000000,2023-03-24T04:10:00Z,101-1-1-0004,,,,device_not_worn_correctly
1679631060000,2023-03-24T04:11:00Z,101-1-1-0004,,,,device_not_worn_correctly
1679631120000,2023-03-24T04:12:00Z,101-1-1-0004,,,,device_not_worn_correctly
1679631180000,2023-03-24T04:13:00Z,101-1-1-0004,,,,device_not_worn_correctly
1679631240000,2023-03-24T04:14:00Z,101-1-1-0004,,,,device_not_worn_correctly
1679631300000,2023-03-24T04:15:00Z,101-1-1-0004,,,,device_not_worn_correctly
1679631360000,2023-03-24T04:16:00Z,101-1-1-0004,,,,device_not_worn_correctly
1679631420000,2023-03-24T04:17:00Z,101-1-1-0004,,,,device_not_worn_correctly
1679631480000,2023-03-24T04:18:00Z,101-1-1-0004,,,,device_not_worn_correctly
1679631540000,2023-03-24T04:19:00Z,101-1-1-0004,,,,device_not_worn_correctly
1679631600000,2023-03-24T04:20:00Z,101-1-1-0004,,,,device_not_worn_correctly
1679631660000,2023-03-24T04:21:00Z,101-1-1-0004,,,,device_not_worn_correctly
1679631720000,2023-03-24T04:22:00Z,101-1-1-0004,,,,device_not_worn_correctly
1679631780000,2023-03-24T04:23:00Z,101-1-1-0004,,,,device_not_worn_correctly
1679631840000,2023-03-24T04:24:00Z,101-1-1-0004,,,,device_not_worn_correctly
1679631900000,2023-03-24T04:25:00Z,101-1-1-0004,,,,device_not_worn_correctly
1679631960000,2023-03-24T04:26:00Z,101-1-1-0004,,,,device_not_worn_correctly
1679632020000,2023-03-24T04:27:00Z,101-1-1-0004,,,,device_not_worn_correctly
1679632080000,2023-03-24T04:28:00Z,101-1-1-0004,,,,device_not_worn_correctly
1679632140000,2023-03-24T04:29:00Z,101-1-1-0004,,,,device_not_worn_correctly
1679632200000,2023-03-24T04:30:00Z,101-1-1-0004,,,,device_not_worn_correctly
1679632260000,2023-03-24T04:31:00Z,101-1-1-0004,,,,device_not_worn_correctly
1679632320000,2023-03-24T04:32:00Z,101-1-1-0004,,,,device_not_worn_correctly
1679632380000,2023-03-24T04:33:00Z,101-1-1-0004,,,,device_not_worn_correctly
1679632440000,2023-03-24T04:34:00Z,101-1-1-0004,,,,device_not_worn_correctly
1679632500000,2023-03-24T04:35:00Z,101-1-1-0004,,,,device_not_worn_correctly
1679632560000,2023-03-24T04:36:00Z,101-1-1-0004,,,,device_not_worn_correctly
1679632620000,2023-03-24T04:37:00Z,101-1-1-0004,,,,device_not_worn_correctly
1679632680000,2023-03-24T04:38:00Z,101-1-1-0004,,,,device_not_worn_correctly
1679632740000,2023-03-24T04:39:00Z,101-1-1-0004,,,,device_not_worn_correctly
1679632800000,2023-03-24T04:40:00Z,101-1-1-0004,,,,device_not_worn_correctly
1679632860000,2023-03-24T04:41:00Z,101-1-1-0004,,,,device_not_worn_correctly
1679632920000,2023-03-24T04:42:00Z,101-1-1-0004,,,,device_not_worn_correctly
1679632980000,2023-03-24T04:43:00Z,101-1-1-0004,,,,device_not_worn_correctly
1679633040000,2023-03-24T04:44:00Z,101-1-1-0004,,,,device_not_worn_correctly
1679633100000,2023-03-24T04:45:00Z,101-1-1-0004,,,,device_not_worn_correctly
1679633160000,2023-03-24T04:46:00Z,101-1-1-0004,,,,device_not_worn_correctly
1679633220000,2023-03-24T04:47:00Z,101-1-1-0004,,,,device_not_worn_correctly
1679633280000,2023-03-24T04:48:00Z,101-1-1-0004,,,,device_not_worn_correctly
1679633340000,2023-03-24T04:49:00Z,101-1-1-0004,,,,device_not_worn_correctly
1679633400000,2023-03-24T04:50:00Z,101-1-1-0004,,,,device_not_worn_correctly
1679633460000,2023-03-24T04:51:00Z,101-1-1-0004,,,,device_not_worn_correctly
1679633520000,2023-03-24T04:52:00Z,101-1-1-0004,,,,device_not_worn_correctly
1679633580000,2023-03-24T04:53:00Z,101-1-1-0004,,,,device_not_worn_correctly
1679633640000,2023-03-24T04:54:00Z,101-1-1-0004,,,,device_not_worn_correctly
1679633700000,2023-03-24T04:55:00Z,101-1-1-0004,,,,device_not_worn_correctly
1679633760000,2023-03-24T04:56:00Z,101-1-1-0004,,,,device_not_worn_correctly
1679633820000,2023-03-24T04:57:00Z,101-1-1-0004,,,,device_not_worn_correctly
1679633880000,2023-03-24T04:58:00Z,101-1-1-0004,,,,device_not_worn_correctly
1679633940000,2023-03-24T04:59:00Z,101-1-1-0004,,,,device_not_worn_correctly
1679634000000,2023-03-24T05:00:00Z,101-1-1-0004,,,,device_not_worn_correctly
1679634060000,2023-03-24T05:01:00Z,101-1-1-0004,,,,device_not_worn_correctly
1679634120000,2023-03-24T05:02:00Z,101-1-1-0004,,,,device_not_worn_correctly
1679634180000,2023-03-24T05:03:00Z,101-1-1-0004,,,,device_not_worn_correctly
1679634240000,2023-03-24T05:04:00Z,101-1-1-0004,,,,device_not_worn_correctly
1679634300000,2023-03-24T05:05:00Z,101-1-1-0004,,,,device_not_worn_correctly
1679634360000,2023-03-24T05:06:00Z,101-1-1-0004,,,,device_not_worn_correctly
1679634420000,2023-03-24T05:07:00Z,101-1-1-0004,,,,device_not_worn_correctly
1679634480000,2023-03-24T05:08:00Z,101-1-1-0004,,,,device_not_worn_correctly
1679634540000,2023-03-24T05:09:00Z,101-1-1-0004,,,,device_not_worn_correctly
1679634600000,2023-03-24T05:10:00Z,101-1-1-0004,,,,device_not_worn_correctly
1679634660000,2023-03-24T05:11:00Z,101-1-1-0004,,,,device_not_worn_correctly
1679634720000,2023-03-24T05:12:00Z,101-1-1-0004,,,,device_not_worn_correctly
1679634780000,2023-03-24T05:13:00Z,101-1-1-0004,,,,device_not_worn_correctly
1679634840000,2023-03-24T05:14:00Z,101-1-1-0004,,,,device_not_worn_correctly
1679634900000,2023-03-24T05:15:00Z,101-1-1-0004,,,,device_not_worn_correctly
1679634960000,2023-03-24T05:16:00Z,101-1-1-0004,,,,device_not_worn_correctly
1679635020000,2023-03-24T05:17:00Z,101-1-1-0004,,,,device_not_worn_correctly
1679635080000,2023-03-24T05:18:00Z,101-1-1-0004,,,,device_not_worn_correctly
1679635140000,2023-03-24T05:19:00Z,101-1-1-0004,,,,device_not_worn_correctly
1679635200000,2023-03-24T05:20:00Z,101-1-1-0004,,,,device_not_worn_correctly
1679635260000,2023-03-24T05:21:00Z,101-1-1-0004,,,,device_not_worn_correctly
1679635320000,2023-03-24T05:22:00Z,101-1-1-0004,,,,device_not_worn_correctly
1679635380000,2023-03-24T05:23:00Z,101-1-1-0004,,,,device_not_worn_correctly
1679635440000,2023-03-24T05:24:00Z,101-1-1-0004,,,,device_not_worn_correctly
1679635500000,2023-03-24T05:25:00Z,101-1-1-0004,,,,device_not_worn_correctly
1679635560000,2023-03-24T05:26:00Z,101-1-1-0004,,,,device_not_worn_correctly
1679635620000,2023-03-24T05:27:00Z,101-1-1-0004,,,,device_not_worn_correctly
1679635680000,2023-03-24T05:28:00Z,101-1-1-0004,,,,device_not_worn_correctly
1679635740000,2023-03-24T05:29:00Z,101-1-1-0004,,,,device_not_worn_correctly
1679635800000,2023-03-24T05:30:00Z,101-1-1-0004,,,,device_not_worn_correctly
1679635860000,2023-03-24T05:31:00Z,101-1-1-0004,,,,device_not_worn_correctly
1679635920000,2023-03-24T05:32:00Z,101-1-1-0004,,,,device_not_worn_correctly
1679635980000,2023-03-24T05:33:00Z,101-1-1-0004,,,,device_not_worn_correctly
1679636040000,2023-03-24T05:34:00Z,101-1-1-0004,,,,device_not_worn_correctly
1679636100000,2023-03-24T05:35:00Z,101-1-1-0004,,,,device_not_worn_correctly
1679636160000,2023-03-24T05:36:00Z,101-1-1-0004,,,,device_not_worn_correctly
1679636220000,2023-03-24T05:37:00Z,101-1-1-0004,,,,device_not_worn_correctly
1679636280000,2023-03-24T05:38:00Z,101-1-1-0004,,,,device_not_worn_correctly
1679636340000,2023-03-24T05:39:00Z,101-1-1-0004,,,,device_not_worn_correctly
1679636400000,2023-03-24T05:40:00Z,101-1-1-0004,,,,device_not_worn_correctly
1679636460000,2023-03-24T05:41:00Z,101-1-1-0004,,,,device_not_worn_correctly
1679636520000,2023-03-24T05:42:00Z,101-1-1-0004,,,,device_not_worn_correctly
1679636580000,2023-03-24T05:43:00Z,101-1-1-0004,,,,device_not_worn_correctly
1679636640000,2023-03-24T05:44:00Z,101-1-1-0004,,,,device_not_worn_correctly
1679636700000,2023-03-24T05:45:00Z,101-1-1-0004,,,,device_not_worn_correctly
1679636760000,2023-03-24T05:46:00Z,101-1-1-0004,,,,device_not_worn_correctly
1679636820000,2023-03-24T05:47:00Z,101-1-1-0004,,,,device_not_worn_correctly
1679636880000,2023-03-24T05:48:00Z,101-1-1-0004,,,,device_not_worn_correctly
1679636940000,2023-03-24T05:49:00Z,101-1-1-0004,,,,device_not_worn_correctly
1679637000000,2023-03-24T05:50:00Z,101-1-1-0004,,,,device_not_worn_correctly
1679637060000,2023-03-24T05:51:00Z,101-1-1-0004,,,,device_not_worn_correctly
1679637120000,2023-03-24T05:52:00Z,101-1-1-0004,,,,device_not_worn_correctly
1679637180000,2023-03-24T05:53:00Z,101-1-1-0004,,,,device_not_worn_correctly
1679637240000,2023-03-24T05:54:00Z,101-1-1-0004,,,,device_not_worn_correctly
1679637300000,2023-03-24T05:55:00Z,101-1-1-0004,,,,device_not_worn_correctly
1679637360000,2023-03-24T05:56:00Z,101-1-1-0004,,,,device_not_worn_correctly
1679637420000,2023-03-24T05:57:00Z,101-1-1-0004,,,,device_not_worn_correctly
1679637480000,2023-03-24T05:58:00Z,101-1-1-0004,,,,device_not_worn_correctly
1679637540000,2023-03-24T05:59:00Z,101-1-1-0004,,,,device_not_worn_correctly
1679637600000,2023-03-24T06:00:00Z,101-1-1-0004,,,,device_not_worn_correctly
1679637660000,2023-03-24T06:01:00Z,101-1-1-0004,,,,device_not_worn_correctly
1679637720000,2023-03-24T06:02:00Z,101-1-1-0004,,,,device_not_worn_correctly
1679637780000,2023-03-24T06:03:00Z,101-1-1-0004,,,,device_not_worn_correctly
1679637840000,2023-03-24T06:04:00Z,101-1-1-0004,,,,device_not_worn_correctly
1679637900000,2023-03-24T06:05:00Z,101-1-1-0004,,,,device_not_worn_correctly
1679637960000,2023-03-24T06:06:00Z,101-1-1-0004,,,,device_not_worn_correctly
1679638020000,2023-03-24T06:07:00Z,101-1-1-0004,,,,device_not_worn_correctly
1679638080000,2023-03-24T06:08:00Z,101-1-1-0004,,,,device_not_worn_correctly
1679638140000,2023-03-24T06:09:00Z,101-1-1-0004,,,,device_not_worn_correctly
1679638200000,2023-03-24T06:10:00Z,101-1-1-0004,,,,device_not_worn_correctly
1679638260000,2023-03-24T06:11:00Z,101-1-1-0004,,,,device_not_worn_correctly
1679638320000,2023-03-24T06:12:00Z,101-1-1-0004,,,,device_not_worn_correctly
1679638380000,2023-03-24T06:13:00Z,101-1-1-0004,,,,device_not_worn_correctly
1679638440000,2023-03-24T06:14:00Z,101-1-1-0004,,,,device_not_worn_correctly
1679638500000,2023-03-24T06:15:00Z,101-1-1-0004,,,,device_not_worn_correctly
1679638560000,2023-03-24T06:16:00Z,101-1-1-0004,,,,device_not_worn_correctly
1679638620000,2023-03-24T06:17:00Z,101-1-1-0004,,,,device_not_worn_correctly
1679638680000,2023-03-24T06:18:00Z,101-1-1-0004,,,,device_not_worn_correctly
1679638740000,2023-03-24T06:19:00Z,101-1-1-0004,,,,device_not_worn_correctly
1679638800000,2023-03-24T06:20:00Z,101-1-1-0004,,,,device_not_worn_correctly
1679638860000,2023-03-24T06:21:00Z,101-1-1-0004,,,,device_not_worn_correctly
1679638920000,2023-03-24T06:22:00Z,101-1-1-0004,,,,device_not_worn_correctly
1679638980000,2023-03-24T06:23:00Z,101-1-1-0004,,,,device_not_worn_correctly
1679639040000,2023-03-24T06:24:00Z,101-1-1-0004,,,,device_not_worn_correctly
1679639100000,2023-03-24T06:25:00Z,101-1-1-0004,,,,device_not_worn_correctly
1679639160000,2023-03-24T06:26:00Z,101-1-1-0004,,,,device_not_worn_correctly
1679639220000,2023-03-24T06:27:00Z,101-1-1-0004,,,,device_not_worn_correctly
1679639280000,2023-03-24T06:28:00Z,101-1-1-0004,,,,device_not_worn_correctly
1679639340000,2023-03-24T06:29:00Z,101-1-1-0004,,,,device_not_worn_correctly
1679639400000,2023-03-24T06:30:00Z,101-1-1-0004,,,,device_not_worn_correctly
1679639460000,2023-03-24T06:31:00Z,101-1-1-0004,,,,device_not_worn_correctly
1679639520000,2023-03-24T06:32:00Z,101-1-1-0004,,,,device_not_worn_correctly
1679639580000,2023-03-24T06:33:00Z,101-1-1-0004,,,,device_not_worn_correctly
1679639640000,2023-03-24T06:34:00Z,101-1-1-0004,,,,device_not_worn_correctly
1679639700000,2023-03-24T06:35:00Z,101-1-1-0004,,,,device_not_worn_correctly
1679639760000,2023-03-24T06:36:00Z,101-1-1-0004,,,,device_not_worn_correctly
1679639820000,2023-03-24T06:37:00Z,101-1-1-0004,,,,device_not_worn_correctly
1679639880000,2023-03-24T06:38:00Z,101-1-1-0004,,,,device_not_worn_correctly
1679639940000,2023-03-24T06:39:00Z,101-1-1-0004,,,,device_not_worn_correctly
1679640000000,2023-03-24T06:40:00Z,101-1-1-0004,,,,device_not_worn_correctly
1679640060000,2023-03-24T06:41:00Z,101-1-1-0004,,,,device_not_worn_correctly
1679640120000,2023-03-24T06:42:00Z,101-1-1-0004,,,,device_not_worn_correctly
1679640180000,2023-03-24T06:43:00Z,101-1-1-0004,,,,device_not_worn_correctly
1679640240000,2023-03-24T06:44:00Z,101-1-1-0004,,,,device_not_worn_correctly
1679640300000,2023-03-24T06:45:00Z,101-1-1-0004,,,,device_not_worn_correctly
1679640360000,2023-03-24T06:46:00Z,101-1-1-0004,,,,device_not_worn_correctly
1679640420000,2023-03-24T06:47:00Z,101-1-1-0004,,,,device_not_worn_correctly
1679640480000,2023-03-24T06:48:00Z,101-1-1-0004,,,,device_not_worn_correctly
1679640540000,2023-03-24T06:49:00Z,101-1-1-0004,,,,device_not_worn_correctly
1679640600000,2023-03-24T06:50:00Z,101-1-1-0004,,,,device_not_worn_correctly
1679640660000,2023-03-24T06:51:00Z,101-1-1-0004,,,,device_not_worn_correctly
1679640720000,2023-03-24T06:52:00Z,101-1-1-0004,,,,device_not_worn_correctly
1679640780000,2023-03-24T06:53:00Z,101-1-1-0004,,,,device_not_worn_correctly
1679640840000,2023-03-24T06:54:00Z,101-1-1-0004,,,,device_not_worn_correctly
1679640900000,2023-03-24T06:55:00Z,101-1-1-0004,,,,device_not_worn_correctly
1679640960000,2023-03-24T06:56:00Z,101-1-1-0004,,,,device_not_worn_correctly
1679641020000,2023-03-24T06:57:00Z,101-1-1-0004,,,,device_not_worn_correctly
1679641080000,2023-03-24T06:58:00Z,101-1-1-0004,,,,device_not_worn_correctly
1679641140000,2023-03-24T06:59:00Z,101-1-1-0004,,,,device_not_worn_correctly
1679641200000,2023-03-24T07:00:00Z,101-1-1-0004,,,,device_not_worn_correctly
1679641260000,2023-03-24T07:01:00Z,101-1-1-0004,,,,device_not_recording
1679641320000,2023-03-24T07:02:00Z,101-1-1-0004,,,,device_not_recording
1679641380000,2023-03-24T07:03:00Z,101-1-1-0004,,,,device_not_recording
1679641440000,2023-03-24T07:04:00Z,101-1-1-0004,,,,device_not_recording
1679641500000,2023-03-24T07:05:00Z,101-1-1-0004,,,,device_not_recording
1679641560000,2023-03-24T07:06:00Z,101-1-1-0004,,,,device_not_recording
1679641620000,2023-03-24T07:07:00Z,101-1-1-0004,,,,device_not_recording
1679641680000,2023-03-24T07:08:00Z,101-1-1-0004,,,,device_not_recording
1679641740000,2023-03-24T07:09:00Z,101-1-1-0004,,,,device_not_recording
1679641800000,2023-03-24T07:10:00Z,101-1-1-0004,,,,device_not_recording
1679641860000,2023-03-24T07:11:00Z,101-1-1-0004,,,,device_not_recording
1679641920000,2023-03-24T07:12:00Z,101-1-1-0004,,,,device_not_recording
1679641980000,2023-03-24T07:13:00Z,101-1-1-0004,,,,device_not_recording
1679642040000,2023-03-24T07:14:00Z,101-1-1-0004,,,,device_not_recording
1679642100000,2023-03-24T07:15:00Z,101-1-1-0004,,,,device_not_recording
1679642160000,2023-03-24T07:16:00Z,101-1-1-0004,,,,device_not_recording
1679642220000,2023-03-24T07:17:00Z,101-1-1-0004,,,,device_not_recording
1679642280000,2023-03-24T07:18:00Z,101-1-1-0004,,,,device_not_recording
1679642340000,2023-03-24T07:19:00Z,101-1-1-0004,,,,device_not_recording
1679642400000,2023-03-24T07:20:00Z,101-1-1-0004,,,,device_not_recording
1679642460000,2023-03-24T07:21:00Z,101-1-1-0004,,,,device_not_recording
1679642520000,2023-03-24T07:22:00Z,101-1-1-0004,,,,device_not_recording
1679642580000,2023-03-24T07:23:00Z,101-1-1-0004,,,,device_not_recording
1679642640000,2023-03-24T07:24:00Z,101-1-1-0004,,,,device_not_recording
1679642700000,2023-03-24T07:25:00Z,101-1-1-0004,,,,device_not_recording
1679642760000,2023-03-24T07:26:00Z,101-1-1-0004,,,,device_not_recording
1679642820000,2023-03-24T07:27:00Z,101-1-1-0004,,,,device_not_recording
1679642880000,2023-03-24T07:28:00Z,101-1-1-0004,,,,device_not_recording
1679642940000,2023-03-24T07:29:00Z,101-1-1-0004,,,,device_not_recording
1679643000000,2023-03-24T07:30:00Z,101-1-1-0004,,,,device_not_recording
1679643060000,2023-03-24T07:31:00Z,101-1-1-0004,,,,device_not_recording
1679643120000,2023-03-24T07:32:00Z,101-1-1-0004,,,,device_not_recording
1679643180000,2023-03-24T07:33:00Z,101-1-1-0004,,,,device_not_recording
1679643240000,2023-03-24T07:34:00Z,101-1-1-0004,,,,device_not_recording
1679643300000,2023-03-24T07:35:00Z,101-1-1-0004,,,,device_not_recording
1679643360000,2023-03-24T07:36:00Z,101-1-1-0004,,,,device_not_recording
1679643420000,2023-03-24T07:37:00Z,101-1-1-0004,,,,device_not_recording
1679643480000,2023-03-24T07:38:00Z,101-1-1-0004,,,,device_not_recording
1679643540000,2023-03-24T07:39:00Z,101-1-1-0004,,,,device_not_recording
1679643600000,2023-03-24T07:40:00Z,101-1-1-0004,,,,device_not_recording
1679643660000,2023-03-24T07:41:00Z,101-1-1-0004,,,,device_not_recording
1679643720000,2023-03-24T07:42:00Z,101-1-1-0004,,,,device_not_recording
1679643780000,2023-03-24T07:43:00Z,101-1-1-0004,,,,device_not_recording
1679643840000,2023-03-24T07:44:00Z,101-1-1-0004,,,,device_not_recording
1679643900000,2023-03-24T07:45:00Z,101-1-1-0004,,,,device_not_recording
1679643960000,2023-03-24T07:46:00Z,101-1-1-0004,,,,device_not_recording
1679644020000,2023-03-24T07:47:00Z,101-1-1-0004,,,,device_not_recording
1679644080000,2023-03-24T07:48:00Z,101-1-1-0004,,,,device_not_recording
1679644140000,2023-03-24T07:49:00Z,101-1-1-0004,,,,device_not_recording
1679644200000,2023-03-24T07:50:00Z,101-1-1-0004,,,,device_not_recording
1679644260000,2023-03-24T07:51:00Z,101-1-1-0004,,,,device_not_recording
1679644320000,2023-03-24T07:52:00Z,101-1-1-0004,,,,device_not_recording
1679644380000,2023-03-24T07:53:00Z,101-1-1-0004,,,,device_not_recording
1679644440000,2023-03-24T07:54:00Z,101-1-1-0004,,,,device_not_recording
1679644500000,2023-03-24T07:55:00Z,101-1-1-0004,,,,device_not_recording
1679644560000,2023-03-24T07:56:00Z,101-1-1-0004,,,,device_not_recording
1679644620000,2023-03-24T07:57:00Z,101-1-1-0004,,,,device_not_recording
1679644680000,2023-03-24T07:58:00Z,101-1-1-0004,,,,device_not_recording
1679644740000,2023-03-24T07:59:00Z,101-1-1-0004,,,,device_not_recording
1679644800000,2023-03-24T08:00:00Z,101-1-1-0004,,,,device_not_recording
1679644860000,2023-03-24T08:01:00Z,101-1-1-0004,,,,device_not_recording
1679644920000,2023-03-24T08:02:00Z,101-1-1-0004,,,,device_not_recording
1679644980000,2023-03-24T08:03:00Z,101-1-1-0004,,,,device_not_recording
1679645040000,2023-03-24T08:04:00Z,101-1-1-0004,,,,device_not_recording
1679645100000,2023-03-24T08:05:00Z,101-1-1-0004,,,,device_not_recording
1679645160000,2023-03-24T08:06:00Z,101-1-1-0004,,,,device_not_recording
1679645220000,2023-03-24T08:07:00Z,101-1-1-0004,,,,device_not_recording
1679645280000,2023-03-24T08:08:00Z,101-1-1-0004,,,,device_not_recording
1679645340000,2023-03-24T08:09:00Z,101-1-1-0004,,,,device_not_recording
1679645400000,2023-03-24T08:10:00Z,101-1-1-0004,,,,device_not_recording
1679645460000,2023-03-24T08:11:00Z,101-1-1-0004,,,,device_not_recording
1679645520000,2023-03-24T08:12:00Z,101-1-1-0004,,,,device_not_recording
1679645580000,2023-03-24T08:13:00Z,101-1-1-0004,,,,device_not_recording
1679645640000,2023-03-24T08:14:00Z,101-1-1-0004,,,,device_not_recording
1679645700000,2023-03-24T08:15:00Z,101-1-1-0004,,,,device_not_recording
1679645760000,2023-03-24T08:16:00Z,101-1-1-0004,,,,device_not_recording
1679645820000,2023-03-24T08:17:00Z,101-1-1-0004,,,,device_not_recording
1679645880000,2023-03-24T08:18:00Z,101-1-1-0004,,,,device_not_recording
1679645940000,2023-03-24T08:19:00Z,101-1-1-0004,72.0,0.13,19,
1679646000000,2023-03-24T08:20:00Z,101-1-1-0004,90.0,0.034,0,
1679646060000,2023-03-24T08:21:00Z,101-1-1-0004,10.0,0.007,0,
1679646120000,2023-03-24T08:22:00Z,101-1-1-0004,0.0,0.003,0,
1679646180000,2023-03-24T08:23:00Z,101-1-1-0004,71.0,0.048,12,
1679646240000,2023-03-24T08:24:00Z,101-1-1-0004,51.0,0.036,2,
1679646300000,2023-03-24T08:25:00Z,101-1-1-0004,53.0,0.03,3,
1679646360000,2023-03-24T08:26:00Z,101-1-1-0004,62.0,0.038,0,
1679646420000,2023-03-24T08:27:00Z,101-1-1-0004,24.0,0.023,3,
1679646480000,2023-03-24T08:28:00Z,101-1-1-0004,52.0,0.024,0,
1679646540000,2023-03-24T08:29:00Z,101-1-1-0004,47.0,0.022,4,
1679646600000,2023-03-24T08:30:00Z,101-1-1-0004,11.0,0.011,0,
1679646660000,2023-03-24T08:31:00Z,101-1-1-0004,24.0,0.01,0,
1679646720000,2023-03-24T08:32:00Z,101-1-1-0004,16.0,0.015,0,
1679646780000,2023-03-24T08:33:00Z,101-1-1-0004,38.0,0.028,4,
1679646840000,2023-03-24T08:34:00Z,101-1-1-0004,80.0,0.047,5,
1679646900000,2023-03-24T08:35:00Z,101-1-1-0004,15.0,0.013,0,
1679646960000,2023-03-24T08:36:00Z,101-1-1-0004,29.0,0.029,4,
1679647020000,2023-03-24T08:37:00Z,101-1-1-0004,4.0,0.005,0,
1679647080000,2023-03-24T08:38:00Z,101-1-1-0004,25.0,0.015,2,
1679647140000,2023-03-24T08:39:00Z,101-1-1-0004,51.0,0.024,4,
1679647200000,2023-03-24T08:40:00Z,101-1-1-0004,20.0,0.011,0,
1679647260000,2023-03-24T08:41:00Z,101-1-1-0004,13.0,0.009,0,
1679647320000,2023-03-24T08:42:00Z,101-1-1-0004,54.0,0.028,2,
1679647380000,2023-03-24T08:43:00Z,101-1-1-0004,59.0,0.034,3,
1679647440000,2023-03-24T08:44:00Z,101-1-1-0004,36.0,0.017,0,
1679647500000,2023-03-24T08:45:00Z,101-1-1-0004,56.0,0.019,2,
1679647560000,2023-03-24T08:46:00Z,101-1-1-0004,31.0,0.022,0,
1679647620000,2023-03-24T08:47:00Z,101-1-1-0004,30.0,0.023,0,
1679647680000,2023-03-24T08:48:00Z,101-1-1-0004,71.0,0.026,0,
1679647740000,2023-03-24T08:49:00Z,101-1-1-0004,122.0,0.033,0,
1679647800000,2023-03-24T08:50:00Z,101-1-1-0004,48.0,0.029,4,
1679647860000,2023-03-24T08:51:00Z,101-1-1-0004,55.0,0.034,0,
1679647920000,2023-03-24T08:52:00Z,101-1-1-0004,63.0,0.022,0,
1679647980000,2023-03-24T08:53:00Z,101-1-1-0004,84.0,0.09,15,
1679648040000,2023-03-24T08:54:00Z,101-1-1-0004,27.0,0.024,1,
1679648100000,2023-03-24T08:55:00Z,101-1-1-0004,6.0,0.004,0,
1679648160000,2023-03-24T08:56:00Z,101-1-1-0004,0.0,0.002,0,
1679648220000,2023-03-24T08:57:00Z,101-1-1-0004,34.0,0.028,8,
1679648280000,2023-03-24T08:58:00Z,101-1-1-0004,119.0,0.087,13,
1679648340000,2023-03-24T08:59:00Z,101-1-1-0004,139.0,0.11,21,
1679648400000,2023-03-24T09:00:00Z,101-1-1-0004,130.0,0.12,14,
1679648460000,2023-03-24T09:01:00Z,101-1-1-0004,15.0,0.01,0,
1679648520000,2023-03-24T09:02:00Z,101-1-1-0004,0.0,0.001,0,
1679648580000,2023-03-24T09:03:00Z,101-1-1-0004,0.0,0.001,0,
1679648640000,2023-03-24T09:04:00Z,101-1-1-0004,13.0,0.008,0,
1679648700000,2023-03-24T09:05:00Z,101-1-1-0004,16.0,0.011,0,
1679648760000,2023-03-24T09:06:00Z,101-1-1-0004,26.0,0.016,0,
1679648820000,2023-03-24T09:07:00Z,101-1-1-0004,47.0,0.019,0,
1679648880000,2023-03-24T09:08:00Z,101-1-1-0004,18.0,0.012,0,
1679648940000,2023-03-24T09:09:00Z,101-1-1-0004,53.0,0.012,0,
1679649000000,2023-03-24T09:10:00Z,101-1-1-0004,22.0,0.008,0,
1679649060000,2023-03-24T09:11:00Z,101-1-1-0004,39.0,0.008,0,
1679649120000,2023-03-24T09:12:00Z,101-1-1-0004,38.0,0.008,0,
1679649180000,2023-03-24T09:13:00Z,101-1-1-0004,41.0,0.014,0,
1679649240000,2023-03-24T09:14:00Z,101-1-1-0004,19.0,0.007,0,
1679649300000,2023-03-24T09:15:00Z,101-1-1-0004,23.0,0.01,2,
1679649360000,2023-03-24T09:16:00Z,101-1-1-0004,33.0,0.013,0,
1679649420000,2023-03-24T09:17:00Z,101-1-1-0004,11.0,0.005,0,
1679649480000,2023-03-24T09:18:00Z,101-1-1-0004,21.0,0.015,0,
1679649540000,2023-03-24T09:19:00Z,101-1-1-0004,65.0,0.058,10,
1679649600000,2023-03-24T09:20:00Z,101-1-1-0004,12.0,0.009,0,
1679649660000,2023-03-24T09:21:00Z,101-1-1-0004,7.0,0.004,0,
1679649720000,2023-03-24T09:22:00Z,101-1-1-0004,9.0,0.005,0,
1679649780000,2023-03-24T09:23:00Z,101-1-1-0004,8.0,0.005,0,
1679649840000,2023-03-24T09:24:00Z,101-1-1-0004,7.0,0.003,0,
1679649900000,2023-03-24T09:25:00Z,101-1-1-0004,0.0,0.002,0,
1679649960000,2023-03-24T09:26:00Z,101-1-1-0004,46.0,0.039,0,
1679650020000,2023-03-24T09:27:00Z,101-1-1-0004,89.0,0.044,3,
1679650080000,2023-03-24T09:28:00Z,101-1-1-0004,106.0,0.05,2,
1679650140000,2023-03-24T09:29:00Z,101-1-1-0004,34.0,0.014,0,
1679650200000,2023-03-24T09:30:00Z,101-1-1-0004,20.0,0.014,0,
1679650260000,2023-03-24T09:31:00Z,101-1-1-0004,52.0,0.022,2,
1679650320000,2023-03-24T09:32:00Z,101-1-1-0004,121.0,0.109,7,
1679650380000,2023-03-24T09:33:00Z,101-1-1-0004,114.0,0.078,11,
1679650440000,2023-03-24T09:34:00Z,101-1-1-0004,112.0,0.098,12,
1679650500000,2023-03-24T09:35:00Z,101-1-1-0004,21.0,0.01,0,
1679650560000,2023-03-24T09:36:00Z,101-1-1-0004,45.0,0.01,0,
1679650620000,2023-03-24T09:37:00Z,101-1-1-0004,79.0,0.087,5,
1679650680000,2023-03-24T09:38:00Z,101-1-1-0004,125.0,0.119,11,
1679650740000,2023-03-24T09:39:00Z,101-1-1-0004,105.0,0.043,2,
1679650800000,2023-03-24T09:40:00Z,101-1-1-0004,115.0,0.103,20,
1679650860000,2023-03-24T09:41:00Z,101-1-1-0004,18.0,0.016,0,
1679650920000,2023-03-24T09:42:00Z,101-1-1-0004,13.0,0.015,2,
1679650980000,2023-03-24T09:43:00Z,101-1-1-0004,14.0,0.009,0,
1679651040000,2023-03-24T09:44:00Z,101-1-1-0004,2.0,0.004,0,
1679651100000,2023-03-24T09:45:00Z,101-1-1-0004,12.0,0.008,0,
1679651160000,2023-03-24T09:46:00Z,101-1-1-0004,0.0,0.004,0,
1679651220000,2023-03-24T09:47:00Z,101-1-1-0004,0.0,0.004,0,
1679651280000,2023-03-24T09:48:00Z,101-1-1-0004,0.0,0.003,0,
1679651340000,2023-03-24T09:49:00Z,101-1-1-0004,92.0,0.128,21,
1679651400000,2023-03-24T09:50:00Z,101-1-1-0004,128.0,0.286,62,
1679651460000,2023-03-24T09:51:00Z,101-1-1-0004,128.0,0.256,59,
1679651520000,2023-03-24T09:52:00Z,101-1-1-0004,137.0,0.593,48,
1679651580000,2023-03-24T09:53:00Z,101-1-1-0004,124.0,0.23,60,
1679651640000,2023-03-24T09:54:00Z,101-1-1-0004,108.0,0.088,15,
1679651700000,2023-03-24T09:55:00Z,101-1-1-0004,108.0,0.063,12,
1679651760000,2023-03-24T09:56:00Z,101-1-1-0004,97.0,0.03,0,
1679651820000,2023-03-24T09:57:00Z,101-1-1-0004,119.0,0.064,8,
1679651880000,2023-03-24T09:58:00Z,101-1-1-0004,111.0,0.148,30,
1679651940000,2023-03-24T09:59:00Z,101-1-1-0004,124.0,0.251,58,
1679652000000,2023-03-24T10:00:00Z,101-1-1-0004,20.0,0.068,6,
1679652060000,2023-03-24T10:01:00Z,101-1-1-0004,0.0,0.003,0,
1679652120000,2023-03-24T10:02:00Z,101-1-1-0004,0.0,0.003,0,
1679652180000,2023-03-24T10:03:00Z,101-1-1-0004,0.0,0.003,0,
1679652240000,2023-03-24T10:04:00Z,101-1-1-0004,130.0,0.555,49,
1679652300000,2023-03-24T10:05:00Z,101-1-1-0004,19.0,0.11,5,
1679652360000,2023-03-24T10:06:00Z,101-1-1-0004,0.0,0.004,0,
1679652420000,2023-03-24T10:07:00Z,101-1-1-0004,80.0,0.023,0,
1679652480000,2023-03-24T10:08:00Z,101-1-1-0004,95.0,0.018,0,
1679652540000,2023-03-24T10:09:00Z,101-1-1-0004,64.0,0.047,4,
1679652600000,2023-03-24T10:10:00Z,101-1-1-0004,32.0,0.009,0,
1679652660000,2023-03-24T10:11:00Z,101-1-1-0004,50.0,0.042,6,
1679652720000,2023-03-24T10:12:00Z,101-1-1-0004,66.0,0.038,0,
1679652780000,2023-03-24T10:13:00Z,101-1-1-0004,84.0,0.232,22,
1679652840000,2023-03-24T10:14:00Z,101-1-1-0004,118.0,0.358,48,
1679652900000,2023-03-24T10:15:00Z,101-1-1-0004,116.0,0.355,51,
1679652960000,2023-03-24T10:16:00Z,101-1-1-0004,116.0,0.299,51,
1679653020000,2023-03-24T10:17:00Z,101-1-1-0004,116.0,0.342,53,
1679653080000,2023-03-24T10:18:00Z,101-1-1-0004,117.0,0.337,47,
1679653140000,2023-03-24T10:19:00Z,101-1-1-0004,120.0,0.308,53,
1679653200000,2023-03-24T10:20:00Z,101-1-1-0004,95.0,0.203,20,
1679653260000,2023-03-24T10:21:00Z,101-1-1-0004,3.0,0.006,0,
1679653320000,2023-03-24T10:22:00Z,101-1-1-0004,9.0,0.006,2,
1679653380000,2023-03-24T10:23:00Z,101-1-1-0004,9.0,0.006,0,
1679653440000,2023-03-24T10:24:00Z,101-1-1-0004,3.0,0.007,0,
1679653500000,2023-03-24T10:25:00Z,101-1-1-0004,1.0,0.007,0,
1679653560000,2023-03-24T10:26:00Z,101-1-1-0004,31.0,0.009,3,
1679653620000,2023-03-24T10:27:00Z,101-1-1-0004,94.0,0.03,0,
1679653680000,2023-03-24T10:28:00Z,101-1-1-0004,10.0,0.006,0,
1679653740000,2023-03-24T10:29:00Z,101-1-1-0004,1.0,0.003,0,
1679653800000,2023-03-24T10:30:00Z,101-1-1-0004,0.0,0.002,0,
1679653860000,2023-03-24T10:31:00Z,101-1-1-0004,9.0,0.003,0,
1679653920000,2023-03-24T10:32:00Z,101-1-1-0004,3.0,0.003,0,
1679653980000,2023-03-24T10:33:00Z,101-1-1-0004,0.0,0.002,0,
1679654040000,2023-03-24T10:34:00Z,101-1-1-0004,66.0,0.107,14,
1679654100000,2023-03-24T10:35:00Z,101-1-1-0004,117.0,0.177,45,
1679654160000,2023-03-24T10:36:00Z,101-1-1-0004,114.0,0.19,54,
1679654220000,2023-03-24T10:37:00Z,101-1-1-0004,122.0,0.174,50,
1679654280000,2023-03-24T10:38:00Z,101-1-1-0004,117.0,0.148,48,
1679654340000,2023-03-24T10:39:00Z,101-1-1-0004,126.0,0.165,54,
1679654400000,2023-03-24T10:40:00Z,101-1-1-0004,125.0,0.16,51,
1679654460000,2023-03-24T10:41:00Z,101-1-1-0004,136.0,0.158,41,
1679654520000,2023-03-24T10:42:00Z,101-1-1-0004,13.0,0.017,1,
1679654580000,2023-03-24T10:43:00Z,101-1-1-0004,0.0,0.001,0,
1679654640000,2023-03-24T10:44:00Z,101-1-1-0004,0.0,0.001,0,
1679654700000,2023-03-24T10:45:00Z,101-1-1-0004,0.0,0.001,0,
1679654760000,2023-03-24T10:46:00Z,101-1-1-0004,0.0,0.001,0,
1679654820000,2023-03-24T10:47:00Z,101-1-1-0004,0.0,0.001,0,
1679654880000,2023-03-24T10:48:00Z,101-1-1-0004,19.0,0.016,2,
1679654940000,2023-03-24T10:49:00Z,101-1-1-0004,0.0,0.001,0,
1679655000000,2023-03-24T10:50:00Z,101-1-1-0004,0.0,0.001,0,
1679655060000,2023-03-24T10:51:00Z,101-1-1-0004,0.0,0.001,0,
1679655120000,2023-03-24T10:52:00Z,101-1-1-0004,0.0,0.001,0,
1679655180000,2023-03-24T10:53:00Z,101-1-1-0004,0.0,0.001,0,
1679655240000,2023-03-24T10:54:00Z,101-1-1-0004,0.0,0.001,0,
1679655300000,2023-03-24T10:55:00Z,101-1-1-0004,27.0,0.043,6,
1679655360000,2023-03-24T10:56:00Z,101-1-1-0004,0.0,0.001,0,
1679655420000,2023-03-24T10:57:00Z,101-1-1-0004,0.0,0.001,0,
1679655480000,2023-03-24T10:58:00Z,101-1-1-0004,0.0,0.001,0,
1679655540000,2023-03-24T10:59:00Z,101-1-1-0004,0.0,0.001,0,
1679655600000,2023-03-24T11:00:00Z,101-1-1-0004,0.0,0.001,0,
1679655660000,2023-03-24T11:01:00Z,101-1-1-0004,0.0,0.001,0,
1679655720000,2023-03-24T11:02:00Z,101-1-1-0004,45.0,0.072,7,
1679655780000,2023-03-24T11:03:00Z,101-1-1-0004,78.0,0.062,9,
1679655840000,2023-03-24T11:04:00Z,101-1-1-0004,0.0,0.001,0,
1679655900000,2023-03-24T11:05:00Z,101-1-1-0004,0.0,0.001,0,
1679655960000,2023-03-24T11:06:00Z,101-1-1-0004,0.0,0.001,0,
1679656020000,2023-03-24T11:07:00Z,101-1-1-0004,0.0,0.001,0,
1679656080000,2023-03-24T11:08:00Z,101-1-1-0004,0.0,0.001,0,
1679656140000,2023-03-24T11:09:00Z,101-1-1-0004,0.0,0.001,0,
1679656200000,2023-03-24T11:10:00Z,101-1-1-0004,0.0,0.001,0,
1679656260000,2023-03-24T11:11:00Z,101-1-1-0004,0.0,0.001,0,
1679656320000,2023-03-24T11:12:00Z,101-1-1-0004,0.0,0.001,0,
1679656380000,2023-03-24T11:13:00Z,101-1-1-0004,0.0,0.001,0,
1679656440000,2023-03-24T11:14:00Z,101-1-1-0004,0.0,0.001,0,
1679656500000,2023-03-24T11:15:00Z,101-1-1-0004,0.0,0.001,0,
1679656560000,2023-03-24T11:16:00Z,101-1-1-0004,0.0,0.001,0,
1679656620000,2023-03-24T11:17:00Z,101-1-1-0004,0.0,0.001,0,
1679656680000,2023-03-24T11:18:00Z,101-1-1-0004,0.0,0.001,0,
1679656740000,2023-03-24T11:19:00Z,101-1-1-0004,0.0,0.001,0,
1679656800000,2023-03-24T11:20:00Z,101-1-1-0004,0.0,0.001,0,
1679656860000,2023-03-24T11:21:00Z,101-1-1-0004,0.0,0.001,0,
1679656920000,2023-03-24T11:22:00Z,101-1-1-0004,,,,device_not_worn_correctly
1679656980000,2023-03-24T11:23:00Z,101-1-1-0004,,,,device_not_worn_correctly
1679657040000,2023-03-24T11:24:00Z,101-1-1-0004,,,,device_not_worn_correctly
1679657100000,2023-03-24T11:25:00Z,101-1-1-0004,,,,device_not_worn_correctly
1679657160000,2023-03-24T11:26:00Z,101-1-1-0004,,,,device_not_worn_correctly
1679657220000,2023-03-24T11:27:00Z,101-1-1-0004,,,,device_not_worn_correctly
1679657280000,2023-03-24T11:28:00Z,101-1-1-0004,,,,device_not_worn_correctly
1679657340000,2023-03-24T11:29:00Z,101-1-1-0004,,,,device_not_worn_correctly
1679657400000,2023-03-24T11:30:00Z,101-1-1-0004,,,,device_not_worn_correctly
1679657460000,2023-03-24T11:31:00Z,101-1-1-0004,,,,device_not_worn_correctly
1679657520000,2023-03-24T11:32:00Z,101-1-1-0004,,,,device_not_worn_correctly
1679657580000,2023-03-24T11:33:00Z,101-1-1-0004,,,,device_not_worn_correctly
1679657640000,2023-03-24T11:34:00Z,101-1-1-0004,,,,device_not_worn_correctly
1679657700000,2023-03-24T11:35:00Z,101-1-1-0004,,,,device_not_worn_correctly
1679657760000,2023-03-24T11:36:00Z,101-1-1-0004,,,,device_not_worn_correctly
1679657820000,2023-03-24T11:37:00Z,101-1-1-0004,,,,device_not_worn_correctly
1679657880000,2023-03-24T11:38:00Z,101-1-1-0004,,,,device_not_worn_correctly
1679657940000,2023-03-24T11:39:00Z,101-1-1-0004,,,,device_not_worn_correctly
1679658000000,2023-03-24T11:40:00Z,101-1-1-0004,,,,device_not_worn_correctly
1679658060000,2023-03-24T11:41:00Z,101-1-1-0004,,,,device_not_worn_correctly
1679658120000,2023-03-24T11:42:00Z,101-1-1-0004,,,,device_not_worn_correctly
1679658180000,2023-03-24T11:43:00Z,101-1-1-0004,,,,device_not_worn_correctly
1679658240000,2023-03-24T11:44:00Z,101-1-1-0004,,,,device_not_worn_correctly
1679658300000,2023-03-24T11:45:00Z,101-1-1-0004,,,,device_not_worn_correctly
1679658360000,2023-03-24T11:46:00Z,101-1-1-0004,,,,device_not_worn_correctly
1679658420000,2023-03-24T11:47:00Z,101-1-1-0004,,,,device_not_worn_correctly
1679658480000,2023-03-24T11:48:00Z,101-1-1-0004,,,,device_not_worn_correctly
1679658540000,2023-03-24T11:49:00Z,101-1-1-0004,,,,device_not_worn_correctly
1679658600000,2023-03-24T11:50:00Z,101-1-1-0004,,,,device_not_worn_correctly
1679658660000,2023-03-24T11:51:00Z,101-1-1-0004,,,,device_not_worn_correctly
1679658720000,2023-03-24T11:52:00Z,101-1-1-0004,,,,device_not_worn_correctly
1679658780000,2023-03-24T11:53:00Z,101-1-1-0004,,,,device_not_worn_correctly
1679658840000,2023-03-24T11:54:00Z,101-1-1-0004,,,,device_not_worn_correctly
1679658900000,2023-03-24T11:55:00Z,101-1-1-0004,,,,device_not_worn_correctly
1679658960000,2023-03-24T11:56:00Z,101-1-1-0004,,,,device_not_worn_correctly
1679659020000,2023-03-24T11:57:00Z,101-1-1-0004,,,,device_not_worn_correctly
1679659080000,2023-03-24T11:58:00Z,101-1-1-0004,,,,device_not_worn_correctly
1679659140000,2023-03-24T11:59:00Z,101-1-1-0004,,,,device_not_worn_correctly
1679659200000,2023-03-24T12:00:00Z,101-1-1-0004,,,,device_not_worn_correctly
1679659260000,2023-03-24T12:01:00Z,101-1-1-0004,,,,device_not_worn_correctly
1679659320000,2023-03-24T12:02:00Z,101-1-1-0004,,,,device_not_worn_correctly
1679659380000,2023-03-24T12:03:00Z,101-1-1-0004,0.0,0.001,0,
1679659440000,2023-03-24T12:04:00Z,101-1-1-0004,0.0,0.001,0,
1679659500000,2023-03-24T12:05:00Z,101-1-1-0004,0.0,0.001,0,
1679659560000,2023-03-24T12:06:00Z,101-1-1-0004,0.0,0.001,0,
1679659620000,2023-03-24T12:07:00Z,101-1-1-0004,0.0,0.001,0,
1679659680000,2023-03-24T12:08:00Z,101-1-1-0004,0.0,0.001,0,
1679659740000,2023-03-24T12:09:00Z,101-1-1-0004,0.0,0.001,0,
1679659800000,2023-03-24T12:10:00Z,101-1-1-0004,0.0,0.001,0,
1679659860000,2023-03-24T12:11:00Z,101-1-1-0004,0.0,0.001,0,
1679659920000,2023-03-24T12:12:00Z,101-1-1-0004,0.0,0.001,0,
1679659980000,2023-03-24T12:13:00Z,101-1-1-0004,0.0,0.001,0,
1679660040000,2023-03-24T12:14:00Z,101-1-1-0004,0.0,0.001,0,
1679660100000,2023-03-24T12:15:00Z,101-1-1-0004,0.0,0.001,0,
1679660160000,2023-03-24T12:16:00Z,101-1-1-0004,0.0,0.001,0,
1679660220000,2023-03-24T12:17:00Z,101-1-1-0004,0.0,0.001,0,
1679660280000,2023-03-24T12:18:00Z,101-1-1-0004,0.0,0.001,0,
1679660340000,2023-03-24T12:19:00Z,101-1-1-0004,0.0,0.001,0,
1679660400000,2023-03-24T12:20:00Z,101-1-1-0004,0.0,0.001,0,
1679660460000,2023-03-24T12:21:00Z,101-1-1-0004,0.0,0.001,0,
1679660520000,2023-03-24T12:22:00Z,101-1-1-0004,0.0,0.001,0,
1679660580000,2023-03-24T12:23:00Z,101-1-1-0004,0.0,0.001,0,
1679660640000,2023-03-24T12:24:00Z,101-1-1-0004,0.0,0.001,0,
1679660700000,2023-03-24T12:25:00Z,101-1-1-0004,0.0,0.001,0,
1679660760000,2023-03-24T12:26:00Z,101-1-1-0004,0.0,0.001,0,
1679660820000,2023-03-24T12:27:00Z,101-1-1-0004,0.0,0.001,0,
1679660880000,2023-03-24T12:28:00Z,101-1-1-0004,0.0,0.001,0,
1679660940000,2023-03-24T12:29:00Z,101-1-1-0004,0.0,0.001,0,
1679661000000,2023-03-24T12:30:00Z,101-1-1-0004,0.0,0.001,0,
1679661060000,2023-03-24T12:31:00Z,101-1-1-0004,0.0,0.001,0,
1679661120000,2023-03-24T12:32:00Z,101-1-1-0004,0.0,0.001,0,
1679661180000,2023-03-24T12:33:00Z,101-1-1-0004,0.0,0.001,0,
1679661240000,2023-03-24T12:34:00Z,101-1-1-0004,0.0,0.001,0,
1679661300000,2023-03-24T12:35:00Z,101-1-1-0004,0.0,0.001,0,
1679661360000,2023-03-24T12:36:00Z,101-1-1-0004,0.0,0.001,0,
1679661420000,2023-03-24T12:37:00Z,101-1-1-0004,0.0,0.001,0,
1679661480000,2023-03-24T12:38:00Z,101-1-1-0004,111.0,0.062,12,
1679661540000,2023-03-24T12:39:00Z,101-1-1-0004,101.0,0.03,2,
1679661600000,2023-03-24T12:40:00Z,101-1-1-0004,57.0,0.04,6,
1679661660000,2023-03-24T12:41:00Z,101-1-1-0004,28.0,0.018,0,
1679661720000,2023-03-24T12:42:00Z,101-1-1-0004,11.0,0.014,0,
1679661780000,2023-03-24T12:43:00Z,101-1-1-0004,35.0,0.027,2,
1679661840000,2023-03-24T12:44:00Z,101-1-1-0004,33.0,0.012,0,
1679661900000,2023-03-24T12:45:00Z,101-1-1-0004,3.0,0.003,0,
1679661960000,2023-03-24T12:46:00Z,101-1-1-0004,28.0,0.012,0,
1679662020000,2023-03-24T12:47:00Z,101-1-1-0004,12.0,0.01,0,
1679662080000,2023-03-24T12:48:00Z,101-1-1-0004,14.0,0.013,0,
1679662140000,2023-03-24T12:49:00Z,101-1-1-0004,14.0,0.005,0,
1679662200000,2023-03-24T12:50:00Z,101-1-1-0004,28.0,0.015,0,
1679662260000,2023-03-24T12:51:00Z,101-1-1-0004,31.0,0.017,0,
1679662320000,2023-03-24T12:52:00Z,101-1-1-0004,13.0,0.011,0,
1679662380000,2023-03-24T12:53:00Z,101-1-1-0004,36.0,0.01,0,
1679662440000,2023-03-24T12:54:00Z,101-1-1-0004,15.0,0.008,0,
1679662500000,2023-03-24T12:55:00Z,101-1-1-0004,19.0,0.015,2,
1679662560000,2023-03-24T12:56:00Z,101-1-1-0004,14.0,0.005,2,
1679662620000,2023-03-24T12:57:00Z,101-1-1-0004,41.0,0.019,2,
1679662680000,2023-03-24T12:58:00Z,101-1-1-0004,14.0,0.009,0,
1679662740000,2023-03-24T12:59:00Z,101-1-1-0004,32.0,0.012,0,
1679662800000,2023-03-24T13:00:00Z,101-1-1-0004,19.0,0.017,0,
1679662860000,2023-03-24T13:01:00Z,101-1-1-0004,29.0,0.018,0,
1679662920000,2023-03-24T13:02:00Z,101-1-1-0004,18.0,0.018,0,
1679662980000,2023-03-24T13:03:00Z,101-1-1-0004,20.0,0.018,0,
1679663040000,2023-03-24T13:04:00Z,101-1-1-0004,23.0,0.016,0,
1679663100000,2023-03-24T13:05:00Z,101-1-1-0004,17.0,0.012,0,
1679663160000,2023-03-24T13:06:00Z,101-1-1-0004,15.0,0.006,0,
1679663220000,2023-03-24T13:07:00Z,101-1-1-0004,21.0,0.007,0,
1679663280000,2023-03-24T13:08:00Z,101-1-1-0004,12.0,0.008,0,
1679663340000,2023-03-24T13:09:00Z,101-1-1-0004,11.0,0.009,0,
1679663400000,2023-03-24T13:10:00Z,101-1-1-0004,60.0,0.035,2,
1679663460000,2023-03-24T13:11:00Z,101-1-1-0004,11.0,0.005,0,
1679663520000,2023-03-24T13:12:00Z,101-1-1-0004,12.0,0.004,0,
1679663580000,2023-03-24T13:13:00Z,101-1-1-0004,9.0,0.005,0,
1679663640000,2023-03-24T13:14:00Z,101-1-1-0004,12.0,0.009,2,
1679663700000,2023-03-24T13:15:00Z,101-1-1-0004,12.0,0.009,0,
1679663760000,2023-03-24T13:16:00Z,101-1-1-0004,34.0,0.022,2,
1679663820000,2023-03-24T13:17:00Z,101-1-1-0004,16.0,0.009,0,
1679663880000,2023-03-24T13:18:00Z,101-1-1-0004,22.0,0.011,0,
1679663940000,2023-03-24T13:19:00Z,101-1-1-0004,10.0,0.007,0,
1679664000000,2023-03-24T13:20:00Z,101-1-1-0004,17.0,0.014,0,
1679664060000,2023-03-24T13:21:00Z,101-1-1-0004,11.0,0.012,0,
1679664120000,2023-03-24T13:22:00Z,101-1-1-0004,20.0,0.013,0,
1679664180000,2023-03-24T13:23:00Z,101-1-1-0004,11.0,0.011,0,
1679664240000,2023-03-24T13:24:00Z,101-1-1-0004,9.0,0.007,0,
1679664300000,2023-03-24T13:25:00Z,101-1-1-0004,7.0,0.008,0,
1679664360000,2023-03-24T13:26:00Z,101-1-1-0004,17.0,0.013,0,
1679664420000,2023-03-24T13:27:00Z,101-1-1-0004,9.0,0.007,0,
1679664480000,2023-03-24T13:28:00Z,101-1-1-0004,72.0,0.101,16,
1679664540000,2023-03-24T13:29:00Z,101-1-1-0004,97.0,0.156,24,
1679664600000,2023-03-24T13:30:00Z,101-1-1-0004,103.0,0.082,7,
1679664660000,2023-03-24T13:31:00Z,101-1-1-0004,22.0,0.013,0,
1679664720000,2023-03-24T13:32:00Z,101-1-1-0004,5.0,0.006,0,
1679664780000,2023-03-24T13:33:00Z,101-1-1-0004,21.0,0.015,0,
1679664840000,2023-03-24T13:34:00Z,101-1-1-0004,51.0,0.026,0,
1679664900000,2023-03-24T13:35:00Z,101-1-1-0004,23.0,0.018,2,
1679664960000,2023-03-24T13:36:00Z,101-1-1-0004,27.0,0.011,0,
1679665020000,2023-03-24T13:37:00Z,101-1-1-0004,43.0,0.02,0,
1679665080000,2023-03-24T13:38:00Z,101-1-1-0004,71.0,0.027,0,
1679665140000,2023-03-24T13:39:00Z,101-1-1-0004,0.0,0.001,0,
1679665200000,2023-03-24T13:40:00Z,101-1-1-0004,30.0,0.02,2,
1679665260000,2023-03-24T13:41:00Z,101-1-1-0004,6.0,0.003,0,
1679665320000,2023-03-24T13:42:00Z,101-1-1-0004,15.0,0.012,0,
1679665380000,2023-03-24T13:43:00Z,101-1-1-0004,21.0,0.008,0,
1679665440000,2023-03-24T13:44:00Z,101-1-1-0004,15.0,0.008,0,
1679665500000,2023-03-24T13:45:00Z,101-1-1-0004,28.0,0.017,0,
1679665560000,2023-03-24T13:46:00Z,101-1-1-0004,18.0,0.008,0,
1679665620000,2023-03-24T13:47:00Z,101-1-1-0004,50.0,0.023,2,
1679665680000,2023-03-24T13:48:00Z,101-1-1-0004,31.0,0.015,2,
1679665740000,2023-03-24T13:49:00Z,101-1-1-0004,35.0,0.015,2,
1679665800000,2023-03-24T13:50:00Z,101-1-1-0004,69.0,0.033,0,
1679665860000,2023-03-24T13:51:00Z,101-1-1-0004,104.0,0.038,2,
1679665920000,2023-03-24T13:52:00Z,101-1-1-0004,6.0,0.009,2,
1679665980000,2023-03-24T13:53:00Z,101-1-1-0004,79.0,0.032,2,
1679666040000,2023-03-24T13:54:00Z,101-1-1-0004,77.0,0.033,0,
1679666100000,2023-03-24T13:55:00Z,101-1-1-0004,49.0,0.032,2,
1679666160000,2023-03-24T13:56:00Z,101-1-1-0004,53.0,0.03,4,
1679666220000,2023-03-24T13:57:00Z,101-1-1-0004,3.0,0.004,0,
1679666280000,2023-03-24T13:58:00Z,101-1-1-0004,35.0,0.016,0,
1679666340000,2023-03-24T13:59:00Z,101-1-1-0004,27.0,0.023,3,
1679666400000,2023-03-24T14:00:00Z,101-1-1-0004,11.0,0.005,0,
1679666460000,2023-03-24T14:01:00Z,101-1-1-0004,35.0,0.032,5,
1679666520000,2023-03-24T14:02:00Z,101-1-1-0004,44.0,0.016,0,
1679666580000,2023-03-24T14:03:00Z,101-1-1-0004,41.0,0.016,0,
1679666640000,2023-03-24T14:04:00Z,101-1-1-0004,31.0,0.01,0,
1679666700000,2023-03-24T14:05:00Z,101-1-1-0004,61.0,0.03,0,
1679666760000,2023-03-24T14:06:00Z,101-1-1-0004,26.0,0.017,0,
1679666820000,2023-03-24T14:07:00Z,101-1-1-0004,9.0,0.007,0,
1679666880000,2023-03-24T14:08:00Z,101-1-1-0004,75.0,0.033,0,
1679666940000,2023-03-24T14:09:00Z,101-1-1-0004,97.0,0.055,0,
1679667000000,2023-03-24T14:10:00Z,101-1-1-0004,77.0,0.035,0,
1679667060000,2023-03-24T14:11:00Z,101-1-1-0004,64.0,0.042,2,
1679667120000,2023-03-24T14:12:00Z,101-1-1-0004,55.0,0.039,2,
1679667180000,2023-03-24T14:13:00Z,101-1-1-0004,34.0,0.022,0,
1679667240000,2023-03-24T14:14:00Z,101-1-1-0004,27.0,0.019,0,
1679667300000,2023-03-24T14:15:00Z,101-1-1-0004,24.0,0.017,3,
1679667360000,2023-03-24T14:16:00Z,101-1-1-0004,20.0,0.019,0,
1679667420000,2023-03-24T14:17:00Z,101-1-1-0004,28.0,0.019,0,
1679667480000,2023-03-24T14:18:00Z,101-1-1-0004,34.0,0.041,2,
1679667540000,2023-03-24T14:19:00Z,101-1-1-0004,45.0,0.021,5,
1679667600000,2023-03-24T14:20:00Z,101-1-1-0004,21.0,0.017,0,
1679667660000,2023-03-24T14:21:00Z,101-1-1-0004,13.0,0.005,0,
1679667720000,2023-03-24T14:22:00Z,101-1-1-0004,14.0,0.006,0,
1679667780000,2023-03-24T14:23:00Z,101-1-1-0004,21.0,0.018,3,
1679667840000,2023-03-24T14:24:00Z,101-1-1-0004,4.0,0.007,0,
1679667900000,2023-03-24T14:25:00Z,101-1-1-0004,80.0,0.06,9,
1679667960000,2023-03-24T14:26:00Z,101-1-1-0004,99.0,0.072,8,
1679668020000,2023-03-24T14:27:00Z,101-1-1-0004,94.0,0.092,15,
1679668080000,2023-03-24T14:28:00Z,101-1-1-0004,25.0,0.014,0,
1679668140000,2023-03-24T14:29:00Z,101-1-1-0004,70.0,0.065,4,
1679668200000,2023-03-24T14:30:00Z,101-1-1-0004,51.0,0.021,0,
1679668260000,2023-03-24T14:31:00Z,101-1-1-0004,76.0,0.028,0,
1679668320000,2023-03-24T14:32:00Z,101-1-1-0004,99.0,0.048,8,
1679668380000,2023-03-24T14:33:00Z,101-1-1-0004,41.0,0.023,3,
1679668440000,2023-03-24T14:34:00Z,101-1-1-0004,68.0,0.049,5,
1679668500000,2023-03-24T14:35:00Z,101-1-1-0004,75.0,0.03,0,
1679668560000,2023-03-24T14:36:00Z,101-1-1-0004,51.0,0.04,3,
1679668620000,2023-03-24T14:37:00Z,101-1-1-0004,38.0,0.015,0,
1679668680000,2023-03-24T14:38:00Z,101-1-1-0004,79.0,0.045,3,
1679668740000,2023-03-24T14:39:00Z,101-1-1-0004,112.0,0.024,0,
1679668800000,2023-03-24T14:40:00Z,101-1-1-0004,103.0,0.032,2,
1679668860000,2023-03-24T14:41:00Z,101-1-1-0004,126.0,0.053,2,
1679668920000,2023-03-24T14:42:00Z,101-1-1-0004,78.0,0.043,5,
1679668980000,2023-03-24T14:43:00Z,101-1-1-0004,108.0,0.038,4,
1679669040000,2023-03-24T14:44:00Z,101-1-1-0004,47.0,0.039,1,
1679669100000,2023-03-24T14:45:00Z,101-1-1-0004,45.0,0.02,0,
1679669160000,2023-03-24T14:46:00Z,101-1-1-0004,36.0,0.016,0,
1679669220000,2023-03-24T14:47:00Z,101-1-1-0004,27.0,0.008,0,
1679669280000,2023-03-24T14:48:00Z,101-1-1-0004,22.0,0.013,2,
1679669340000,2023-03-24T14:49:00Z,101-1-1-0004,34.0,0.015,0,
1679669400000,2023-03-24T14:50:00Z,101-1-1-0004,50.0,0.025,0,
1679669460000,2023-03-24T14:51:00Z,101-1-1-0004,10.0,0.007,0,
1679669520000,2023-03-24T14:52:00Z,101-1-1-0004,36.0,0.02,2,
1679669580000,2023-03-24T14:53:00Z,101-1-1-0004,49.0,0.031,2,
1679669640000,2023-03-24T14:54:00Z,101-1-1-0004,48.0,0.025,2,
1679669700000,2023-03-24T14:55:00Z,101-1-1-0004,30.0,0.027,3,
1679669760000,2023-03-24T14:56:00Z,101-1-1-0004,1.0,0.002,0,
1679669820000,2023-03-24T14:57:00Z,101-1-1-0004,11.0,0.009,2,
1679669880000,2023-03-24T14:58:00Z,101-1-1-0004,37.0,0.027,0,
1679669940000,2023-03-24T14:59:00Z,101-1-1-0004,49.0,0.044,6,
1679670000000,2023-03-24T15:00:00Z,101-1-1-0004,33.0,0.02,0,
1679670060000,2023-03-24T15:01:00Z,101-1-1-0004,21.0,0.008,0,
1679670120000,2023-03-24T15:02:00Z,101-1-1-0004,30.0,0.008,0,
1679670180000,2023-03-24T15:03:00Z,101-1-1-0004,10.0,0.006,0,
1679670240000,2023-03-24T15:04:00Z,101-1-1-0004,92.0,0.091,13,
1679670300000,2023-03-24T15:05:00Z,101-1-1-0004,56.0,0.036,2,
1679670360000,2023-03-24T15:06:00Z,101-1-1-0004,144.0,0.136,14,
1679670420000,2023-03-24T15:07:00Z,101-1-1-0004,86.0,0.071,17,
1679670480000,2023-03-24T15:08:00Z,101-1-1-0004,146.0,0.101,7,
1679670540000,2023-03-24T15:09:00Z,101-1-1-0004,84.0,0.059,5,
1679670600000,2023-03-24T15:10:00Z,101-1-1-0004,137.0,0.091,12,
1679670660000,2023-03-24T15:11:00Z,101-1-1-0004,105.0,0.083,6,
1679670720000,2023-03-24T15:12:00Z,101-1-1-0004,114.0,0.063,2,
1679670780000,2023-03-24T15:13:00Z,101-1-1-0004,66.0,0.057,10,
1679670840000,2023-03-24T15:14:00Z,101-1-1-0004,141.0,0.155,31,
1679670900000,2023-03-24T15:15:00Z,101-1-1-0004,117.0,0.097,9,
1679670960000,2023-03-24T15:16:00Z,101-1-1-0004,100.0,0.043,0,
1679671020000,2023-03-24T15:17:00Z,101-1-1-0004,111.0,0.047,5,
1679671080000,2023-03-24T15:18:00Z,101-1-1-0004,145.0,0.123,13,
1679671140000,2023-03-24T15:19:00Z,101-1-1-0004,90.0,0.059,8,
1679671200000,2023-03-24T15:20:00Z,101-1-1-0004,65.0,0.063,6,
1679671260000,2023-03-24T15:21:00Z,101-1-1-0004,105.0,0.075,15,
1679671320000,2023-03-24T15:22:00Z,101-1-1-0004,66.0,0.045,0,
1679671380000,2023-03-24T15:23:00Z,101-1-1-0004,39.0,0.019,0,
1679671440000,2023-03-24T15:24:00Z,101-1-1-0004,22.0,0.019,0,
1679671500000,2023-03-24T15:25:00Z,101-1-1-0004,63.0,0.041,8,
1679671560000,2023-03-24T15:26:00Z,101-1-1-0004,71.0,0.058,2,
1679671620000,2023-03-24T15:27:00Z,101-1-1-0004,113.0,0.076,9,
1679671680000,2023-03-24T15:28:00Z,101-1-1-0004,112.0,0.111,25,
1679671740000,2023-03-24T15:29:00Z,101-1-1-0004,58.0,0.049,5,
1679671800000,2023-03-24T15:30:00Z,101-1-1-0004,22.0,0.015,0,
1679671860000,2023-03-24T15:31:00Z,101-1-1-0004,14.0,0.013,0,
1679671920000,2023-03-24T15:32:00Z,101-1-1-0004,9.0,0.007,0,
1679671980000,2023-03-24T15:33:00Z,101-1-1-0004,9.0,0.012,0,
1679672040000,2023-03-24T15:34:00Z,101-1-1-0004,6.0,0.006,0,
1679672100000,2023-03-24T15:35:00Z,101-1-1-0004,7.0,0.007,0,
1679672160000,2023-03-24T15:36:00Z,101-1-1-0004,9.0,0.008,0,
1679672220000,2023-03-24T15:37:00Z,101-1-1-0004,8.0,0.01,0,
1679672280000,2023-03-24T15:38:00Z,101-1-1-0004,26.0,0.019,2,
1679672340000,2023-03-24T15:39:00Z,101-1-1-0004,30.0,0.011,0,
1679672400000,2023-03-24T15:40:00Z,101-1-1-0004,24.0,0.011,0,
1679672460000,2023-03-24T15:41:00Z,101-1-1-0004,38.0,0.048,7,
1679672520000,2023-03-24T15:42:00Z,101-1-1-0004,12.0,0.011,0,
1679672580000,2023-03-24T15:43:00Z,101-1-1-0004,12.0,0.011,0,
1679672640000,2023-03-24T15:44:00Z,101-1-1-0004,16.0,0.015,2,
1679672700000,2023-03-24T15:45:00Z,101-1-1-0004,21.0,0.009,0,
1679672760000,2023-03-24T15:46:00Z,101-1-1-0004,29.0,0.016,2,
1679672820000,2023-03-24T15:47:00Z,101-1-1-0004,14.0,0.009,0,
1679672880000,2023-03-24T15:48:00Z,101-1-1-0004,34.0,0.035,3,
1679672940000,2023-03-24T15:49:00Z,101-1-1-0004,24.0,0.015,2,
1679673000000,2023-03-24T15:50:00Z,101-1-1-0004,18.0,0.015,0,
1679673060000,2023-03-24T15:51:00Z,101-1-1-0004,11.0,0.006,0,
1679673120000,2023-03-24T15:52:00Z,101-1-1-0004,13.0,0.008,0,
1679673180000,2023-03-24T15:53:00Z,101-1-1-0004,25.0,0.012,0,
1679673240000,2023-03-24T15:54:00Z,101-1-1-0004,51.0,0.028,0,
1679673300000,2023-03-24T15:55:00Z,101-1-1-0004,47.0,0.02,0,
1679673360000,2023-03-24T15:56:00Z,101-1-1-0004,12.0,0.008,0,
1679673420000,2023-03-24T15:57:00Z,101-1-1-0004,18.0,0.014,3,
1679673480000,2023-03-24T15:58:00Z,101-1-1-0004,9.0,0.006,0,
1679673540000,2023-03-24T15:59:00Z,101-1-1-0004,3.0,0.006,0,
1679673600000,2023-03-24T16:00:00Z,101-1-1-0004,7.0,0.006,0,
1679673660000,2023-03-24T16:01:00Z,101-1-1-0004,18.0,0.011,0,
1679673720000,2023-03-24T16:02:00Z,101-1-1-0004,11.0,0.008,0,
1679673780000,2023-03-24T16:03:00Z,101-1-1-0004,23.0,0.016,0,
1679673840000,2023-03-24T16:04:00Z,101-1-1-0004,18.0,0.011,0,
1679673900000,2023-03-24T16:05:00Z,101-1-1-0004,1.0,0.001,0,
1679673960000,2023-03-24T16:06:00Z,101-1-1-0004,10.0,0.008,0,
1679674020000,2023-03-24T16:07:00Z,101-1-1-0004,24.0,0.012,0,
1679674080000,2023-03-24T16:08:00Z,101-1-1-0004,6.0,0.004,0,
1679674140000,2023-03-24T16:09:00Z,101-1-1-0004,11.0,0.007,0,
1679674200000,2023-03-24T16:10:00Z,101-1-1-0004,55.0,0.022,0,
1679674260000,2023-03-24T16:11:00Z,101-1-1-0004,13.0,0.01,0,
1679674320000,2023-03-24T16:12:00Z,101-1-1-0004,13.0,0.012,0,
1679674380000,2023-03-24T16:13:00Z,101-1-1-0004,3.0,0.004,0,
1679674440000,2023-03-24T16:14:00Z,101-1-1-0004,0.0,0.002,0,
1679674500000,2023-03-24T16:15:00Z,101-1-1-0004,0.0,0.002,0,
1679674560000,2023-03-24T16:16:00Z,101-1-1-0004,32.0,0.033,0,
1679674620000,2023-03-24T16:17:00Z,101-1-1-0004,25.0,0.026,2,
1679674680000,2023-03-24T16:18:00Z,101-1-1-0004,66.0,0.084,12,
1679674740000,2023-03-24T16:19:00Z,101-1-1-0004,71.0,0.073,11,
1679674800000,2023-03-24T16:20:00Z,101-1-1-0004,143.0,0.141,24,
1679674860000,2023-03-24T16:21:00Z,101-1-1-0004,149.0,0.118,18,
1679674920000,2023-03-24T16:22:00Z,101-1-1-0004,66.0,0.049,4,
1679674980000,2023-03-24T16:23:00Z,101-1-1-0004,139.0,0.117,12,
1679675040000,2023-03-24T16:24:00Z,101-1-1-0004,122.0,0.074,10,
1679675100000,2023-03-24T16:25:00Z,101-1-1-0004,129.0,0.074,13,
1679675160000,2023-03-24T16:26:00Z,101-1-1-0004,100.0,0.067,8,
1679675220000,2023-03-24T16:27:00Z,101-1-1-0004,142.0,0.128,24,
1679675280000,2023-03-24T16:28:00Z,101-1-1-0004,79.0,0.107,5,
1679675340000,2023-03-24T16:29:00Z,101-1-1-0004,0.0,0.003,0,
1679675400000,2023-03-24T16:30:00Z,101-1-1-0004,0.0,0.001,0,
1679675460000,2023-03-24T16:31:00Z,101-1-1-0004,0.0,0.001,0,
1679675520000,2023-03-24T16:32:00Z,101-1-1-0004,5.0,0.009,0,
1679675580000,2023-03-24T16:33:00Z,101-1-1-0004,14.0,0.011,0,
1679675640000,2023-03-24T16:34:00Z,101-1-1-0004,38.0,0.021,4,
1679675700000,2023-03-24T16:35:00Z,101-1-1-0004,15.0,0.005,0,
1679675760000,2023-03-24T16:36:00Z,101-1-1-0004,5.0,0.005,0,
1679675820000,2023-03-24T16:37:00Z,101-1-1-0004,9.0,0.006,0,
1679675880000,2023-03-24T16:38:00Z,101-1-1-0004,12.0,0.014,0,
1679675940000,2023-03-24T16:39:00Z,101-1-1-0004,21.0,0.024,2,
1679676000000,2023-03-24T16:40:00Z,101-1-1-0004,28.0,0.026,5,
1679676060000,2023-03-24T16:41:00Z,101-1-1-0004,32.0,0.029,2,
1679676120000,2023-03-24T16:42:00Z,101-1-1-0004,21.0,0.021,3,
1679676180000,2023-03-24T16:43:00Z,101-1-1-0004,0.0,0.001,0,
1679676240000,2023-03-24T16:44:00Z,101-1-1-0004,3.0,0.004,0,
1679676300000,2023-03-24T16:45:00Z,101-1-1-0004,12.0,0.011,0,
1679676360000,2023-03-24T16:46:00Z,101-1-1-0004,4.0,0.004,0,
1679676420000,2023-03-24T16:47:00Z,101-1-1-0004,7.0,0.006,0,
1679676480000,2023-03-24T16:48:00Z,101-1-1-0004,9.0,0.005,0,
1679676540000,2023-03-24T16:49:00Z,101-1-1-0004,2.0,0.002,0,
1679676600000,2023-03-24T16:50:00Z,101-1-1-0004,38.0,0.02,2,
1679676660000,2023-03-24T16:51:00Z,101-1-1-0004,22.0,0.013,0,
1679676720000,2023-03-24T16:52:00Z,101-1-1-0004,17.0,0.013,2,
1679676780000,2023-03-24T16:53:00Z,101-1-1-0004,15.0,0.01,0,
1679676840000,2023-03-24T16:54:00Z,101-1-1-0004,2.0,0.002,0,
1679676900000,2023-03-24T16:55:00Z,101-1-1-0004,23.0,0.013,2,
1679676960000,2023-03-24T16:56:00Z,101-1-1-0004,46.0,0.027,4,
1679677020000,2023-03-24T16:57:00Z,101-1-1-0004,6.0,0.006,0,
1679677080000,2023-03-24T16:58:00Z,101-1-1-0004,16.0,0.014,0,
1679677140000,2023-03-24T16:59:00Z,101-1-1-0004,25.0,0.018,3,
1679677200000,2023-03-24T17:00:00Z,101-1-1-0004,22.0,0.013,0,
1679677260000,2023-03-24T17:01:00Z,101-1-1-0004,35.0,0.015,0,
1679677320000,2023-03-24T17:02:00Z,101-1-1-0004,16.0,0.01,0,
1679677380000,2023-03-24T17:03:00Z,101-1-1-0004,33.0,0.021,2,
1679677440000,2023-03-24T17:04:00Z,101-1-1-0004,48.0,0.022,0,
1679677500000,2023-03-24T17:05:00Z,101-1-1-0004,51.0,0.029,0,
1679677560000,2023-03-24T17:06:00Z,101-1-1-0004,19.0,0.013,2,
1679677620000,2023-03-24T17:07:00Z,101-1-1-0004,18.0,0.013,0,
1679677680000,2023-03-24T17:08:00Z,101-1-1-0004,5.0,0.006,0,
1679677740000,2023-03-24T17:09:00Z,101-1-1-0004,13.0,0.01,0,
1679677800000,2023-03-24T17:10:00Z,101-1-1-0004,39.0,0.01,0,
1679677860000,2023-03-24T17:11:00Z,101-1-1-0004,40.0,0.01,0,
1679677920000,2023-03-24T17:12:00Z,101-1-1-0004,37.0,0.023,2,
1679677980000,2023-03-24T17:13:00Z,101-1-1-0004,8.0,0.004,0,
1679678040000,2023-03-24T17:14:00Z,101-1-1-0004,17.0,0.015,0,
1679678100000,2023-03-24T17:15:00Z,101-1-1-0004,9.0,0.013,0,
1679678160000,2023-03-24T17:16:00Z,101-1-1-0004,16.0,0.006,0,
1679678220000,2023-03-24T17:17:00Z,101-1-1-0004,7.0,0.013,2,
1679678280000,2023-03-24T17:18:00Z,101-1-1-0004,27.0,0.018,0,
1679678340000,2023-03-24T17:19:00Z,101-1-1-0004,23.0,0.016,0,
1679678400000,2023-03-24T17:20:00Z,101-1-1-0004,8.0,0.005,0,
1679678460000,2023-03-24T17:21:00Z,101-1-1-0004,18.0,0.018,0,
1679678520000,2023-03-24T17:22:00Z,101-1-1-0004,8.0,0.006,0,
1679678580000,2023-03-24T17:23:00Z,101-1-1-0004,13.0,0.008,0,
1679678640000,2023-03-24T17:24:00Z,101-1-1-0004,68.0,0.063,11,
1679678700000,2023-03-24T17:25:00Z,101-1-1-0004,142.0,0.179,26,
1679678760000,2023-03-24T17:26:00Z,101-1-1-0004,144.0,0.212,27,
1679678820000,2023-03-24T17:27:00Z,101-1-1-0004,139.0,0.172,31,
1679678880000,2023-03-24T17:28:00Z,101-1-1-0004,138.0,0.113,18,
1679678940000,2023-03-24T17:29:00Z,101-1-1-0004,160.0,0.082,26,
1679679000000,2023-03-24T17:30:00Z,101-1-1-0004,163.0,0.1,28,
1679679060000,2023-03-24T17:31:00Z,101-1-1-0004,150.0,0.068,39,
1679679120000,2023-03-24T17:32:00Z,101-1-1-0004,153.0,0.085,31,
1679679180000,2023-03-24T17:33:00Z,101-1-1-0004,146.0,0.134,30,
1679679240000,2023-03-24T17:34:00Z,101-1-1-0004,111.0,0.088,15,
1679679300000,2023-03-24T17:35:00Z,101-1-1-0004,124.0,0.113,18,
1679679360000,2023-03-24T17:36:00Z,101-1-1-0004,88.0,0.074,8,
1679679420000,2023-03-24T17:37:00Z,101-1-1-0004,94.0,0.079,14,
1679679480000,2023-03-24T17:38:00Z,101-1-1-0004,114.0,0.079,6,
1679679540000,2023-03-24T17:39:00Z,101-1-1-0004,57.0,0.052,3,
1679679600000,2023-03-24T17:40:00Z,101-1-1-0004,77.0,0.055,6,
1679679660000,2023-03-24T17:41:00Z,101-1-1-0004,40.0,0.021,0,
1679679720000,2023-03-24T17:42:00Z,101-1-1-0004,49.0,0.02,0,
1679679780000,2023-03-24T17:43:00Z,101-1-1-0004,74.0,0.037,5,
1679679840000,2023-03-24T17:44:00Z,101-1-1-0004,32.0,0.018,0,
1679679900000,2023-03-24T17:45:00Z,101-1-1-0004,51.0,0.048,5,
1679679960000,2023-03-24T17:46:00Z,101-1-1-0004,73.0,0.033,0,
1679680020000,2023-03-24T17:47:00Z,101-1-1-0004,49.0,0.029,2,
1679680080000,2023-03-24T17:48:00Z,101-1-1-0004,23.0,0.012,0,
1679680140000,2023-03-24T17:49:00Z,101-1-1-0004,80.0,0.036,0,
1679680200000,2023-03-24T17:50:00Z,101-1-1-0004,86.0,0.062,9,
1679680260000,2023-03-24T17:51:00Z,101-1-1-0004,,,,device_not_worn_correctly
1679680320000,2023-03-24T17:52:00Z,101-1-1-0004,3.0,0.003,0,
1679680380000,2023-03-24T17:53:00Z,101-1-1-0004,0.0,0.001,0,
1679680440000,2023-03-24T17:54:00Z,101-1-1-0004,0.0,0.001,0,
1679680500000,2023-03-24T17:55:00Z,101-1-1-0004,0.0,0.001,0,
1679680560000,2023-03-24T17:56:00Z,101-1-1-0004,0.0,0.001,0,
1679680620000,2023-03-24T17:57:00Z,101-1-1-0004,0.0,0.001,0,
1679680680000,2023-03-24T17:58:00Z,101-1-1-0004,0.0,0.001,0,
1679680740000,2023-03-24T17:59:00Z,101-1-1-0004,0.0,0.001,0,
1679680800000,2023-03-24T18:00:00Z,101-1-1-0004,0.0,0.001,0,
1679680860000,2023-03-24T18:01:00Z,101-1-1-0004,0.0,0.001,0,
1679680920000,2023-03-24T18:02:00Z,101-1-1-0004,0.0,0.001,0,
1679680980000,2023-03-24T18:03:00Z,101-1-1-0004,1.0,0.002,0,
1679681040000,2023-03-24T18:04:00Z,101-1-1-0004,0.0,0.001,0,
1679681100000,2023-03-24T18:05:00Z,101-1-1-0004,0.0,0.001,0,
1679681160000,2023-03-24T18:06:00Z,101-1-1-0004,0.0,0.001,0,
1679681220000,2023-03-24T18:07:00Z,101-1-1-0004,0.0,0.001,0,
1679681280000,2023-03-24T18:08:00Z,101-1-1-0004,0.0,0.001,0,
1679681340000,2023-03-24T18:09:00Z,101-1-1-0004,0.0,0.001,0,
1679681400000,2023-03-24T18:10:00Z,101-1-1-0004,0.0,0.001,0,
1679681460000,2023-03-24T18:11:00Z,101-1-1-0004,0.0,0.001,0,
1679681520000,2023-03-24T18:12:00Z,101-1-1-0004,0.0,0.001,0,
1679681580000,2023-03-24T18:13:00Z,101-1-1-0004,0.0,0.001,0,
1679681640000,2023-03-24T18:14:00Z,101-1-1-0004,0.0,0.001,0,
1679681700000,2023-03-24T18:15:00Z,101-1-1-0004,0.0,0.001,0,
1679681760000,2023-03-24T18:16:00Z,101-1-1-0004,0.0,0.001,0,
1679681820000,2023-03-24T18:17:00Z,101-1-1-0004,0.0,0.001,0,
1679681880000,2023-03-24T18:18:00Z,101-1-1-0004,0.0,0.001,0,
1679681940000,2023-03-24T18:19:00Z,101-1-1-0004,0.0,0.001,0,
1679682000000,2023-03-24T18:20:00Z,101-1-1-0004,0.0,0.001,0,
1679682060000,2023-03-24T18:21:00Z,101-1-1-0004,0.0,0.001,0,
1679682120000,2023-03-24T18:22:00Z,101-1-1-0004,0.0,0.001,0,
1679682180000,2023-03-24T18:23:00Z,101-1-1-0004,0.0,0.001,0,
1679682240000,2023-03-24T18:24:00Z,101-1-1-0004,0.0,0.001,0,
1679682300000,2023-03-24T18:25:00Z,101-1-1-0004,0.0,0.001,0,
1679682360000,2023-03-24T18:26:00Z,101-1-1-0004,0.0,0.001,0,
1679682420000,2023-03-24T18:27:00Z,101-1-1-0004,0.0,0.001,0,
1679682480000,2023-03-24T18:28:00Z,101-1-1-0004,0.0,0.001,0,
1679682540000,2023-03-24T18:29:00Z,101-1-1-0004,0.0,0.001,0,
1679682600000,2023-03-24T18:30:00Z,101-1-1-0004,0.0,0.001,0,
1679682660000,2023-03-24T18:31:00Z,101-1-1-0004,0.0,0.001,0,
1679682720000,2023-03-24T18:32:00Z,101-1-1-0004,0.0,0.001,0,
1679682780000,2023-03-24T18:33:00Z,101-1-1-0004,0.0,0.001,0,
1679682840000,2023-03-24T18:34:00Z,101-1-1-0004,0.0,0.001,0,
1679682900000,2023-03-24T18:35:00Z,101-1-1-0004,0.0,0.001,0,
1679682960000,2023-03-24T18:36:00Z,101-1-1-0004,0.0,0.001,0,
1679683020000,2023-03-24T18:37:00Z,101-1-1-0004,0.0,0.001,0,
1679683080000,2023-03-24T18:38:00Z,101-1-1-0004,0.0,0.001,0,
1679683140000,2023-03-24T18:39:00Z,101-1-1-0004,0.0,0.001,0,
1679683200000,2023-03-24T18:40:00Z,101-1-1-0004,0.0,0.001,0,
1679683260000,2023-03-24T18:41:00Z,101-1-1-0004,0.0,0.001,0,
1679683320000,2023-03-24T18:42:00Z,101-1-1-0004,0.0,0.001,0,
1679683380000,2023-03-24T18:43:00Z,101-1-1-0004,0.0,0.001,0,
1679683440000,2023-03-24T18:44:00Z,101-1-1-0004,0.0,0.001,0,
1679683500000,2023-03-24T18:45:00Z,101-1-1-0004,0.0,0.001,0,
1679683560000,2023-03-24T18:46:00Z,101-1-1-0004,0.0,0.001,0,
1679683620000,2023-03-24T18:47:00Z,101-1-1-0004,0.0,0.001,0,
1679683680000,2023-03-24T18:48:00Z,101-1-1-0004,0.0,0.001,0,
1679683740000,2023-03-24T18:49:00Z,101-1-1-0004,0.0,0.001,0,
1679683800000,2023-03-24T18:50:00Z,101-1-1-0004,0.0,0.001,0,
1679683860000,2023-03-24T18:51:00Z,101-1-1-0004,0.0,0.001,0,
1679683920000,2023-03-24T18:52:00Z,101-1-1-0004,0.0,0.001,0,
1679683980000,2023-03-24T18:53:00Z,101-1-1-0004,0.0,0.001,0,
1679684040000,2023-03-24T18:54:00Z,101-1-1-0004,0.0,0.001,0,
1679684100000,2023-03-24T18:55:00Z,101-1-1-0004,0.0,0.001,0,
1679684160000,2023-03-24T18:56:00Z,101-1-1-0004,0.0,0.001,0,
1679684220000,2023-03-24T18:57:00Z,101-1-1-0004,0.0,0.001,0,
1679684280000,2023-03-24T18:58:00Z,101-1-1-0004,0.0,0.001,0,
1679684340000,2023-03-24T18:59:00Z,101-1-1-0004,0.0,0.001,0,
1679684400000,2023-03-24T19:00:00Z,101-1-1-0004,0.0,0.001,0,
1679684460000,2023-03-24T19:01:00Z,101-1-1-0004,0.0,0.001,0,
1679684520000,2023-03-24T19:02:00Z,101-1-1-0004,0.0,0.001,0,
1679684580000,2023-03-24T19:03:00Z,101-1-1-0004,0.0,0.001,0,
1679684640000,2023-03-24T19:04:00Z,101-1-1-0004,0.0,0.001,0,
1679684700000,2023-03-24T19:05:00Z,101-1-1-0004,0.0,0.001,0,
1679684760000,2023-03-24T19:06:00Z,101-1-1-0004,0.0,0.001,0,
1679684820000,2023-03-24T19:07:00Z,101-1-1-0004,0.0,0.001,0,
1679684880000,2023-03-24T19:08:00Z,101-1-1-0004,0.0,0.001,0,
1679684940000,2023-03-24T19:09:00Z,101-1-1-0004,0.0,0.001,0,
1679685000000,2023-03-24T19:10:00Z,101-1-1-0004,0.0,0.001,0,
1679685060000,2023-03-24T19:11:00Z,101-1-1-0004,0.0,0.001,0,
1679685120000,2023-03-24T19:12:00Z,101-1-1-0004,0.0,0.001,0,
1679685180000,2023-03-24T19:13:00Z,101-1-1-0004,0.0,0.001,0,
1679685240000,2023-03-24T19:14:00Z,101-1-1-0004,0.0,0.001,0,
1679685300000,2023-03-24T19:15:00Z,101-1-1-0004,0.0,0.001,0,
1679685360000,2023-03-24T19:16:00Z,101-1-1-0004,0.0,0.001,0,
1679685420000,2023-03-24T19:17:00Z,101-1-1-0004,0.0,0.001,0,
1679685480000,2023-03-24T19:18:00Z,101-1-1-0004,0.0,0.001,0,
1679685540000,2023-03-24T19:19:00Z,101-1-1-0004,0.0,0.001,0,
1679685600000,2023-03-24T19:20:00Z,101-1-1-0004,0.0,0.001,0,
1679685660000,2023-03-24T19:21:00Z,101-1-1-0004,0.0,0.001,0,
1679685720000,2023-03-24T19:22:00Z,101-1-1-0004,0.0,0.001,0,
1679685780000,2023-03-24T19:23:00Z,101-1-1-0004,0.0,0.001,0,
1679685840000,2023-03-24T19:24:00Z,101-1-1-0004,0.0,0.001,0,
1679685900000,2023-03-24T19:25:00Z,101-1-1-0004,0.0,0.001,0,
1679685960000,2023-03-24T19:26:00Z,101-1-1-0004,0.0,0.001,0,
1679686020000,2023-03-24T19:27:00Z,101-1-1-0004,0.0,0.001,0,
1679686080000,2023-03-24T19:28:00Z,101-1-1-0004,0.0,0.001,0,
1679686140000,2023-03-24T19:29:00Z,101-1-1-0004,0.0,0.001,0,
1679686200000,2023-03-24T19:30:00Z,101-1-1-0004,0.0,0.001,0,
1679686260000,2023-03-24T19:31:00Z,101-1-1-0004,0.0,0.001,0,
1679686320000,2023-03-24T19:32:00Z,101-1-1-0004,0.0,0.001,0,
1679686380000,2023-03-24T19:33:00Z,101-1-1-0004,0.0,0.001,0,
1679686440000,2023-03-24T19:34:00Z,101-1-1-0004,0.0,0.001,0,
1679686500000,2023-03-24T19:35:00Z,101-1-1-0004,0.0,0.001,0,
1679686560000,2023-03-24T19:36:00Z,101-1-1-0004,0.0,0.001,0,
1679686620000,2023-03-24T19:37:00Z,101-1-1-0004,0.0,0.001,0,
1679686680000,2023-03-24T19:38:00Z,101-1-1-0004,0.0,0.001,0,
1679686740000,2023-03-24T19:39:00Z,101-1-1-0004,0.0,0.001,0,
1679686800000,2023-03-24T19:40:00Z,101-1-1-0004,0.0,0.001,0,
1679686860000,2023-03-24T19:41:00Z,101-1-1-0004,0.0,0.001,0,
1679686920000,2023-03-24T19:42:00Z,101-1-1-0004,0.0,0.001,0,
1679686980000,2023-03-24T19:43:00Z,101-1-1-0004,0.0,0.001,0,
1679687040000,2023-03-24T19:44:00Z,101-1-1-0004,0.0,0.001,0,
1679687100000,2023-03-24T19:45:00Z,101-1-1-0004,0.0,0.001,0,
1679687160000,2023-03-24T19:46:00Z,101-1-1-0004,0.0,0.001,0,
1679687220000,2023-03-24T19:47:00Z,101-1-1-0004,0.0,0.001,0,
1679687280000,2023-03-24T19:48:00Z,101-1-1-0004,0.0,0.001,0,
1679687340000,2023-03-24T19:49:00Z,101-1-1-0004,0.0,0.001,0,
1679687400000,2023-03-24T19:50:00Z,101-1-1-0004,0.0,0.001,0,
1679687460000,2023-03-24T19:51:00Z,101-1-1-0004,0.0,0.001,0,
1679687520000,2023-03-24T19:52:00Z,101-1-1-0004,0.0,0.001,0,
1679687580000,2023-03-24T19:53:00Z,101-1-1-0004,0.0,0.001,0,
1679687640000,2023-03-24T19:54:00Z,101-1-1-0004,0.0,0.001,0,
1679687700000,2023-03-24T19:55:00Z,101-1-1-0004,0.0,0.001,0,
1679687760000,2023-03-24T19:56:00Z,101-1-1-0004,0.0,0.001,0,
1679687820000,2023-03-24T19:57:00Z,101-1-1-0004,52.0,0.027,4,
1679687880000,2023-03-24T19:58:00Z,101-1-1-0004,,,,device_not_worn_correctly
1679687940000,2023-03-24T19:59:00Z,101-1-1-0004,110.0,0.116,15,
1679688000000,2023-03-24T20:00:00Z,101-1-1-0004,139.0,0.097,8,
1679688060000,2023-03-24T20:01:00Z,101-1-1-0004,130.0,0.073,10,
1679688120000,2023-03-24T20:02:00Z,101-1-1-0004,165.0,0.111,0,
1679688180000,2023-03-24T20:03:00Z,101-1-1-0004,169.0,0.09,6,
1679688240000,2023-03-24T20:04:00Z,101-1-1-0004,155.0,0.08,5,
1679688300000,2023-03-24T20:05:00Z,101-1-1-0004,171.0,0.14,21,
1679688360000,2023-03-24T20:06:00Z,101-1-1-0004,172.0,0.139,20,
1679688420000,2023-03-24T20:07:00Z,101-1-1-0004,121.0,0.103,17,
1679688480000,2023-03-24T20:08:00Z,101-1-1-0004,91.0,0.062,6,
1679688540000,2023-03-24T20:09:00Z,101-1-1-0004,11.0,0.005,0,
1679688600000,2023-03-24T20:10:00Z,101-1-1-0004,135.0,0.155,26,
1679688660000,2023-03-24T20:11:00Z,101-1-1-0004,86.0,0.056,10,
1679688720000,2023-03-24T20:12:00Z,101-1-1-0004,57.0,0.036,9,
1679688780000,2023-03-24T20:13:00Z,101-1-1-0004,146.0,0.121,19,
1679688840000,2023-03-24T20:14:00Z,101-1-1-0004,45.0,0.043,4,
1679688900000,2023-03-24T20:15:00Z,101-1-1-0004,67.0,0.037,0,
1679688960000,2023-03-24T20:16:00Z,101-1-1-0004,17.0,0.009,0,
1679689020000,2023-03-24T20:17:00Z,101-1-1-0004,21.0,0.009,2,
1679689080000,2023-03-24T20:18:00Z,101-1-1-0004,13.0,0.013,0,
1679689140000,2023-03-24T20:19:00Z,101-1-1-0004,31.0,0.013,0,
1679689200000,2023-03-24T20:20:00Z,101-1-1-0004,109.0,0.094,18,
1679689260000,2023-03-24T20:21:00Z,101-1-1-0004,94.0,0.096,10,
1679689320000,2023-03-24T20:22:00Z,101-1-1-0004,42.0,0.03,0,
1679689380000,2023-03-24T20:23:00Z,101-1-1-0004,66.0,0.038,5,
1679689440000,2023-03-24T20:24:00Z,101-1-1-0004,57.0,0.048,6,
1679689500000,2023-03-24T20:25:00Z,101-1-1-0004,32.0,0.028,0,
1679689560000,2023-03-24T20:26:00Z,101-1-1-0004,28.0,0.032,4,
1679689620000,2023-03-24T20:27:00Z,101-1-1-0004,17.0,0.016,2,
1679689680000,2023-03-24T20:28:00Z,101-1-1-0004,21.0,0.029,2,
1679689740000,2023-03-24T20:29:00Z,101-1-1-0004,30.0,0.032,3,
1679689800000,2023-03-24T20:30:00Z,101-1-1-0004,50.0,0.05,6,
1679689860000,2023-03-24T20:31:00Z,101-1-1-0004,43.0,0.029,2,
1679689920000,2023-03-24T20:32:00Z,101-1-1-0004,28.0,0.024,4,
1679689980000,2023-03-24T20:33:00Z,101-1-1-0004,52.0,0.029,0,
1679690040000,2023-03-24T20:34:00Z,101-1-1-0004,121.0,0.137,17,
1679690100000,2023-03-24T20:35:00Z,101-1-1-0004,86.0,0.066,7,
1679690160000,2023-03-24T20:36:00Z,101-1-1-0004,57.0,0.037,2,
1679690220000,2023-03-24T20:37:00Z,101-1-1-0004,118.0,0.11,19,
1679690280000,2023-03-24T20:38:00Z,101-1-1-0004,147.0,0.134,24,
1679690340000,2023-03-24T20:39:00Z,101-1-1-0004,137.0,0.145,32,
1679690400000,2023-03-24T20:40:00Z,101-1-1-0004,52.0,0.052,4,
1679690460000,2023-03-24T20:41:00Z,101-1-1-0004,11.0,0.005,0,
1679690520000,2023-03-24T20:42:00Z,101-1-1-0004,20.0,0.016,2,
1679690580000,2023-03-24T20:43:00Z,101-1-1-0004,15.0,0.012,2,
1679690640000,2023-03-24T20:44:00Z,101-1-1-0004,22.0,0.02,0,
1679690700000,2023-03-24T20:45:00Z,101-1-1-0004,42.0,0.034,3,
1679690760000,2023-03-24T20:46:00Z,101-1-1-0004,15.0,0.014,0,
1679690820000,2023-03-24T20:47:00Z,101-1-1-0004,10.0,0.007,2,
1679690880000,2023-03-24T20:48:00Z,101-1-1-0004,39.0,0.054,5,
1679690940000,2023-03-24T20:49:00Z,101-1-1-0004,52.0,0.104,10,
1679691000000,2023-03-24T20:50:00Z,101-1-1-0004,46.0,0.024,2,
1679691060000,2023-03-24T20:51:00Z,101-1-1-0004,19.0,0.01,2,
1679691120000,2023-03-24T20:52:00Z,101-1-1-0004,14.0,0.01,0,
1679691180000,2023-03-24T20:53:00Z,101-1-1-0004,7.0,0.01,0,
1679691240000,2023-03-24T20:54:00Z,101-1-1-0004,7.0,0.003,0,
1679691300000,2023-03-24T20:55:00Z,101-1-1-0004,17.0,0.013,0,
1679691360000,2023-03-24T20:56:00Z,101-1-1-0004,6.0,0.005,0,
1679691420000,2023-03-24T20:57:00Z,101-1-1-0004,115.0,0.095,10,
1679691480000,2023-03-24T20:58:00Z,101-1-1-0004,130.0,0.079,6,
1679691540000,2023-03-24T20:59:00Z,101-1-1-0004,88.0,0.066,11,
1679691600000,2023-03-24T21:00:00Z,101-1-1-0004,141.0,0.079,5,
1679691660000,2023-03-24T21:01:00Z,101-1-1-0004,116.0,0.088,12,
1679691720000,2023-03-24T21:02:00Z,101-1-1-0004,60.0,0.058,10,
1679691780000,2023-03-24T21:03:00Z,101-1-1-0004,67.0,0.032,0,
1679691840000,2023-03-24T21:04:00Z,101-1-1-0004,6.0,0.004,0,
1679691900000,2023-03-24T21:05:00Z,101-1-1-0004,18.0,0.006,0,
1679691960000,2023-03-24T21:06:00Z,101-1-1-0004,46.0,0.033,4,
1679692020000,2023-03-24T21:07:00Z,101-1-1-0004,47.0,0.03,3,
1679692080000,2023-03-24T21:08:00Z,101-1-1-0004,,,,device_not_worn_correctly
1679692140000,2023-03-24T21:09:00Z,101-1-1-0004,0.0,0.001,0,
1679692200000,2023-03-24T21:10:00Z,101-1-1-0004,2.0,0.002,0,
1679692260000,2023-03-24T21:11:00Z,101-1-1-0004,0.0,0.001,0,
1679692320000,2023-03-24T21:12:00Z,101-1-1-0004,0.0,0.001,0,
1679692380000,2023-03-24T21:13:00Z,101-1-1-0004,0.0,0.002,0,
1679692440000,2023-03-24T21:14:00Z,101-1-1-0004,0.0,0.001,0,
1679692500000,2023-03-24T21:15:00Z,101-1-1-0004,0.0,0.001,0,
1679692560000,2023-03-24T21:16:00Z,101-1-1-0004,0.0,0.001,0,
1679692620000,2023-03-24T21:17:00Z,101-1-1-0004,0.0,0.001,0,
1679692680000,2023-03-24T21:18:00Z,101-1-1-0004,0.0,0.001,0,
1679692740000,2023-03-24T21:19:00Z,101-1-1-0004,0.0,0.001,0,
1679692800000,2023-03-24T21:20:00Z,101-1-1-0004,0.0,0.001,0,
1679692860000,2023-03-24T21:21:00Z,101-1-1-0004,0.0,0.001,0,
1679692920000,2023-03-24T21:22:00Z,101-1-1-0004,0.0,0.001,0,
1679692980000,2023-03-24T21:23:00Z,101-1-1-0004,0.0,0.001,0,
1679693040000,2023-03-24T21:24:00Z,101-1-1-0004,0.0,0.001,0,
1679693100000,2023-03-24T21:25:00Z,101-1-1-0004,33.0,0.014,3,
1679693160000,2023-03-24T21:26:00Z,101-1-1-0004,,,,device_not_worn_correctly
1679693220000,2023-03-24T21:27:00Z,101-1-1-0004,0.0,0.001,0,
1679693280000,2023-03-24T21:28:00Z,101-1-1-0004,0.0,0.001,0,
1679693340000,2023-03-24T21:29:00Z,101-1-1-0004,8.0,0.003,0,
1679693400000,2023-03-24T21:30:00Z,101-1-1-0004,0.0,0.001,0,
1679693460000,2023-03-24T21:31:00Z,101-1-1-0004,0.0,0.001,0,
1679693520000,2023-03-24T21:32:00Z,101-1-1-0004,0.0,0.001,0,
1679693580000,2023-03-24T21:33:00Z,101-1-1-0004,0.0,0.001,0,
1679693640000,2023-03-24T21:34:00Z,101-1-1-0004,0.0,0.001,0,
1679693700000,2023-03-24T21:35:00Z,101-1-1-0004,0.0,0.001,0,
1679693760000,2023-03-24T21:36:00Z,101-1-1-0004,0.0,0.001,0,
1679693820000,2023-03-24T21:37:00Z,101-1-1-0004,0.0,0.001,0,
1679693880000,2023-03-24T21:38:00Z,101-1-1-0004,0.0,0.001,0,
1679693940000,2023-03-24T21:39:00Z,101-1-1-0004,2.0,0.001,0,
1679694000000,2023-03-24T21:40:00Z,101-1-1-0004,0.0,0.001,0,
1679694060000,2023-03-24T21:41:00Z,101-1-1-0004,0.0,0.001,0,
1679694120000,2023-03-24T21:42:00Z,101-1-1-0004,0.0,0.001,0,
1679694180000,2023-03-24T21:43:00Z,101-1-1-0004,0.0,0.001,0,
1679694240000,2023-03-24T21:44:00Z,101-1-1-0004,0.0,0.001,0,
1679694300000,2023-03-24T21:45:00Z,101-1-1-0004,0.0,0.001,0,
1679694360000,2023-03-24T21:46:00Z,101-1-1-0004,0.0,0.001,0,
1679694420000,2023-03-24T21:47:00Z,101-1-1-0004,0.0,0.001,0,
1679694480000,2023-03-24T21:48:00Z,101-1-1-0004,0.0,0.001,0,
1679694540000,2023-03-24T21:49:00Z,101-1-1-0004,0.0,0.001,0,
1679694600000,2023-03-24T21:50:00Z,101-1-1-0004,0.0,0.001,0,
1679694660000,2023-03-24T21:51:00Z,101-1-1-0004,0.0,0.001,0,
1679694720000,2023-03-24T21:52:00Z,101-1-1-0004,0.0,0.001,0,
1679694780000,2023-03-24T21:53:00Z,101-1-1-0004,1.0,0.002,0,
1679694840000,2023-03-24T21:54:00Z,101-1-1-0004,13.0,0.005,0,
1679694900000,2023-03-24T21:55:00Z,101-1-1-0004,,,,device_not_worn_correctly
1679694960000,2023-03-24T21:56:00Z,101-1-1-0004,2.0,0.002,0,
1679695020000,2023-03-24T21:57:00Z,101-1-1-0004,,,,device_not_worn_correctly
1679695080000,2023-03-24T21:58:00Z,101-1-1-0004,,,,device_not_worn_correctly
1679695140000,2023-03-24T21:59:00Z,101-1-1-0004,,,,device_not_worn_correctly
1679695200000,2023-03-24T22:00:00Z,101-1-1-0004,,,,device_not_worn_correctly
1679695260000,2023-03-24T22:01:00Z,101-1-1-0004,,,,device_not_worn_correctly
1679695320000,2023-03-24T22:02:00Z,101-1-1-0004,,,,device_not_worn_correctly
1679695380000,2023-03-24T22:03:00Z,101-1-1-0004,16.0,0.008,2,
1679695440000,2023-03-24T22:04:00Z,101-1-1-0004,0.0,0.001,0,
1679695500000,2023-03-24T22:05:00Z,101-1-1-0004,0.0,0.001,0,
1679695560000,2023-03-24T22:06:00Z,101-1-1-0004,0.0,0.001,0,
1679695620000,2023-03-24T22:07:00Z,101-1-1-0004,0.0,0.001,0,
1679695680000,2023-03-24T22:08:00Z,101-1-1-0004,0.0,0.001,0,
1679695740000,2023-03-24T22:09:00Z,101-1-1-0004,0.0,0.001,0,
1679695800000,2023-03-24T22:10:00Z,101-1-1-0004,0.0,0.001,0,
1679695860000,2023-03-24T22:11:00Z,101-1-1-0004,0.0,0.001,0,
1679695920000,2023-03-24T22:12:00Z,101-1-1-0004,0.0,0.001,0,
1679695980000,2023-03-24T22:13:00Z,101-1-1-0004,0.0,0.001,0,
1679696040000,2023-03-24T22:14:00Z,101-1-1-0004,0.0,0.001,0,
1679696100000,2023-03-24T22:15:00Z,101-1-1-0004,0.0,0.001,0,
1679696160000,2023-03-24T22:16:00Z,101-1-1-0004,0.0,0.001,0,
1679696220000,2023-03-24T22:17:00Z,101-1-1-0004,0.0,0.001,0,
1679696280000,2023-03-24T22:18:00Z,101-1-1-0004,2.0,0.001,0,
1679696340000,2023-03-24T22:19:00Z,101-1-1-0004,0.0,0.001,0,
1679696400000,2023-03-24T22:20:00Z,101-1-1-0004,0.0,0.001,0,
1679696460000,2023-03-24T22:21:00Z,101-1-1-0004,0.0,0.001,0,
1679696520000,2023-03-24T22:22:00Z,101-1-1-0004,0.0,0.001,0,
1679696580000,2023-03-24T22:23:00Z,101-1-1-0004,0.0,0.001,0,
1679696640000,2023-03-24T22:24:00Z,101-1-1-0004,0.0,0.001,0,
1679696700000,2023-03-24T22:25:00Z,101-1-1-0004,0.0,0.001,0,
1679696760000,2023-03-24T22:26:00Z,101-1-1-0004,1.0,0.001,0,
1679696820000,2023-03-24T22:27:00Z,101-1-1-0004,0.0,0.001,0,
1679696880000,2023-03-24T22:28:00Z,101-1-1-0004,0.0,0.001,0,
1679696940000,2023-03-24T22:29:00Z,101-1-1-0004,0.0,0.001,0,
1679697000000,2023-03-24T22:30:00Z,101-1-1-0004,0.0,0.001,0,
1679697060000,2023-03-24T22:31:00Z,101-1-1-0004,0.0,0.001,0,
1679697120000,2023-03-24T22:32:00Z,101-1-1-0004,2.0,0.001,0,
1679697180000,2023-03-24T22:33:00Z,101-1-1-0004,0.0,0.001,0,
1679697240000,2023-03-24T22:34:00Z,101-1-1-0004,0.0,0.001,0,
1679697300000,2023-03-24T22:35:00Z,101-1-1-0004,0.0,0.001,0,
1679697360000,2023-03-24T22:36:00Z,101-1-1-0004,0.0,0.001,0,
1679697420000,2023-03-24T22:37:00Z,101-1-1-0004,0.0,0.001,0,
1679697480000,2023-03-24T22:38:00Z,101-1-1-0004,0.0,0.001,0,
1679697540000,2023-03-24T22:39:00Z,101-1-1-0004,0.0,0.001,0,
1679697600000,2023-03-24T22:40:00Z,101-1-1-0004,0.0,0.001,0,
1679697660000,2023-03-24T22:41:00Z,101-1-1-0004,,,,device_not_worn_correctly
1679697720000,2023-03-24T22:42:00Z,101-1-1-0004,0.0,0.001,0,
1679697780000,2023-03-24T22:43:00Z,101-1-1-0004,0.0,0.001,0,
1679697840000,2023-03-24T22:44:00Z,101-1-1-0004,0.0,0.001,0,
1679697900000,2023-03-24T22:45:00Z,101-1-1-0004,0.0,0.001,0,
1679697960000,2023-03-24T22:46:00Z,101-1-1-0004,0.0,0.001,0,
1679698020000,2023-03-24T22:47:00Z,101-1-1-0004,0.0,0.001,0,
1679698080000,2023-03-24T22:48:00Z,101-1-1-0004,0.0,0.001,0,
1679698140000,2023-03-24T22:49:00Z,101-1-1-0004,0.0,0.001,0,
1679698200000,2023-03-24T22:50:00Z,101-1-1-0004,0.0,0.001,0,
1679698260000,2023-03-24T22:51:00Z,101-1-1-0004,0.0,0.001,0,
1679698320000,2023-03-24T22:52:00Z,101-1-1-0004,0.0,0.001,0,
1679698380000,2023-03-24T22:53:00Z,101-1-1-0004,0.0,0.001,0,
1679698440000,2023-03-24T22:54:00Z,101-1-1-0004,0.0,0.001,0,
1679698500000,2023-03-24T22:55:00Z,101-1-1-0004,,,,device_not_worn_correctly
1679698560000,2023-03-24T22:56:00Z,101-1-1-0004,0.0,0.001,0,
1679698620000,2023-03-24T22:57:00Z,101-1-1-0004,0.0,0.001,0,
1679698680000,2023-03-24T22:58:00Z,101-1-1-0004,0.0,0.001,0,
1679698740000,2023-03-24T22:59:00Z,101-1-1-0004,,,,device_not_worn_correctly
1679698800000,2023-03-24T23:00:00Z,101-1-1-0004,0.0,0.001,0,
1679698860000,2023-03-24T23:01:00Z,101-1-1-0004,0.0,0.001,0,
1679698920000,2023-03-24T23:02:00Z,101-1-1-0004,0.0,0.001,0,
1679698980000,2023-03-24T23:03:00Z,101-1-1-0004,0.0,0.001,0,
1679699040000,2023-03-24T23:04:00Z,101-1-1-0004,0.0,0.001,0,
1679699100000,2023-03-24T23:05:00Z,101-1-1-0004,0.0,0.001,0,
1679699160000,2023-03-24T23:06:00Z,101-1-1-0004,0.0,0.001,0,
1679699220000,2023-03-24T23:07:00Z,101-1-1-0004,0.0,0.001,0,
1679699280000,2023-03-24T23:08:00Z,101-1-1-0004,0.0,0.001,0,
1679699340000,2023-03-24T23:09:00Z,101-1-1-0004,0.0,0.001,0,
1679699400000,2023-03-24T23:10:00Z,101-1-1-0004,0.0,0.001,0,
1679699460000,2023-03-24T23:11:00Z,101-1-1-0004,,,,device_not_worn_correctly
1679699520000,2023-03-24T23:12:00Z,101-1-1-0004,0.0,0.001,0,
1679699580000,2023-03-24T23:13:00Z,101-1-1-0004,0.0,0.001,0,
1679699640000,2023-03-24T23:14:00Z,101-1-1-0004,0.0,0.001,0,
1679699700000,2023-03-24T23:15:00Z,101-1-1-0004,,,,device_not_worn_correctly
1679699760000,2023-03-24T23:16:00Z,101-1-1-0004,0.0,0.001,0,
1679699820000,2023-03-24T23:17:00Z,101-1-1-0004,0.0,0.001,0,
1679699880000,2023-03-24T23:18:00Z,101-1-1-0004,0.0,0.001,0,
1679699940000,2023-03-24T23:19:00Z,101-1-1-0004,0.0,0.001,0,
1679700000000,2023-03-24T23:20:00Z,101-1-1-0004,,,,device_not_worn_correctly
1679700060000,2023-03-24T23:21:00Z,101-1-1-0004,,,,device_not_worn_correctly
1679700120000,2023-03-24T23:22:00Z,101-1-1-0004,,,,device_not_worn_correctly
1679700180000,2023-03-24T23:23:00Z,101-1-1-0004,0.0,0.001,0,
1679700240000,2023-03-24T23:24:00Z,101-1-1-0004,0.0,0.001,0,
1679700300000,2023-03-24T23:25:00Z,101-1-1-0004,0.0,0.001,0,
1679700360000,2023-03-24T23:26:00Z,101-1-1-0004,,,,device_not_worn_correctly
1679700420000,2023-03-24T23:27:00Z,101-1-1-0004,0.0,0.001,0,
1679700480000,2023-03-24T23:28:00Z,101-1-1-0004,0.0,0.001,0,
1679700540000,2023-03-24T23:29:00Z,101-1-1-0004,,,,device_not_worn_correctly
1679700600000,2023-03-24T23:30:00Z,101-1-1-0004,,,,device_not_worn_correctly
1679700660000,2023-03-24T23:31:00Z,101-1-1-0004,0.0,0.001,0,
1679700720000,2023-03-24T23:32:00Z,101-1-1-0004,0.0,0.001,0,
1679700780000,2023-03-24T23:33:00Z,101-1-1-0004,,,,device_not_worn_correctly
1679700840000,2023-03-24T23:34:00Z,101-1-1-0004,0.0,0.001,0,
1679700900000,2023-03-24T23:35:00Z,101-1-1-0004,0.0,0.001,0,
1679700960000,2023-03-24T23:36:00Z,101-1-1-0004,0.0,0.001,0,
1679701020000,2023-03-24T23:37:00Z,101-1-1-0004,0.0,0.001,0,
1679701080000,2023-03-24T23:38:00Z,101-1-1-0004,,,,device_not_worn_correctly
1679701140000,2023-03-24T23:39:00Z,101-1-1-0004,0.0,0.001,0,
1679701200000,2023-03-24T23:40:00Z,101-1-1-0004,32.0,0.034,7,
1679701260000,2023-03-24T23:41:00Z,101-1-1-0004,,,,device_not_worn_correctly
1679701320000,2023-03-24T23:42:00Z,101-1-1-0004,,,,device_not_worn_correctly
1679701380000,2023-03-24T23:43:00Z,101-1-1-0004,,,,device_not_worn_correctly
1679701440000,2023-03-24T23:44:00Z,101-1-1-0004,,,,device_not_worn_correctly
1679701500000,2023-03-24T23:45:00Z,101-1-1-0004,,,,device_not_worn_correctly
1679701560000,2023-03-24T23:46:00Z,101-1-1-0004,,,,device_not_worn_correctly
1679701620000,2023-03-24T23:47:00Z,101-1-1-0004,,,,device_not_worn_correctly
1679701680000,2023-03-24T23:48:00Z,101-1-1-0004,,,,device_not_worn_correctly
1679701740000,2023-03-24T23:49:00Z,101-1-1-0004,,,,device_not_worn_correctly
1679701800000,2023-03-24T23:50:00Z,101-1-1-0004,,,,device_not_worn_correctly
1679701860000,2023-03-24T23:51:00Z,101-1-1-0004,,,,device_not_worn_correctly
1679701920000,2023-03-24T23:52:00Z,101-1-1-0004,,,,device_not_worn_correctly
1679701980000,2023-03-24T23:53:00Z,101-1-1-0004,,,,device_not_worn_correctly
1679702040000,2023-03-24T23:54:00Z,101-1-1-0004,,,,device_not_worn_correctly
1679702100000,2023-03-24T23:55:00Z,101-1-1-0004,,,,device_not_worn_correctly
1679702160000,2023-03-24T23:56:00Z,101-1-1-0004,,,,device_not_worn_correctly
1679702220000,2023-03-24T23:57:00Z,101-1-1-0004,,,,device_not_worn_correctly
1679702280000,2023-03-24T23:58:00Z,101-1-1-0004,,,,device_not_worn_correctly
1679702340000,2023-03-24T23:59:00Z,101-1-1-0004,,,,device_not_worn_correctly
