timestamp,value
1716368762,Walking
1716368770,Still
1716368783,Walking
1716368786,Still
1716371811,Walking
1716371815,Still
1716371925,Walking
1716371932,Running
1716371932,Walking
1716371935,Still
1716374589,Walking
1716374592,Still
1716374642,Walking
1716374652,Still
1716374706,Walking
1716374714,Still
1716374750,Walking
1716374759,Still
1716374870,Walking
1716374878,Still
1716374889,Walking
1716374903,Still
1716375225,Walking
1716375228,Still
1716375455,Walking
1716375458,Still
1716375502,Walking
1716375506,Still
1716375739,Walking
1716375744,Still
1716375929,Walking
1716375934,Still
1716376011,Walking
1716376014,Still
1716376058,Walking
1716376066,Still
1716376145,Walking
1716376146,Still
1716376409,Walking
1716376412,Still
1716376432,Walking
1716376436,Still
1716376479,Walking
1716376488,Still
1716376492,Walking
1716376501,Still
1716376590,Walking
1716376602,Still
1716376699,Walking
1716376703,Still
1716378470,Walking
1716378474,Still
1716378482,Walking
1716378490,Still
1716378495,Walking
1716378498,Running
1716378498,Running
1716378498,Still
1716378498,Walking
1716378509,Running
1716378513,Walking
1716378513,Running
1716378514,Walking
1716378518,Walking
1716378518,Running
1716378520,Still
1716378530,Walking
1716378545,Still
1716378552,Walking
1716378559,Still
1716378669,Walking
1716378675,Still
1716378719,Walking
1716378725,Still
1716378729,Walking
1716378740,Still
1716378747,Walking
1716378753,Still
1716378762,Walking
1716378780,Still
1716379043,Walking
1716379061,Still
1716379331,Walking
1716379339,Still
1716381134,Walking
1716381155,Still
1716381211,Walking
1716381214,Still
1716381222,Walking
1716381224,Still
1716381545,Walking
1716381552,Still
1716381577,Walking
1716381580,Still
1716381696,Walking
1716381707,Still
1716381716,Walking
1716381727,Still
1716381757,Walking
1716381762,Still
1716381767,Walking
1716381774,Still
1716381843,Walking
1716381843,Running
1716381845,Still
1716381851,Walking
1716381853,Running
1716381855,Walking
1716381855,Running
1716381856,Walking
1716381866,Still
1716383639,Walking
1716383643,Still
1716384277,Walking
1716384281,Still
1716384336,Walking
1716384338,Still
1716384405,Walking
1716384408,Still
1716384428,Walking
1716384445,Still
1716384487,Walking
1716384488,Running
1716384488,Walking
1716384488,Running
1716384488,Walking
1716384488,Running
1716384489,Walking
1716384489,Running
1716384489,Walking
1716384490,Running
1716384490,Running
1716384490,Walking
1716384491,Walking
1716384491,Running
1716384491,Running
1716384491,Walking
1716384492,Walking
1716384492,Running
1716384492,Running
1716384492,Walking
1716384493,Walking
1716384493,Running
1716384494,Walking
1716384496,Still
1716385877,Walking
1716385882,Still
1716385916,Walking
1716385921,Still
1716385961,Walking
1716385967,Still
1716385988,Walking
1716385992,Still
1716386019,Walking
1716386027,Still
1716386036,Walking
1716386043,Still
1716386054,Walking
1716386069,Still
1716386631,Walking
1716386634,Still
1716386688,Walking
1716386694,Still
1716386820,Walking
1716386822,Still
1716386826,Walking
1716386829,Still
1716386993,Walking
1716387005,Still
1716387018,Walking
1716387023,Still
1716387029,Walking
1716387041,Still
1716387047,Walking
1716387055,Still
1716387065,Walking
1716387067,Still
1716387117,Walking
1716387122,Still
1716387226,Walking
1716387234,Still
1716387377,Walking
1716387388,Still
1716387576,Walking
1716387587,Still
1716387599,Walking
1716387608,Still
1716387614,Walking
1716387627,Still
1716387653,Walking
1716387656,Still
1716387663,Walking
1716387678,Still
1716387683,Walking
1716387692,Still
1716387701,Walking
1716387708,Still
1716387762,Walking
1716387771,Still
1716388108,Walking
1716388141,Still
1716388165,Walking
1716388168,Still
1716388532,Walking
1716388544,Still
1716389780,Walking
1716389786,Still
1716389789,Walking
1716389791,Running
1716389791,Walking
1716389798,Still
1716389871,Walking
1716389901,Still
1716389916,Running
1716389916,Walking
1716389917,Running
1716389917,Walking
1716389917,Walking
1716389924,Still
1716390016,Running
1716390017,Running
1716390017,Walking
1716390018,Walking
1716390025,Still
1716390068,Walking
1716390073,Still
1716390136,Running
1716390136,Walking
1716390137,Running
1716390137,Walking
1716390137,Walking
1716390137,Running
1716390138,Walking
1716390140,Still
1716390158,Running
1716390160,Walking
1716390161,Running
1716390161,Walking
1716390163,Still
1716390206,Walking
1716390212,Still
1716390234,Walking
1716390240,Still
1716390252,Walking
1716390258,Running
1716390258,Walking
1716390261,Running
1716390262,Walking
1716390264,Running
1716390264,Walking
1716390266,Still
1716390280,Walking
1716390284,Still
1716390371,Walking
1716390383,Still
1716390398,Walking
1716390401,Still
1716390425,Walking
1716390433,Still
1716390468,Walking
1716390476,Still
1716390482,Walking
1716390489,Still
1716390723,Walking
1716390726,Still
1716390733,Walking
1716390737,Still
1716390748,Walking
1716390753,Still
1716390865,Walking
1716390870,Still
1716390888,Walking
1716390891,Still
1716390970,Walking
1716390983,Still
1716390993,Walking
1716390994,Still
1716391025,Walking
1716391028,Still
1716391037,Walking
1716391039,Still
1716391047,Walking
1716391055,Still
1716391097,Walking
1716391101,Still
1716391129,Walking
1716391132,Still
1716391145,Walking
1716391151,Still
1716391171,Walking
1716391174,Still
1716391481,Walking
1716391483,Still
1716391655,Walking
1716391657,Still
1716391840,Walking
1716391842,Still
1716391848,Walking
1716391851,Still
1716392120,Walking
1716392125,Still
1716392149,Walking
1716392167,Still
1716392172,Walking
1716392175,Still
1716392193,Walking
1716392196,Running
1716392196,Walking
1716392208,Still
1716392549,Walking
1716392555,Still
1716392646,Walking
1716392649,Still
1716392666,Walking
1716392673,Still
1716392684,Walking
1716392689,Still
1716392865,Walking
1716392879,Still
1716392930,Walking
1716392933,Still
1716393003,Walking
1716393005,Still
1716393157,Walking
1716393162,Still
1716393538,Walking
1716393572,Still
1716393604,Walking
1716393614,Still
1716393632,Walking
1716393638,Still
1716393652,Walking
1716393659,Still
1716393904,Walking
1716393912,Still
1716393973,Walking
1716393983,Walking
1716393983,Running
1716393991,Still
1716394023,Walking
1716394025,Still
1716394128,Walking
1716394131,Still
1716396997,Walking
1716397002,Still
1716397500,Walking
1716397504,Still
1716397512,Walking
1716397519,Still
1716397558,Walking
1716397561,Still
1716397588,Walking
1716397588,Walking
1716397588,Running
1716397590,Running
1716397591,Walking
1716397592,Still
1716397597,Walking
1716397603,Still
1716397607,Walking
1716397616,Still
1716397622,Walking
1716397626,Still
1716397631,Walking
1716397634,Still
1716397639,Walking
1716397642,Still
1716397648,Walking
1716397700,Walking
1716397700,Running
1716397912,Still
1716397934,Walking
1716398011,Still
1716398015,Walking
1716398048,Still
1716398055,Walking
1716398128,Still
1716398133,Walking
1716398231,Still
1716398260,Walking
1716398263,Still
1716399270,Walking
1716399286,Still
1716399291,Walking
1716399345,Still
1716399360,Walking
1716399386,Still
1716399403,Walking
1716399417,Still
1716399441,Walking
1716399446,Still
1716399460,Walking
1716399467,Still
1716399484,Walking
1716399502,Still
1716399507,Walking
1716399540,Still
1716399556,Walking
1716399603,Walking
1716399603,Running
1716399607,Still
1716399619,Walking
1716399624,Still
1716399735,Walking
1716399762,Walking
1716399762,Running
1716399769,Still
1716399793,Walking
1716399799,Still
1716399804,Walking
1716399813,Still
1716399828,Walking
1716399832,Still
1716399838,Walking
1716399865,Still
1716399994,Walking
1716400001,Still
1716402249,Walking
1716402255,Still
1716404314,Walking
1716404316,Still
1716405394,Walking
1716405398,Still
1716405405,Walking
1716405408,Still
1716407468,Walking
1716407472,Still
1716407544,Walking
1716407568,Still
1716407585,Running
1716407594,Walking
1716407597,Still
1716407849,Running
1716407854,Running
1716407854,Walking
1716407855,Running
1716407855,Walking
1716407855,Walking
1716407857,Still
1716407938,Walking
1716407941,Still
1716408320,Running
1716408321,Walking
1716408321,Running
1716408322,Walking
1716408322,Running
1716408331,Walking
1716408331,Walking
1716408331,Running
1716408334,Still
1716408682,Walking
1716408688,Still
1716408848,Walking
1716408848,Running
1716408849,Walking
1716408849,Walking
1716408849,Running
1716408850,Running
1716408850,Walking
1716408851,Walking
1716408851,Running
1716408851,Running
1716408851,Running
1716408851,Walking
1716408851,Walking
1716408851,Running
1716408852,Running
1716408852,Walking
1716408852,Running
1716408852,Walking
1716408861,Walking
1716408862,Running
1716408862,Running
1716408862,Walking
1716408862,Running
1716408862,Walking
1716408863,Running
1716408863,Walking
1716408863,Running
1716408863,Running
1716408863,Walking
1716408863,Walking
1716408866,Walking
1716408866,Running
1716408866,Walking
1716408866,Running
1716408866,Walking
1716408866,Walking
1716408866,Running
1716408870,Walking
1716408870,Walking
1716408870,Running
1716408870,Running
1716408872,Walking
1716408872,Running
1716408879,Still
1716408893,Running
1716408893,Walking
1716408893,Running
1716408898,Walking
1716408899,Walking
1716408899,Running
1716408900,Running
1716408900,Walking
1716408904,Walking
1716408904,Running
1716408904,Running
1716408905,Walking
1716408905,Running
1716408905,Walking
1716408908,Still
1716409050,Walking
1716409070,Still
1716409088,Walking
1716409095,Still
1716409127,Walking
1716409128,Walking
1716409128,Running
1716409144,Still
1716409149,Walking
1716409160,Still
1716409165,Walking
1716409182,Still
1716409273,Walking
1716409279,Still
1716409322,Running
1716409322,Walking
1716409323,Walking
1716409575,Running
1716409576,Walking
1716409590,Walking
1716409590,Running
1716409595,Running
1716409596,Walking
1716409713,Running
1716409714,Walking
1716409734,Running
1716409735,Walking
1716409784,Still
1716412839,Walking
1716412870,Still
1716412880,Walking
1716412887,Still
1716412903,Walking
1716412913,Still
1716412923,Walking
1716412933,Still
1716412966,Walking
1716412973,Still
1716412981,Walking
1716412982,Walking
1716412982,Running
1716412994,Still
1716413013,Walking
1716413020,Still
1716413030,Walking
1716413035,Still
1716413054,Walking
1716413059,Still
1716413145,Walking
1716413152,Still
1716413472,Walking
1716413479,Still
1716413497,Walking
1716413504,Still
1716413510,Walking
1716413514,Still
1716414187,Walking
1716414199,Still
1716414205,Walking
1716414207,Still
1716414218,Walking
1716414224,Still
1716414258,Walking
1716414269,Still
1716414273,Walking
1716414275,Still
1716414280,Walking
1716414288,Still
1716414304,Walking
1716414317,Still
1716414339,Walking
1716414343,Still
1716414370,Walking
1716414372,Running
1716414373,Walking
1716414380,Still
1716414517,Walking
1716414523,Still
1716414666,Walking
1716414668,Running
1716414668,Walking
1716414676,Running
1716414679,Walking
1716414679,Still
1716414688,Walking
1716414694,Still
1716414701,Walking
1716414703,Still
1716414711,Walking
1716414717,Still
1716414727,Walking
1716414730,Still
1716414736,Walking
1716414747,Still
1716433612,Walking
1716433616,Still
1716433661,Walking
1716433665,Still
1716436996,Walking
1716436999,Still
1716437050,Walking
1716437056,Still
1716437071,Walking
1716437074,Still
1716437082,Walking
1716437084,Still
1716437089,Walking
1716437091,Still
1716437100,Walking
1716437107,Still
1716437400,Walking
1716437406,Still
1716437574,Walking
1716437576,Still
1716440393,Walking
1716440398,Still
1716440448,Walking
1716440451,Still
1716440631,Walking
1716440634,Still
1716440706,Walking
1716440712,Still
1716440791,Walking
1716440799,Still
1716440809,Walking
1716440813,Still
1716440846,Walking
1716440850,Still
1716440953,Walking
1716440992,Still
1716441016,Walking
1716441061,Still
1716441079,Walking
1716441096,Walking
1716441096,Running
1716441097,Running
1716441098,Walking
1716441099,Running
1716441100,Walking
1716441101,Running
1716441101,Walking
1716441103,Walking
1716441103,Running
1716441105,Walking
1716441105,Running
1716441129,Still
1716441157,Walking
1716441158,Running
1716441158,Walking
1716441160,Still
1716441166,Walking
1716441167,Running
1716441167,Walking
1716441169,Running
1716441169,Walking
1716441173,Still
1716441251,Walking
1716441262,Still
1716441338,Walking
1716441344,Still
1716441369,Walking
1716441378,Still
1716441388,Walking
1716441391,Still
1716441419,Walking
1716441423,Still
1716441500,Walking
1716441501,Still
1716441513,Walking
1716441516,Still
1716441549,Walking
1716441549,Running
1716441550,Walking
1716441555,Still
1716441571,Walking
1716441575,Still
1716441765,Walking
1716441771,Still
1716441777,Walking
1716441782,Still
1716441796,Walking
1716441802,Still
1716441810,Walking
1716441818,Still
1716441827,Walking
1716441839,Still
1716442187,Walking
1716442190,Still
1716447481,Walking
1716447502,Still
1716447568,Walking
1716447571,Still
1716447580,Walking
1716447582,Walking
1716447582,Running
1716447592,Walking
1716447592,Running
1716447601,Walking
1716447601,Running
1716447603,Still
1716447609,Walking
1716447612,Still
1716447641,Walking
1716447651,Still
1716447657,Walking
1716447663,Still
1716450825,Walking
1716450827,Still
1716450918,Walking
1716450924,Still
1716450929,Walking
1716450933,Still
1716450990,Walking
1716451000,Still
1716451006,Walking
1716451009,Still
1716451120,Walking
1716451126,Walking
1716451126,Running
1716451127,Still
1716451135,Walking
1716451146,Still
1716451150,Walking
1716451158,Still
1716451454,Walking
1716451463,Still
1716451479,Walking
1716451490,Still
1716451500,Walking
1716451503,Still
1716451522,Walking
1716451526,Still
1716451540,Walking
1716451543,Still
1716451589,Walking
1716451591,Still
1716451596,Walking
1716451611,Still
1716451696,Walking
1716451697,Still
1716451839,Walking
1716451841,Still
1716452089,Walking
1716452093,Still
1716452109,Walking
1716452118,Still
1716452365,Walking
1716452373,Still
1716452377,Walking
1716452385,Still
1716452392,Walking
1716452399,Still
1716452423,Walking
1716452425,Still
1716452430,Walking
1716452431,Still
1716452431,Walking
1716452431,Running
1716452446,Walking
1716452462,Still
1716452467,Walking
1716452470,Still
1716452475,Walking
1716452477,Running
1716452477,Walking
1716452491,Running
1716452492,Walking
1716452507,Still
1716452514,Walking
1716452516,Still
1716452525,Walking
1716452531,Still
1716452615,Walking
1716452621,Still
1716452798,Walking
1716452801,Still
1716458779,Walking
1716458779,Running
1716458783,Walking
1716458785,Still
1716458811,Walking
1716458827,Still
1716458830,Walking
1716458876,Still
1716458886,Walking
1716458955,Still
1716459110,Walking
1716459133,Still
1716459137,Walking
1716459144,Still
1716459149,Walking
1716459152,Still
1716459169,Walking
1716459201,Still
1716459235,Walking
1716459237,Still
1716459764,Walking
1716459767,Still
1716459773,Walking
1716459781,Still
1716459994,Walking
1716459998,Still
1716460107,Walking
1716460130,Still
1716460300,Walking
1716460306,Still
1716460352,Walking
1716460358,Still
1716460406,Walking
1716460411,Still
1716460443,Walking
1716460446,Still
1716460464,Walking
1716460468,Still
1716460523,Walking
1716460529,Still
1716460610,Walking
1716460621,Still
1716460665,Walking
1716460668,Still
1716460920,Walking
1716460923,Still
1716461298,Walking
1716461301,Still
1716461311,Walking
1716461316,Still
1716461686,Walking
1716461689,Still
1716462110,Walking
1716462114,Still
1716462441,Walking
1716462444,Still
1716462510,Walking
1716462516,Still
1716462525,Walking
1716462528,Still
1716462564,Walking
1716462568,Still
1716462840,Walking
1716462843,Still
1716462986,Walking
1716462989,Still
1716463339,Walking
1716463341,Still
1716463445,Walking
1716463449,Still
1716463510,Walking
1716463517,Still
1716464118,Walking
1716464121,Still
1716464186,Walking
1716464190,Still
1716464313,Walking
1716464318,Still
1716464402,Walking
1716464405,Still
1716464634,Walking
1716464636,Still
1716464685,Walking
1716464688,Still
1716464879,Walking
1716464883,Still
1716465162,Walking
1716465165,Still
1716465581,Walking
1716465591,Still
1716466205,Walking
1716466208,Still
1716466531,Walking
1716466535,Still
1716466597,Walking
1716466600,Still
1716466735,Walking
1716466738,Still
1716466836,Walking
1716466838,Still
1716466842,Walking
1716466845,Still
1716467310,Walking
1716467315,Still
1716467346,Walking
1716467351,Still
1716467856,Walking
1716467863,Still
1716467940,Walking
1716467947,Running
1716467947,Walking
1716467947,Running
1716467949,Walking
1716467950,Walking
1716467950,Running
1716467951,Running
1716467952,Walking
1716467953,Running
1716467953,Walking
1716467954,Still
1716467984,Walking
1716467985,Still
1716467990,Walking
1716468018,Still
1716468026,Walking
1716468032,Running
1716468032,Walking
1716468066,Walking
1716468066,Running
1716468110,Still
1716468139,Walking
1716468140,Walking
1716468140,Running
1716468142,Still
1716468308,Walking
1716468391,Still
1716468395,Walking
1716468398,Still
1716468402,Walking
1716468427,Still
1716468431,Walking
1716468434,Still
1716468439,Walking
1716468441,Still
1716468539,Walking
1716468542,Still
1716470619,Walking
1716470624,Walking
1716470624,Running
1716470629,Walking
1716470629,Running
1716470657,Still
1716470664,Walking
1716470670,Still
1716470694,Walking
1716470729,Still
1716471170,Walking
1716471174,Still
1716473373,Walking
1716473376,Still
1716476833,Walking
1716476855,Still
1716476892,Walking
1716476894,Still
1716476978,Walking
1716476981,Still
1716477045,Walking
1716477051,Still
1716477183,Walking
1716477188,Still
1716477221,Walking
1716477225,Still
1716477273,Walking
1716477277,Still
1716477285,Walking
1716477294,Still
1716477348,Walking
1716477354,Still
1716477366,Walking
1716477369,Still
1716477375,Walking
1716477379,Still
1716477392,Walking
1716477395,Still
1716477496,Walking
1716477507,Still
1716477518,Walking
1716477525,Still
1716477538,Walking
1716477545,Still
1716477593,Walking
1716477596,Still
1716478563,Walking
1716478566,Still
1716480266,Walking
1716480284,Still
1716481095,Walking
1716481100,Still
1716481147,Walking
1716481150,Still
1716481196,Walking
1716481202,Still
1716481284,Walking
1716481288,Still
1716481328,Walking
1716481331,Still
1716481364,Walking
1716481367,Still
1716481398,Walking
1716481402,Still
1716481427,Walking
1716481440,Still
1716481466,Walking
1716481468,Still
1716481480,Walking
1716481489,Still
1716481494,Walking
1716481499,Still
1716481518,Walking
1716481520,Still
1716481525,Walking
1716481529,Still
1716481766,Walking
1716481780,Still
1716481785,Walking
1716481788,Still
1716482051,Walking
1716482056,Still
1716482060,Walking
1716482063,Still
1716482099,Walking
1716482104,Still
1716482192,Walking
1716482197,Still
1716482230,Walking
1716482235,Still
1716482252,Walking
1716482254,Running
1716482256,Running
1716482256,Walking
1716482257,Walking
1716482263,Still
1716482277,Walking
1716482300,Still
1716482312,Walking
1716482316,Still
1716482322,Walking
1716482325,Still
1716482360,Walking
1716482362,Still
1716482430,Walking
1716482435,Still
1716482457,Walking
1716482472,Still
1716482593,Walking
1716482596,Still
1716482603,Walking
1716482611,Still
1716482651,Walking
1716482657,Still
1716482744,Walking
1716482754,Still
1716482760,Walking
1716482770,Still
1716482857,Walking
1716482860,Still
1716482865,Walking
1716482870,Still
1716482876,Walking
1716482878,Still
1716483159,Walking
1716483162,Still
1716483168,Walking
1716483173,Still
1716483474,Walking
1716483478,Still
1716483512,Walking
1716483519,Still
1716483548,Walking
1716483550,Still
1716483555,Walking
1716483560,Still
1716483658,Walking
1716483661,Still
1716483683,Walking
1716483694,Still
1716483699,Walking
1716483701,Still
1716484218,Walking
1716484220,Still
1716484225,Walking
1716484231,Still
1716484701,Walking
1716484704,Still
1716485601,Running
1716485602,Walking
1716485602,Running
1716485602,Walking
1716485604,Running
1716485606,Walking
1716485608,Still
1716485648,Walking
1716485651,Still
1716485751,Walking
1716485753,Still
1716485763,Walking
1716485775,Still
1716485847,Walking
1716485853,Still
1716485908,Walking
1716485914,Still
1716485921,Walking
1716485933,Still
1716485937,Walking
1716485949,Still
1716485953,Walking
1716485968,Still
1716486044,Walking
1716486047,Still
1716486071,Walking
1716486073,Still
1716486221,Walking
1716486224,Still
1716486424,Walking
1716486428,Still
1716486467,Walking
1716486470,Still
1716486576,Walking
1716486579,Still
1716486609,Walking
1716486612,Still
1716486704,Walking
1716486707,Still
1716486712,Walking
1716486721,Still
1716486882,Walking
1716486885,Still
1716486905,Walking
1716486909,Still
1716487019,Walking
1716487022,Still
1716487109,Walking
1716487113,Still
1716487125,Walking
1716487131,Still
1716487179,Walking
1716487187,Still
1716487191,Walking
1716487200,Running
1716487200,Walking
1716487238,Still
1716487242,Walking
1716487244,Still
1716487261,Walking
1716487268,Still
1716487301,Walking
1716487304,Still
1716487309,Walking
1716487313,Still
1716487335,Walking
1716487350,Still
1716487354,Walking
1716487357,Still
1716487367,Walking
1716487371,Still
1716487382,Walking
1716487388,Still
1716487395,Walking
1716487400,Still
1716487405,Walking
1716487408,Still
1716487419,Walking
1716487422,Still
1716487429,Walking
1716487431,Still
1716487459,Walking
1716487470,Still
1716487475,Walking
1716487479,Still
1716487484,Walking
1716487484,Running
1716487485,Running
1716487485,Walking
1716487486,Walking
1716487495,Still
1716487501,Walking
1716487503,Walking
1716487503,Running
1716487505,Running
1716487505,Walking
1716487506,Walking
1716487506,Running
1716487521,Still
1716487560,Walking
1716487565,Still
1716487701,Walking
1716487714,Still
1716487742,Walking
1716487745,Still
1716487757,Walking
1716487766,Still
1716487770,Walking
1716487790,Still
1716487797,Walking
1716487798,Still
1716487844,Walking
1716487845,Still
1716487854,Walking
1716487860,Still
1716487868,Walking
1716487874,Still
1716487936,Walking
1716487938,Still
1716487942,Walking
1716487950,Still
1716487958,Walking
1716487970,Still
1716487975,Walking
1716487984,Still
1716488003,Walking
1716488008,Still
1716488014,Walking
1716488017,Still
1716488021,Walking
1716488081,Still
1716488085,Walking
1716488156,Still
1716488191,Walking
1716488196,Walking
1716488196,Running
1716488236,Still
1716488248,Walking
1716488249,Still
1716488254,Walking
1716488258,Still
1716488411,Walking
1716488418,Still
1716488431,Walking
1716488446,Running
1716488447,Walking
1716488449,Still
1716488454,Walking
1716488471,Still
1716488622,Walking
1716488626,Still
1716488665,Walking
1716488675,Still
1716488711,Walking
1716488743,Still
1716488779,Walking
1716488781,Still
1716488809,Walking
1716488811,Still
1716488847,Walking
1716488860,Still
1716488900,Walking
1716488936,Still
1716488942,Walking
1716488945,Still
1716488950,Walking
1716488958,Running
1716488959,Walking
1716488960,Running
1716488961,Walking
1716489010,Running
1716489010,Walking
1716489118,Running
1716489122,Walking
1716489122,Running
1716489125,Walking
1716489125,Running
1716489126,Walking
1716489126,Running
1716489132,Walking
1716489133,Running
1716489133,Walking
1716489134,Running
1716489137,Running
1716489137,Walking
1716489138,Running
1716489138,Walking
1716489138,Running
1716489138,Walking
1716489139,Walking
1716489139,Walking
1716489139,Running
1716489139,Running
1716489140,Walking
1716489140,Running
1716489140,Running
1716489140,Walking
1716489140,Running
1716489140,Walking
1716489149,Walking
1716489151,Still
1716489154,Running
1716489158,Walking
1716489158,Running
1716489159,Running
1716489159,Walking
1716489159,Walking
1716489159,Running
1716489166,Walking
1716489168,Running
1716489177,Walking
1716489177,Running
1716489178,Running
1716489178,Walking
1716489178,Walking
1716489178,Running
1716489183,Walking
1716489185,Running
1716489200,Walking
1716489201,Walking
1716489201,Running
1716489202,Walking
1716489202,Running
1716489202,Running
1716489202,Walking
1716489203,Running
1716489217,Walking
1716489221,Running
1716489224,Walking
1716489224,Walking
1716489224,Running
1716489225,Running
1716489234,Walking
1716489241,Running
1716489245,Running
1716489245,Walking
1716489254,Walking
1716489260,Running
1716489260,Running
1716489260,Walking
1716489260,Walking
1716489260,Running
1716489275,Walking
1716489275,Walking
1716489275,Running
1716489284,Running
1716489297,Walking
1716489301,Still
1716489306,Walking
1716489337,Still
1716489348,Walking
1716489353,Still
1716489368,Walking
1716489373,Walking
1716489373,Running
1716489373,Running
1716489373,Walking
1716489375,Running
1716489377,Walking
1716489378,Still
1716489382,Walking
1716489400,Still
1716489408,Walking
1716489408,Running
1716489408,Walking
1716489416,Still
1716489420,Walking
1716489420,Running
1716489420,Running
1716489420,Walking
1716489421,Running
1716489421,Walking
1716489422,Walking
1716489429,Running
1716489429,Walking
1716489435,Still
1716489442,Walking
1716489450,Still
1716489481,Walking
1716489487,Running
1716489488,Walking
1716489492,Still
1716489499,Walking
1716489500,Running
1716489501,Walking
1716489505,Walking
1716489505,Running
1716489517,Still
1716489522,Walking
1716489533,Still
1716489544,Walking
1716489546,Still
1716489562,Walking
1716489567,Running
1716489567,Walking
1716489567,Running
1716489569,Walking
1716489569,Running
1716489570,Walking
1716489570,Running
1716489571,Walking
1716489571,Walking
1716489571,Running
1716489571,Running
1716489571,Running
1716489571,Walking
1716489575,Walking
1716489575,Walking
1716489575,Running
1716489575,Running
1716489576,Walking
1716489576,Running
1716489579,Walking
1716489587,Still
1716489595,Walking
1716489600,Running
1716489600,Walking
1716489601,Running
1716489602,Walking
1716489621,Still
1716489628,Walking
1716489637,Running
1716489640,Walking
1716489640,Still
1716489644,Running
1716489645,Walking
1716489650,Running
1716489651,Walking
1716489651,Running
1716489651,Walking
1716489653,Running
1716489655,Walking
1716489656,Running
1716489658,Walking
1716489658,Running
1716489659,Running
1716489659,Walking
1716489661,Still
1716489667,Walking
1716489684,Running
1716489686,Walking
1716489687,Running
1716489688,Walking
1716489689,Running
1716489689,Walking
1716489689,Running
1716489689,Walking
1716489690,Walking
1716489690,Walking
1716489690,Running
1716489690,Running
1716489690,Running
1716489692,Walking
1716489700,Walking
1716489700,Running
1716489705,Running
1716489711,Walking
1716489714,Running
1716489719,Walking
1716489719,Walking
1716489719,Running
1716489737,Running
1716489739,Walking
1716489739,Running
1716489739,Running
1716489739,Walking
1716489743,Walking
1716489748,Running
1716489751,Walking
1716489756,Running
1716489756,Walking
1716489757,Walking
1716489757,Running
1716489767,Running
1716489767,Walking
1716489768,Walking
1716489768,Running
1716489769,Running
1716489775,Running
1716489775,Walking
1716489775,Walking
1716489776,Running
1716489776,Running
1716489776,Walking
1716489776,Running
1716489776,Walking
1716489776,Walking
1716489777,Running
1716489781,Walking
1716489781,Running
1716489784,Walking
1716489786,Running
1716489788,Walking
1716489788,Running
1716489788,Walking
1716489791,Running
1716489794,Walking
1716489809,Running
1716489811,Walking
1716489812,Running
1716489814,Walking
1716489820,Running
1716489821,Running
1716489821,Walking
1716489825,Running
1716489825,Walking
1716489826,Walking
1716489827,Running
1716489833,Running
1716489833,Walking
1716489834,Walking
1716489834,Running
1716489834,Walking
1716489834,Running
1716489835,Running
1716489835,Running
1716489835,Walking
1716489835,Walking
1716489835,Running
1716489835,Walking
1716489836,Walking
1716489836,Running
1716489842,Walking
1716489842,Running
1716489842,Walking
1716489845,Running
1716489846,Walking
1716489847,Running
1716489852,Walking
1716489865,Running
1716489871,Walking
1716489873,Still
1716489879,Walking
1716489882,Running
1716489888,Walking
1716489888,Running
1716489889,Still
1716489889,Running
1716489889,Walking
1716489894,Walking
1716489915,Running
1716489916,Walking
1716489916,Running
1716489917,Walking
1716489917,Walking
1716489917,Running
1716489919,Running
1716489920,Walking
1716489920,Running
1716489922,Running
1716489922,Walking
1716489923,Running
1716489923,Walking
1716489924,Walking
1716489924,Walking
1716489924,Running
1716489925,Running
1716489925,Walking
1716489926,Walking
1716489926,Running
1716489926,Running
1716489929,Walking
1716489930,Running
1716489934,Walking
1716489934,Running
1716489939,Walking
1716489939,Running
1716489940,Running
1716489940,Walking
1716489941,Walking
1716489944,Walking
1716489944,Running
1716489945,Running
1716489948,Walking
1716489960,Running
1716489964,Walking
1716489967,Still
1716489973,Running
1716489973,Running
1716489973,Walking
1716489973,Walking
1716489974,Running
1716489974,Walking
1716489974,Walking
1716489975,Running
1716489976,Still
1716489979,Walking
1716489984,Running
1716489986,Walking
1716489986,Running
1716489989,Running
1716489989,Walking
1716489990,Walking
1716489990,Running
1716489993,Walking
1716489995,Running
1716490006,Walking
1716490009,Still
1716490016,Walking
1716490021,Running
1716490021,Walking
1716490058,Running
1716490060,Walking
1716490062,Running
1716490063,Running
1716490063,Running
1716490063,Walking
1716490063,Walking
1716490063,Walking
1716490064,Running
1716490064,Walking
1716490065,Still
1716490065,Walking
1716490065,Running
1716490068,Walking
1716490068,Running
1716490068,Walking
1716490068,Running
1716490069,Running
1716490071,Running
1716490071,Walking
1716490073,Running
1716490073,Walking
1716490073,Walking
1716490074,Running
1716490074,Walking
1716490074,Walking
1716490074,Running
1716490074,Running
1716490076,Walking
1716490076,Running
1716490076,Walking
1716490076,Running
1716490076,Running
1716490076,Walking
1716490077,Walking
1716490077,Running
1716490077,Running
1716490077,Walking
1716490077,Running
1716490077,Walking
1716490078,Running
1716490078,Walking
1716490078,Walking
1716490078,Walking
1716490078,Walking
1716490078,Running
1716490078,Running
1716490079,Walking
1716490079,Running
1716490079,Running
1716490080,Walking
1716490080,Running
1716490080,Walking
1716490080,Walking
1716490080,Running
1716490080,Walking
1716490080,Running
1716490081,Running
1716490081,Walking
1716490081,Running
1716490082,Running
1716490082,Walking
1716490083,Walking
1716490091,Running
1716490091,Walking
1716490103,Still
1716490117,Running
1716490117,Walking
1716490117,Walking
1716490118,Walking
1716490118,Running
1716490118,Running
1716490119,Walking
1716490120,Running
1716490123,Walking
1716490128,Walking
1716490128,Running
1716490129,Running
1716490132,Walking
1716490134,Still
1716490138,Running
1716490139,Walking
1716490140,Running
1716490140,Walking
1716490140,Walking
1716490140,Running
1716490142,Still
1716490146,Walking
1716490151,Still
1716490165,Walking
1716490167,Still
1716490172,Running
1716490177,Walking
1716490178,Running
1716490178,Walking
1716490178,Walking
1716490178,Running
1716490179,Running
1716490180,Walking
1716490181,Still
1716490190,Walking
1716490202,Running
1716490211,Walking
1716490212,Running
1716490213,Running
1716490213,Walking
1716490220,Walking
1716490232,Running
1716490233,Walking
1716490233,Running
1716490235,Walking
1716490236,Running
1716490238,Walking
1716490243,Still
1716490250,Walking
1716490258,Running
1716490259,Walking
1716490259,Running
1716490259,Walking
1716490260,Running
1716490261,Walking
1716490261,Still
1716490268,Walking
1716490289,Running
1716490290,Walking
1716490290,Running
1716490290,Walking
1716490302,Still
1716490307,Walking
1716490309,Running
1716490309,Walking
1716490312,Running
1716490312,Running
1716490312,Walking
1716490315,Walking
1716490319,Running
1716490319,Walking
1716490336,Still
1716490340,Walking
1716490342,Running
1716490343,Running
1716490343,Walking
1716490348,Walking
1716490350,Walking
1716490350,Running
1716490353,Walking
1716490353,Running
1716490353,Running
1716490355,Walking
1716490355,Walking
1716490355,Running
1716490355,Running
1716490355,Running
1716490355,Walking
1716490355,Walking
1716490355,Running
1716490364,Running
1716490364,Walking
1716490364,Walking
1716490367,Running
1716490367,Walking
1716490370,Running
1716490371,Running
1716490371,Walking
1716490372,Walking
1716490380,Running
1716490390,Walking
1716490401,Still
1716490413,Walking
1716490420,Running
1716490421,Walking
1716490465,Running
1716490466,Walking
1716490466,Walking
1716490466,Running
1716490467,Running
1716490467,Walking
1716490467,Running
1716490468,Walking
1716490468,Walking
1716490468,Running
1716490469,Running
1716490470,Walking
1716490476,Running
1716490476,Walking
1716490476,Running
1716490476,Running
1716490476,Walking
1716490476,Running
1716490476,Walking
1716490476,Running
1716490476,Running
1716490476,Walking
1716490476,Walking
1716490477,Walking
1716490477,Walking
1716490477,Running
1716490477,Running
1716490477,Walking
1716490478,Running
1716490478,Walking
1716490478,Running
1716490479,Running
1716490479,Walking
1716490479,Running
1716490479,Walking
1716490479,Walking
1716490480,Running
1716490480,Walking
1716490480,Running
1716490482,Still
1716490486,Walking
1716490492,Running
1716490493,Walking
1716490493,Running
1716490493,Walking
1716490493,Running
1716490493,Walking
1716490494,Running
1716490494,Walking
1716490494,Running
1716490495,Running
1716490495,Running
1716490495,Walking
1716490495,Walking
1716490496,Running
1716490496,Walking
1716490501,Walking
1716490503,Walking
1716490503,Running
1716490504,Walking
1716490504,Running
1716490504,Running
1716490505,Walking
1716490505,Running
1716490508,Walking
1716490508,Running
1716490509,Walking
1716490510,Running
1716490510,Walking
1716490510,Running
1716490511,Walking
1716490513,Running
1716490513,Walking
1716490513,Running
1716490515,Walking
1716490519,Running
1716490523,Walking
1716490536,Running
1716490537,Walking
1716490540,Walking
1716490540,Running
1716490566,Running
1716490566,Walking
1716490566,Running
1716490569,Walking
1716490569,Running
1716490569,Running
1716490569,Walking
1716490570,Walking
1716490571,Running
1716490572,Walking
1716490572,Running
1716490573,Running
1716490573,Walking
1716490576,Walking
1716490588,Running
1716490588,Walking
1716490589,Running
1716490590,Walking
1716490590,Running
1716490596,Walking
1716490600,Still
1716490606,Walking
1716490615,Still
1716490619,Running
1716490620,Walking
1716490623,Running
1716490634,Walking
1716490634,Running
1716490634,Walking
1716490649,Running
1716490651,Walking
1716490652,Running
1716490657,Walking
1716490657,Running
1716490659,Walking
1716490659,Walking
1716490659,Running
1716490681,Walking
1716490681,Running
1716490681,Running
1716490683,Running
1716490683,Walking
1716490683,Walking
1716490684,Running
1716490684,Walking
1716490684,Still
1716490684,Running
1716490688,Walking
1716490693,Still
1716490698,Walking
1716490698,Running
1716490702,Walking
1716490702,Running
1716490703,Walking
1716490744,Walking
1716490744,Running
1716490744,Running
1716490745,Running
1716490745,Walking
1716490746,Walking
1716490746,Running
1716490747,Walking
1716490748,Running
1716490750,Walking
1716490754,Still
1716490769,Walking
1716490775,Still
1716490780,Walking
1716490786,Running
1716490786,Walking
1716490789,Still
1716490792,Walking
1716490793,Running
1716490793,Walking
1716490793,Running
1716490794,Running
1716490794,Walking
1716490795,Walking
1716490795,Running
1716490796,Running
1716490796,Walking
1716490801,Walking
1716490814,Still
1716490818,Walking
1716490828,Running
1716490831,Walking
1716490840,Running
1716490841,Walking
1716490841,Running
1716490844,Walking
1716490858,Still
1716490874,Walking
1716490875,Running
1716490875,Walking
1716490882,Running
1716490882,Walking
1716490882,Running
1716490882,Walking
1716490883,Running
1716490884,Walking
1716490888,Running
1716490893,Walking
1716490893,Running
1716490894,Walking
1716490894,Walking
1716490894,Running
1716490897,Walking
1716490897,Running
1716490904,Running
1716490904,Running
1716490904,Walking
1716490907,Running
1716490907,Walking
1716490916,Walking
1716490916,Walking
1716490916,Running
1716490917,Running
1716490919,Walking
1716490919,Walking
1716490919,Running
1716490920,Running
1716490921,Walking
1716490947,Walking
1716490947,Running
1716490949,Still
1716490955,Running
1716490962,Walking
1716490967,Running
1716490974,Walking
1716490976,Running
1716490979,Running
1716490979,Running
1716490979,Walking
1716490979,Walking
1716490982,Walking
1716490983,Still
1716490988,Walking
1716490995,Walking
1716490995,Running
1716490995,Running
1716490996,Walking
1716490996,Running
1716490997,Running
1716490997,Walking
1716490997,Walking
1716490997,Walking
1716490997,Walking
1716490997,Running
1716490997,Running
1716490998,Running
1716490998,Walking
1716490998,Running
1716490999,Running
1716490999,Walking
1716490999,Walking
1716491000,Walking
1716491000,Running
1716491000,Walking
1716491000,Running
1716491000,Running
1716491001,Walking
1716491001,Running
1716491001,Walking
1716491001,Running
1716491001,Running
1716491001,Walking
1716491002,Running
1716491002,Walking
1716491003,Still
1716491007,Walking
1716491007,Running
1716491012,Walking
1716491023,Running
1716491033,Walking
1716491034,Running
1716491041,Walking
1716491075,Running
1716491075,Running
1716491075,Walking
1716491078,Walking
1716491078,Running
1716491078,Walking
1716491079,Walking
1716491079,Running
1716491079,Running
1716491081,Running
1716491081,Walking
1716491081,Walking
1716491081,Running
1716491081,Walking
1716491082,Walking
1716491082,Running
1716491082,Running
1716491082,Walking
1716491082,Running
1716491082,Running
1716491082,Walking
1716491082,Walking
1716491083,Running
1716491083,Running
1716491083,Walking
1716491083,Walking
1716491084,Still
1716491084,Running
1716491089,Running
1716491092,Walking
1716491099,Running
1716491099,Walking
1716491104,Running
1716491107,Walking
1716491119,Running
1716491120,Walking
1716491120,Running
1716491122,Walking
1716491125,Running
1716491127,Running
1716491127,Walking
1716491129,Walking
1716491129,Walking
1716491129,Running
1716491129,Running
1716491130,Walking
1716491130,Running
1716491133,Walking
1716491135,Running
1716491135,Running
1716491135,Walking
1716491139,Walking
1716491158,Walking
1716491158,Running
1716491158,Running
1716491159,Walking
1716491160,Running
1716491165,Running
1716491165,Walking
1716491170,Walking
1716491175,Running
1716491180,Walking
1716491180,Walking
1716491180,Running
1716491185,Running
1716491186,Walking
1716491188,Still
1716491193,Walking
1716491209,Running
1716491209,Walking
1716491211,Running
1716491211,Walking
1716491219,Still
1716491225,Walking
1716491231,Still
1716491234,Running
1716491235,Walking
1716491236,Running
1716491236,Walking
1716491257,Walking
1716491257,Running
1716491258,Running
1716491259,Walking
1716491259,Walking
1716491259,Running
1716491263,Running
1716491265,Walking
1716491273,Running
1716491273,Walking
1716491274,Running
1716491274,Walking
1716491274,Running
1716491274,Walking
1716491292,Running
1716491292,Walking
1716491292,Walking
1716491292,Running
1716491296,Running
1716491297,Walking
1716491298,Running
1716491298,Running
1716491298,Walking
1716491302,Walking
1716491302,Still
1716491307,Walking
1716491312,Walking
1716491312,Running
1716491316,Running
1716491317,Walking
1716491319,Walking
1716491319,Running
1716491320,Walking
1716491320,Running
1716491323,Running
1716491324,Walking
1716491329,Running
1716491330,Walking
1716491331,Walking
1716491331,Running
1716491331,Walking
1716491331,Running
1716491332,Running
1716491334,Walking
1716491349,Still
1716491354,Walking
1716491362,Running
1716491364,Walking
1716491364,Running
1716491366,Walking
1716491368,Walking
1716491368,Running
1716491369,Running
1716491369,Running
1716491369,Walking
1716491369,Walking
1716491370,Walking
1716491370,Running
1716491370,Running
1716491371,Running
1716491371,Walking
1716491373,Walking
1716491382,Still
1716491385,Running
1716491388,Walking
1716491405,Still
1716491411,Walking
1716491414,Walking
1716491414,Running
1716491415,Running
1716491417,Walking
1716491422,Walking
1716491422,Running
1716491433,Running
1716491437,Walking
1716491448,Running
1716491449,Running
1716491449,Walking
1716491450,Walking
1716491451,Running
1716491452,Walking
1716491452,Running
1716491452,Running
1716491452,Walking
1716491453,Running
1716491453,Walking
1716491455,Walking
1716491455,Still
1716491459,Walking
1716491467,Running
1716491467,Walking
1716491467,Running
1716491467,Running
1716491467,Walking
1716491467,Walking
1716491467,Running
1716491468,Walking
1716491468,Walking
1716491468,Running
1716491469,Running
1716491470,Running
1716491470,Running
1716491470,Walking
1716491470,Running
1716491470,Walking
1716491470,Walking
1716491470,Walking
1716491471,Running
1716491471,Walking
1716491471,Running
1716491471,Walking
1716491472,Walking
1716491472,Running
1716491472,Walking
1716491472,Running
1716491472,Running
1716491474,Walking
1716491478,Still
1716491482,Running
1716491485,Walking
1716491486,Running
1716491486,Running
1716491486,Walking
1716491489,Walking
1716491492,Still
1716491500,Walking
1716491506,Still
1716491511,Walking
1716491515,Running
1716491518,Walking
1716491530,Running
1716491530,Walking
1716491535,Still
1716491540,Walking
1716491546,Still
1716491558,Walking
1716491559,Running
1716491559,Running
1716491559,Walking
1716491559,Running
1716491559,Walking
1716491561,Running
1716491561,Walking
1716491561,Running
1716491561,Walking
1716491562,Running
1716491562,Walking
1716491563,Walking
1716491563,Running
1716491564,Still
1716491567,Running
1716491568,Walking
1716491592,Walking
1716491592,Running
1716491595,Running
1716491596,Running
1716491596,Walking
1716491599,Still
1716491613,Walking
1716491616,Running
1716491616,Walking
1716491617,Walking
1716491617,Running
1716491619,Still
1716491651,Running
1716491652,Walking
1716491688,Running
1716491688,Running
1716491688,Walking
1716491689,Walking
1716491701,Running
1716491702,Walking
1716491703,Walking
1716491703,Running
1716491704,Running
1716491705,Walking
1716491708,Still
1716491712,Walking
1716491713,Running
1716491717,Walking
1716491718,Walking
1716491718,Running
1716491718,Running
1716491718,Running
1716491718,Walking
1716491720,Running
1716491720,Walking
1716491720,Walking
1716491720,Running
1716491720,Walking
1716491720,Running
1716491721,Walking
1716491721,Running
1716491721,Running
1716491721,Walking
1716491722,Walking
1716491722,Running
1716491722,Walking
1716491723,Walking
1716491723,Running
1716491724,Running
1716491726,Walking
1716491742,Still
1716491749,Walking
1716491761,Still
1716491768,Walking
1716491793,Still
1716491797,Walking
1716491808,Still
1716491818,Walking
1716491981,Still
1716492031,Walking
1716492036,Still
1716492041,Walking
1716492045,Still
1716492052,Walking
1716492066,Still
1716492071,Walking
1716492097,Still
1716492518,Walking
1716492520,Still
1716493252,Walking
1716493267,Still
1716493276,Walking
1716493317,Running
1716493317,Walking
1716493326,Still
1716493339,Walking
1716493340,Still
1716493346,Walking
1716493375,Running
1716493375,Walking
1716493375,Running
1716493376,Walking
1716493379,Still
1716493383,Walking
1716493524,Still
1716493535,Walking
1716493544,Still
1716493568,Walking
1716493584,Still
1716493595,Walking
1716493603,Still
1716493629,Walking
1716493638,Still
1716493661,Walking
1716493664,Still
1716493669,Walking
1716493680,Still
1716493723,Walking
1716493732,Still
1716493780,Walking
1716493796,Still
1716494095,Walking
1716494099,Still
1716494647,Walking
1716494657,Still
1716494675,Walking
1716494679,Still
1716494684,Walking
1716494692,Still
1716494704,Walking
1716494710,Still
1716494715,Walking
1716494717,Running
1716494717,Walking
1716494719,Still
1716494744,Walking
1716494759,Still
1716494787,Walking
1716494794,Still
1716494803,Walking
1716494806,Still
1716494812,Walking
1716494819,Still
1716494830,Walking
1716494834,Still
1716494846,Walking
1716494848,Running
1716494848,Walking
1716494851,Still
1716494857,Walking
1716494862,Still
1716495674,Walking
1716495679,Still
1716495764,Walking
1716495767,Still
1716496827,Walking
1716496836,Still
1716497132,Walking
1716497134,Still
1716497724,Walking
1716497751,Still
1716497790,Walking
1716497795,Still
1716498064,Walking
1716498069,Still
1716498260,Walking
1716498264,Still
1716498488,Walking
1716498497,Still
1716498522,Walking
1716498527,Still
1716498567,Walking
1716498573,Still
1716498596,Walking
1716498602,Still
1716498617,Walking
1716498618,Still
1716498633,Walking
1716498636,Still
1716498647,Walking
1716498651,Still
1716499458,Walking
1716499461,Still
1716499925,Walking
1716499928,Still
1716500211,Walking
1716500234,Still
1716500376,Walking
1716500379,Still
1716500939,Running
1716500939,Walking
1716500940,Walking
1716500943,Still
1716501032,Walking
1716501041,Still
1716501044,Walking
1716501050,Still
1716501065,Walking
1716501073,Still
1716503962,Walking
1716503965,Still
1716503972,Walking
1716503980,Still
1716504577,Walking
1716504582,Still
1716504684,Walking
1716504694,Still
1716504723,Walking
1716504728,Still
1716504771,Walking
1716504776,Still
1716504814,Walking
1716504819,Still
1716504832,Walking
1716504839,Walking
1716504839,Running
1716504856,Still
1716504881,Walking
1716504900,Still
1716504987,Walking
1716504999,Still
1716505115,Walking
1716505121,Still
1716505136,Walking
1716505140,Still
1716505149,Walking
1716505158,Still
1716505164,Walking
1716505171,Still
1716505179,Walking
1716505183,Still
1716505214,Walking
1716505217,Still
1716505251,Walking
1716505255,Still
1716505285,Walking
1716505287,Still
1716505471,Walking
1716505474,Still
1716505479,Walking
1716505480,Running
1716505480,Walking
1716505488,Still
1716505697,Walking
1716505700,Still
1716524146,Walking
1716524151,Still
1716526923,Walking
1716526929,Still
1716526941,Walking
1716526947,Still
1716526960,Walking
1716526967,Still
1716526991,Walking
1716526993,Still
1716526997,Walking
1716527010,Still
1716527069,Walking
1716527079,Still
1716527091,Walking
1716527095,Still
1716527102,Walking
1716527114,Still
1716527129,Walking
1716527133,Still
1716527141,Walking
1716527153,Still
1716527158,Walking
1716527161,Still
1716527169,Walking
1716527175,Still
1716527243,Walking
1716527255,Still
1716527270,Walking
1716527274,Still
1716527307,Walking
1716527309,Still
1716527352,Walking
1716527355,Still
1716527385,Running
1716527385,Walking
1716527385,Walking
1716527405,Still
1716527418,Walking
1716527436,Still
1716527458,Walking
1716527476,Still
1716527482,Walking
1716527490,Still
1716527495,Walking
1716527498,Still
1716527522,Walking
1716527525,Still
1716527530,Walking
1716527533,Still
1716527544,Walking
1716527564,Still
1716527574,Walking
1716527591,Still
1716527600,Running
1716527600,Walking
1716527608,Running
1716527609,Walking
1716527610,Walking
1716527610,Running
1716527610,Walking
1716527610,Running
1716527610,Running
1716527610,Walking
1716527610,Running
1716527611,Running
1716527611,Walking
1716527611,Walking
1716527611,Running
1716527611,Walking
1716527615,Still
1716527623,Walking
1716527653,Still
1716527661,Walking
1716527709,Still
1716527713,Walking
1716527725,Still
1716527730,Walking
1716527733,Still
1716527736,Walking
1716527743,Running
1716527743,Walking
1716527743,Running
1716527743,Walking
1716527755,Running
1716527755,Walking
1716527757,Still
1716527766,Walking
1716527784,Still
1716527803,Walking
1716527806,Still
1716527811,Walking
1716527818,Still
1716527823,Walking
1716527825,Running
1716527825,Walking
1716527826,Running
1716527826,Running
1716527826,Walking
1716527827,Walking
1716527827,Running
1716527828,Walking
1716527828,Running
1716527833,Walking
1716527835,Still
1716527851,Walking
1716527851,Walking
1716527851,Running
1716527853,Running
1716527854,Running
1716527854,Walking
1716527855,Walking
1716527857,Still
1716527861,Walking
1716527914,Still
1716527917,Running
1716527917,Walking
1716527917,Running
1716527917,Walking
1716527918,Running
1716527918,Running
1716527918,Walking
1716527918,Running
1716527918,Walking
1716527918,Walking
1716527919,Walking
1716527919,Running
1716527919,Walking
1716527919,Running
1716527919,Running
1716527920,Walking
1716527920,Running
1716527920,Walking
1716527920,Walking
1716527920,Running
1716527920,Running
1716527921,Walking
1716527921,Running
1716527921,Running
1716527921,Walking
1716527921,Running
1716527921,Walking
1716527922,Walking
1716527922,Walking
1716527922,Running
1716527936,Still
1716527948,Running
1716527948,Walking
1716527948,Running
1716527948,Walking
1716527948,Running
1716527948,Walking
1716527949,Walking
1716527949,Running
1716527951,Walking
1716527953,Still
1716527957,Walking
1716527995,Still
1716528016,Running
1716528030,Running
1716528030,Walking
1716528030,Walking
1716528031,Running
1716528031,Running
1716528031,Walking
1716528031,Walking
1716528031,Walking
1716528031,Running
1716528031,Running
1716528031,Walking
1716528031,Running
1716528032,Walking
1716528032,Running
1716528032,Running
1716528032,Walking
1716528032,Running
1716528032,Walking
1716528033,Walking
1716528036,Still
1716528057,Walking
1716528057,Running
1716528072,Walking
1716528072,Walking
1716528072,Running
1716528073,Running
1716528088,Walking
1716528088,Walking
1716528088,Running
1716528088,Running
1716528088,Walking
1716528088,Running
1716528089,Walking
1716528089,Running
1716528089,Walking
1716528089,Running
1716528098,Walking
1716528105,Still
1716528130,Walking
1716528134,Running
1716528141,Walking
1716528144,Running
1716528144,Walking
1716528144,Running
1716528146,Running
1716528146,Walking
1716528147,Walking
1716528148,Running
1716528149,Running
1716528149,Walking
1716528153,Walking
1716528155,Running
1716528170,Walking
1716528171,Still
1716528176,Running
1716528179,Walking
1716528181,Running
1716528182,Running
1716528182,Walking
1716528189,Running
1716528189,Walking
1716528189,Running
1716528189,Walking
1716528190,Walking
1716528192,Running
1716528196,Walking
1716528196,Running
1716528227,Walking
1716528228,Running
1716528228,Walking
1716528228,Walking
1716528228,Running
1716528228,Running
1716528228,Walking
1716528228,Running
1716528228,Walking
1716528229,Running
1716528229,Running
1716528229,Walking
1716528230,Walking
1716528236,Walking
1716528236,Running
1716528236,Running
1716528236,Walking
1716528237,Walking
1716528237,Walking
1716528237,Running
1716528237,Running
1716528237,Running
1716528237,Walking
1716528240,Running
1716528241,Running
1716528241,Walking
1716528241,Running
1716528241,Walking
1716528241,Running
1716528241,Walking
1716528242,Running
1716528242,Running
1716528242,Walking
1716528242,Walking
1716528242,Walking
1716528243,Running
1716528243,Running
1716528243,Walking
1716528244,Walking
1716528244,Running
1716528244,Walking
1716528244,Running
1716528245,Walking
1716528245,Running
1716528246,Walking
1716528246,Running
1716528248,Running
1716528248,Walking
1716528248,Walking
1716528249,Walking
1716528249,Running
1716528249,Running
1716528251,Running
1716528251,Walking
1716528254,Walking
1716528255,Walking
1716528255,Running
1716528256,Running
1716528256,Walking
1716528257,Running
1716528258,Running
1716528258,Running
1716528258,Walking
1716528258,Walking
1716528259,Walking
1716528260,Walking
1716528260,Running
1716528262,Running
1716528263,Walking
1716528263,Running
1716528263,Walking
1716528263,Running
1716528264,Walking
1716528267,Walking
1716528267,Running
1716528268,Running
1716528268,Walking
1716528271,Running
1716528283,Running
1716528283,Walking
1716528285,Running
1716528285,Walking
1716528285,Walking
1716528285,Running
1716528285,Walking
1716528285,Running
1716528286,Walking
1716528287,Running
1716528287,Walking
1716528287,Running
1716528290,Running
1716528290,Walking
1716528293,Walking
1716528294,Running
1716528294,Walking
1716528294,Running
1716528294,Walking
1716528294,Running
1716528294,Walking
1716528295,Running
1716528297,Running
1716528297,Walking
1716528300,Walking
1716528300,Running
1716528300,Walking
1716528300,Running
1716528300,Walking
1716528300,Running
1716528302,Walking
1716528303,Running
1716528304,Running
1716528304,Walking
1716528305,Walking
1716528305,Running
1716528305,Running
1716528305,Walking
1716528306,Walking
1716528306,Running
1716528307,Walking
1716528308,Running
1716528308,Running
1716528308,Walking
1716528310,Walking
1716528311,Running
1716528312,Walking
1716528313,Running
1716528313,Walking
1716528313,Running
1716528313,Walking
1716528313,Running
1716528321,Walking
1716528321,Running
1716528321,Walking
1716528329,Walking
1716528329,Running
1716528336,Running
1716528338,Walking
1716528341,Running
1716528357,Running
1716528357,Walking
1716528357,Walking
1716528358,Running
1716528359,Running
1716528359,Walking
1716528364,Walking
1716528365,Walking
1716528365,Running
1716528366,Running
1716528366,Walking
1716528367,Running
1716528367,Walking
1716528367,Running
1716528370,Running
1716528370,Running
1716528370,Walking
1716528370,Walking
1716528378,Walking
1716528380,Running
1716528380,Walking
1716528381,Running
1716528381,Running
1716528381,Walking
1716528383,Walking
1716528383,Running
1716528383,Running
1716528383,Walking
1716528383,Running
1716528383,Walking
1716528384,Running
1716528384,Walking
1716528396,Running
1716528396,Walking
1716528402,Running
1716528402,Running
1716528402,Running
1716528402,Walking
1716528402,Walking
1716528402,Walking
1716528406,Walking
1716528406,Running
1716528406,Walking
1716528406,Running
1716528406,Running
1716528406,Walking
1716528406,Walking
1716528407,Running
1716528407,Walking
1716528407,Running
1716528407,Running
1716528407,Walking
1716528407,Walking
1716528407,Running
1716528407,Walking
1716528408,Running
1716528408,Walking
1716528408,Running
1716528408,Walking
1716528408,Running
1716528408,Walking
1716528408,Running
1716528409,Walking
1716528409,Running
1716528414,Walking
1716528417,Walking
1716528417,Running
1716528418,Walking
1716528418,Running
1716528418,Running
1716528419,Running
1716528419,Running
1716528419,Walking
1716528419,Running
1716528419,Walking
1716528419,Walking
1716528420,Walking
1716528428,Running
1716528428,Walking
1716528429,Running
1716528429,Walking
1716528429,Running
1716528430,Walking
1716528430,Walking
1716528430,Walking
1716528430,Running
1716528430,Running
1716528430,Running
1716528431,Walking
1716528433,Running
1716528433,Running
1716528433,Walking
1716528433,Walking
1716528433,Running
1716528434,Running
1716528434,Running
1716528434,Walking
1716528434,Walking
1716528440,Walking
1716528440,Running
1716528449,Walking
1716528449,Running
1716528449,Running
1716528449,Walking
1716528459,Walking
1716528459,Running
1716528459,Running
1716528459,Walking
1716528464,Running
1716528464,Walking
1716528465,Running
1716528465,Walking
1716528465,Running
1716528465,Walking
1716528468,Walking
1716528469,Running
1716528470,Walking
1716528472,Running
1716528472,Walking
1716528473,Walking
1716528473,Running
1716528473,Walking
1716528473,Running
1716528473,Running
1716528474,Running
1716528474,Walking
1716528475,Running
1716528475,Walking
1716528478,Running
1716528478,Walking
1716528478,Running
1716528478,Walking
1716528479,Walking
1716528479,Running
1716528479,Running
1716528479,Walking
1716528480,Running
1716528480,Walking
1716528480,Walking
1716528480,Walking
1716528480,Running
1716528481,Walking
1716528481,Running
1716528483,Walking
1716528483,Running
1716528489,Running
1716528490,Walking
1716528496,Running
1716528497,Walking
1716528500,Walking
1716528500,Running
1716528501,Running
1716528501,Walking
1716528501,Running
1716528502,Walking
1716528503,Running
1716528503,Walking
1716528504,Running
1716528504,Walking
1716528508,Running
1716528508,Walking
1716528519,Running
1716528519,Walking
1716528520,Running
1716528520,Walking
1716528527,Walking
1716528527,Running
1716528530,Walking
1716528530,Running
1716528532,Walking
1716528532,Running
1716528533,Walking
1716528533,Running
1716528534,Running
1716528535,Walking
1716528536,Walking
1716528536,Running
1716528540,Running
1716528566,Walking
1716528568,Running
1716528568,Walking
1716528568,Running
1716528569,Running
1716528569,Walking
1716528569,Walking
1716528569,Running
1716528569,Walking
1716528570,Walking
1716528570,Running
1716528570,Running
1716528577,Walking
1716528579,Running
1716528579,Walking
1716528582,Running
1716528582,Walking
1716528583,Running
1716528583,Walking
1716528584,Running
1716528585,Walking
1716528586,Running
1716528586,Walking
1716528589,Walking
1716528589,Running
1716528590,Running
1716528591,Walking
1716528592,Walking
1716528592,Running
1716528595,Running
1716528596,Walking
1716528598,Walking
1716528598,Running
1716528603,Running
1716528603,Walking
1716528604,Walking
1716528604,Running
1716528605,Running
1716528606,Walking
1716528607,Walking
1716528607,Running
1716528608,Walking
1716528608,Running
1716528608,Walking
1716528608,Running
1716528610,Running
1716528612,Walking
1716528614,Still
1716528617,Running
1716528630,Walking
1716528631,Walking
1716528631,Running
1716528631,Running
1716528632,Running
1716528632,Walking
1716528632,Walking
1716528632,Running
1716528632,Walking
1716528635,Running
1716528635,Walking
1716528635,Running
1716528642,Running
1716528642,Running
1716528642,Walking
1716528642,Walking
1716528643,Running
1716528643,Walking
1716528645,Walking
1716528645,Walking
1716528645,Walking
1716528645,Running
1716528645,Running
1716528645,Running
1716528645,Running
1716528645,Walking
1716528645,Walking
1716528645,Running
1716528646,Walking
1716528646,Running
1716528646,Running
1716528646,Running
1716528646,Walking
1716528646,Walking
1716528647,Walking
1716528647,Running
1716528647,Walking
1716528647,Running
1716528654,Walking
1716528655,Running
1716528657,Walking
1716528676,Running
1716528676,Walking
1716528678,Walking
1716528678,Running
1716528683,Running
1716528683,Walking
1716528683,Running
1716528683,Walking
1716528683,Walking
1716528683,Running
1716528689,Running
1716528690,Walking
1716528690,Running
1716528691,Walking
1716528691,Walking
1716528691,Running
1716528693,Running
1716528693,Walking
1716528694,Running
1716528694,Walking
1716528695,Running
1716528715,Running
1716528715,Walking
1716528715,Walking
1716528716,Running
1716528716,Walking
1716528716,Running
1716528722,Walking
1716528723,Still
1716528735,Walking
1716528740,Still
1716528744,Walking
1716528744,Running
1716528744,Running
1716528745,Walking
1716528746,Running
1716528747,Walking
1716528748,Running
1716528760,Running
1716528760,Walking
1716528761,Walking
1716528761,Running
1716528761,Running
1716528761,Walking
1716528762,Running
1716528762,Walking
1716528764,Running
1716528764,Walking
1716528770,Walking
1716528773,Running
1716528773,Walking
1716528779,Running
1716528779,Running
1716528779,Walking
1716528780,Walking
1716528780,Running
1716528781,Running
1716528781,Walking
1716528781,Running
1716528781,Walking
1716528787,Walking
1716528791,Still
1716528799,Running
1716528803,Walking
1716528804,Walking
1716528804,Running
1716528805,Running
1716528805,Running
1716528805,Running
1716528805,Walking
1716528805,Running
1716528805,Walking
1716528805,Walking
1716528806,Running
1716528806,Running
1716528806,Walking
1716528806,Walking
1716528806,Running
1716528806,Walking
1716528808,Running
1716528808,Walking
1716528808,Walking
1716528808,Walking
1716528808,Running
1716528809,Walking
1716528809,Running
1716528809,Running
1716528811,Running
1716528811,Walking
1716528814,Walking
1716528815,Running
1716528816,Walking
1716528819,Walking
1716528819,Walking
1716528819,Running
1716528819,Running
1716528820,Running
1716528821,Walking
1716528823,Walking
1716528823,Running
1716528824,Running
1716528824,Walking
1716528845,Walking
1716528845,Running
1716528845,Running
1716528852,Walking
1716528855,Running
1716528857,Walking
1716528858,Walking
1716528858,Running
1716528858,Running
1716528863,Walking
1716528864,Walking
1716528864,Running
1716528864,Running
1716528866,Walking
1716528867,Running
1716528867,Walking
1716528867,Running
1716528871,Running
1716528871,Walking
1716528872,Running
1716528872,Walking
1716528872,Walking
1716528872,Walking
1716528872,Running
1716528873,Running
1716528873,Running
1716528873,Walking
1716528876,Walking
1716528876,Running
1716528877,Running
1716528877,Walking
1716528879,Walking
1716528879,Running
1716528879,Running
1716528879,Walking
1716528879,Walking
1716528880,Walking
1716528880,Running
1716528880,Walking
1716528880,Running
1716528880,Running
1716528881,Walking
1716528881,Running
1716528882,Running
1716528882,Walking
1716528882,Walking
1716528883,Running
1716528883,Running
1716528883,Walking
1716528883,Walking
1716528887,Running
1716528887,Running
1716528887,Walking
1716528892,Walking
1716528892,Running
1716528892,Walking
1716528893,Running
1716528893,Running
1716528893,Running
1716528893,Walking
1716528893,Running
1716528893,Walking
1716528893,Walking
1716528894,Walking
1716528894,Running
1716528897,Running
1716528897,Running
1716528897,Walking
1716528897,Walking
1716528897,Running
1716528897,Walking
1716528898,Walking
1716528898,Running
1716528899,Running
1716528899,Walking
1716528900,Walking
1716528901,Walking
1716528901,Running
1716528901,Running
1716528902,Running
1716528902,Walking
1716528910,Walking
1716528910,Running
1716528911,Running
1716528911,Walking
1716528911,Walking
1716528911,Running
1716528911,Walking
1716528911,Running
1716528922,Walking
1716528922,Running
1716528928,Walking
1716528928,Running
1716528928,Walking
1716528928,Running
1716528929,Walking
1716528929,Running
1716528929,Running
1716528929,Walking
1716528932,Walking
1716528937,Walking
1716528937,Walking
1716528937,Running
1716528937,Running
1716528987,Running
1716528987,Walking
1716528987,Running
1716529005,Walking
1716529006,Running
1716529006,Walking
1716529007,Running
1716529013,Walking
1716529014,Running
1716529015,Walking
1716529015,Running
1716529016,Running
1716529016,Walking
1716529022,Walking
1716529022,Running
1716529022,Walking
1716529047,Running
1716529047,Walking
1716529048,Running
1716529048,Walking
1716529049,Walking
1716529049,Running
1716529049,Running
1716529049,Walking
1716529052,Walking
1716529052,Running
1716529053,Walking
1716529053,Running
1716529055,Running
1716529055,Walking
1716529057,Running
1716529057,Walking
1716529073,Walking
1716529073,Running
1716529074,Still
1716529076,Running
1716529089,Walking
1716529090,Running
1716529099,Walking
1716529099,Running
1716529100,Running
1716529100,Walking
1716529100,Running
1716529100,Walking
1716529101,Running
1716529101,Walking
1716529123,Walking
1716529124,Running
1716529124,Walking
1716529127,Walking
1716529127,Running
1716529129,Walking
1716529129,Walking
1716529129,Running
1716529129,Running
1716529133,Running
1716529133,Walking
1716529140,Walking
1716529140,Running
1716529155,Running
1716529155,Walking
1716529155,Running
1716529156,Walking
1716529158,Running
1716529158,Walking
1716529166,Running
1716529166,Walking
1716529176,Running
1716529184,Walking
1716529184,Running
1716529184,Walking
1716529185,Running
1716529185,Walking
1716529185,Running
1716529189,Running
1716529189,Walking
1716529190,Running
1716529190,Walking
1716529216,Walking
1716529222,Walking
1716529222,Running
1716529227,Walking
1716529227,Running
1716529239,Running
1716529240,Walking
1716529242,Running
1716529242,Walking
1716529254,Running
1716529254,Walking
1716529255,Walking
1716529255,Running
1716529255,Running
1716529260,Running
1716529260,Walking
1716529261,Walking
1716529261,Running
1716529262,Walking
1716529263,Running
1716529264,Walking
1716529266,Running
1716529266,Running
1716529266,Walking
1716529267,Running
1716529267,Walking
1716529267,Running
1716529267,Walking
1716529268,Running
1716529268,Running
1716529268,Walking
1716529268,Running
1716529268,Walking
1716529268,Walking
1716529268,Walking
1716529269,Running
1716529270,Running
1716529270,Walking
1716529271,Running
1716529271,Walking
1716529271,Running
1716529271,Walking
1716529294,Walking
1716529295,Running
1716529296,Walking
1716529297,Walking
1716529297,Running
1716529297,Running
1716529299,Walking
1716529300,Walking
1716529300,Running
1716529301,Running
1716529309,Walking
1716529319,Running
1716529319,Walking
1716529319,Walking
1716529319,Running
1716529332,Running
1716529333,Walking
1716529334,Running
1716529334,Walking
1716529336,Running
1716529336,Running
1716529336,Walking
1716529337,Walking
1716529344,Running
1716529344,Running
1716529344,Walking
1716529344,Walking
1716529345,Running
1716529346,Walking
1716529347,Running
1716529347,Running
1716529347,Walking
1716529347,Walking
1716529352,Walking
1716529352,Running
1716529353,Walking
1716529353,Running
1716529354,Running
1716529375,Running
1716529375,Walking
1716529375,Running
1716529375,Walking
1716529376,Walking
1716529376,Running
1716529380,Walking
1716529381,Running
1716529401,Walking
1716529402,Running
1716529402,Walking
1716529402,Running
1716529402,Walking
1716529402,Running
1716529407,Walking
1716529411,Running
1716529411,Walking
1716529412,Running
1716529412,Walking
1716529413,Walking
1716529413,Walking
1716529413,Running
1716529413,Running
1716529420,Walking
1716529420,Running
1716529424,Walking
1716529424,Running
1716529425,Walking
1716529425,Running
1716529432,Running
1716529432,Walking
1716529434,Running
1716529434,Running
1716529434,Walking
1716529434,Walking
1716529437,Running
1716529437,Walking
1716529438,Walking
1716529438,Running
1716529438,Walking
1716529438,Running
1716529440,Running
1716529440,Walking
1716529441,Running
1716529449,Walking
1716529451,Running
1716529451,Walking
1716529452,Running
1716529452,Walking
1716529452,Walking
1716529452,Running
1716529453,Running
1716529456,Walking
1716529459,Running
1716529462,Walking
1716529464,Running
1716529465,Walking
1716529475,Still
1716529477,Running
1716529478,Running
1716529478,Walking
1716529478,Walking
1716529479,Running
1716529480,Walking
1716529487,Walking
1716529487,Running
1716529488,Running
1716529488,Running
1716529488,Walking
1716529488,Walking
1716529488,Walking
1716529488,Running
1716529489,Running
1716529489,Walking
1716529490,Running
1716529491,Walking
1716529491,Walking
1716529491,Running
1716529492,Running
1716529492,Walking
1716529496,Walking
1716529496,Running
1716529497,Running
1716529497,Walking
1716529501,Running
1716529501,Running
1716529501,Walking
1716529504,Walking
1716529505,Running
1716529506,Running
1716529506,Walking
1716529513,Walking
1716529514,Walking
1716529514,Running
1716529514,Running
1716529516,Walking
1716529523,Running
1716529523,Walking
1716529527,Running
1716529527,Running
1716529527,Walking
1716529528,Walking
1716529528,Walking
1716529528,Running
1716529528,Walking
1716529528,Running
1716529529,Running
1716529530,Walking
1716529531,Running
1716529531,Walking
1716529533,Walking
1716529533,Running
1716529533,Running
1716529534,Walking
1716529538,Running
1716529538,Walking
1716529538,Running
1716529546,Running
1716529546,Walking
1716529547,Running
1716529547,Walking
1716529556,Walking
1716529556,Running
1716529556,Running
1716529556,Walking
1716529556,Walking
1716529556,Running
1716529585,Running
1716529585,Walking
1716529595,Walking
1716529598,Walking
1716529598,Running
1716529599,Running
1716529602,Walking
1716529604,Running
1716529605,Walking
1716529608,Running
1716529614,Walking
1716529616,Running
1716529628,Walking
1716529629,Walking
1716529629,Running
1716529629,Running
1716529630,Running
1716529630,Walking
1716529630,Walking
1716529630,Running
1716529637,Walking
1716529640,Running
1716529679,Walking
1716529681,Walking
1716529681,Running
1716529682,Running
1716529684,Walking
1716529688,Walking
1716529688,Running
1716529701,Walking
1716529701,Running
1716529702,Running
1716529702,Walking
1716529703,Running
1716529703,Running
1716529703,Walking
1716529704,Walking
1716529707,Running
1716529708,Walking
1716529710,Running
1716529710,Walking
1716529711,Walking
1716529711,Running
1716529720,Running
1716529720,Running
1716529720,Walking
1716529752,Walking
1716529752,Walking
1716529752,Running
1716529752,Running
1716529775,Walking
1716529775,Running
1716529781,Walking
1716529781,Running
1716529781,Walking
1716529782,Running
1716529791,Walking
1716529792,Running
1716529792,Walking
1716529792,Running
1716529792,Walking
1716529801,Walking
1716529801,Running
1716529802,Running
1716529802,Walking
1716529802,Running
1716529803,Walking
1716529803,Running
1716529803,Walking
1716529804,Running
1716529804,Walking
1716529807,Walking
1716529807,Running
1716529808,Running
1716529808,Walking
1716529819,Walking
1716529819,Running
1716529834,Running
1716529834,Walking
1716529834,Running
1716529845,Walking
1716529845,Walking
1716529845,Running
1716529846,Walking
1716529846,Running
1716529847,Running
1716529847,Running
1716529847,Walking
1716529851,Walking
1716529855,Running
1716529855,Walking
1716529859,Walking
1716529859,Running
1716529870,Walking
1716529870,Running
1716529874,Still
1716529879,Walking
1716529885,Still
1716529889,Walking
1716529896,Still
1716529900,Walking
1716529912,Still
1716529940,Walking
1716529950,Still
1716529954,Walking
1716529968,Still
1716529993,Walking
1716529996,Still
1716530064,Walking
1716530067,Still
1716530320,Walking
1716530324,Still
1716530352,Walking
1716530356,Still
1716543975,Walking
1716543982,Still
1716544035,Walking
1716544040,Still
1716544050,Walking
1716544057,Still
1716544114,Walking
1716544117,Still
1716544126,Walking
1716544137,Still
1716544206,Walking
1716544209,Running
1716544210,Walking
1716544212,Still
1716544218,Walking
1716544222,Still
1716545181,Walking
1716545183,Still
1716545197,Walking
1716545198,Still
1716545205,Walking
1716545208,Still
1716545218,Walking
1716545222,Still
1716545231,Walking
1716545235,Still
1716545265,Walking
1716545269,Still
1716545363,Walking
1716545367,Still
1716545492,Walking
1716545500,Still
1716545774,Walking
1716545777,Still
1716545953,Walking
1716545963,Still
1716546629,Walking
1716546637,Still
1716546641,Walking
1716546644,Still
1716546658,Walking
1716546664,Still
1716546826,Walking
1716546830,Walking
1716546830,Running
1716546830,Running
1716546834,Walking
1716546835,Running
1716546835,Walking
1716546835,Walking
1716546835,Running
1716546874,Walking
1716546889,Still
1716546933,Walking
1716546944,Still
1716546968,Walking
1716546971,Still
1716546983,Walking
1716546983,Walking
1716546983,Running
1716546985,Running
1716546985,Walking
1716546988,Still
1716547239,Walking
1716547246,Still
1716547266,Walking
1716547275,Still
1716547290,Walking
1716547293,Still
1716547330,Walking
1716547333,Still
1716547350,Walking
1716547354,Still
1716547364,Walking
1716547369,Still
1716547386,Walking
1716547389,Still
1716547450,Walking
1716547458,Still
1716552290,Walking
1716552293,Still
1716552299,Walking
1716552308,Still
1716552329,Walking
1716552339,Still
1716552410,Walking
1716552417,Walking
1716552417,Running
1716552418,Running
1716552418,Walking
1716552419,Running
1716552421,Walking
1716552435,Still
1716552804,Walking
1716552809,Still
1716552817,Walking
1716552827,Still
1716553160,Walking
1716553163,Still
1716553189,Walking
1716553204,Still
1716558403,Walking
1716558408,Still
1716558411,Running
1716558413,Walking
1716558414,Still
1716558421,Walking
1716558423,Running
1716558424,Walking
1716558424,Walking
1716558424,Running
1716558424,Walking
1716558424,Running
1716558425,Running
1716558427,Walking
1716558428,Still
1716558432,Walking
1716558438,Still
1716558455,Walking
1716558459,Still
1716558477,Walking
1716558481,Still
1716558501,Walking
1716558515,Still
1716558530,Walking
1716558547,Still
1716558653,Walking
1716558663,Still
1716558676,Walking
1716558678,Still
1716558694,Walking
1716558698,Running
1716558698,Walking
1716558706,Still
1716558714,Walking
1716558718,Still
1716558809,Walking
1716558814,Still
1716558841,Walking
1716558845,Still
1716558851,Walking
1716558857,Still
1716558862,Walking
1716558872,Still
1716558913,Walking
1716558925,Still
1716558930,Walking
1716558935,Still
1716558940,Walking
1716558956,Still
1716558967,Walking
1716558979,Still
1716561611,Walking
1716561620,Still
1716563424,Walking
1716563425,Still
1716564728,Walking
1716564729,Walking
1716564729,Running
1716564730,Walking
1716564730,Running
1716564737,Still
1716564743,Walking
1716564746,Walking
1716564746,Running
1716564748,Still
1716564761,Walking
1716564768,Still
1716564804,Walking
1716564808,Running
1716564808,Walking
1716564812,Still
1716564839,Walking
1716564842,Still
1716564874,Walking
1716564877,Walking
1716564877,Running
1716564878,Running
1716564880,Walking
1716564891,Still
1716564896,Walking
1716564900,Running
1716564903,Running
1716564903,Walking
1716564904,Running
1716564904,Walking
1716564904,Walking
1716564904,Walking
1716564904,Running
1716564904,Walking
1716564904,Running
1716564905,Running
1716564905,Walking
1716564906,Still
1716564911,Walking
1716564914,Still
1716564928,Walking
1716564934,Still
1716564944,Walking
1716564954,Still
1716565032,Walking
1716565036,Still
1716565061,Walking
1716565063,Still
1716565074,Walking
1716565080,Running
1716565080,Walking
1716565096,Still
1716565109,Walking
1716565130,Still
1716565135,Walking
1716565135,Running
1716565137,Running
1716565137,Walking
1716565138,Running
1716565138,Walking
1716565141,Walking
1716565146,Walking
1716565146,Running
1716565153,Still
1716565160,Walking
1716565163,Walking
1716565163,Running
1716565172,Still
1716565178,Walking
1716565182,Still
1716565238,Walking
1716565246,Still
1716565253,Walking
1716565257,Still
1716565267,Walking
1716565276,Still
1716565285,Walking
1716565289,Still
1716565299,Walking
1716565306,Still
1716565371,Walking
1716565373,Still
1716565560,Walking
1716565562,Still
1716565574,Walking
1716565581,Still
1716565630,Walking
1716565631,Running
1716565632,Walking
1716565633,Still
1716565666,Walking
1716565677,Still
1716565683,Walking
1716565686,Still
1716565696,Walking
1716565697,Running
1716565698,Walking
1716565699,Still
1716565708,Walking
1716565712,Still
1716565722,Walking
1716565727,Still
1716565812,Walking
1716565816,Still
1716565836,Running
1716565837,Walking
1716565838,Still
1716565843,Running
1716565846,Walking
1716565848,Still
1716567326,Walking
1716567329,Still
1716567345,Walking
1716567348,Still
1716568587,Walking
1716568590,Still
1716569095,Walking
1716569099,Still
1716570677,Walking
1716570680,Still
1716570732,Walking
1716570734,Still
1716570881,Walking
1716570887,Still
1716571407,Walking
1716571412,Still
1716571432,Walking
1716571438,Still
1716571559,Walking
1716571574,Still
1716571595,Walking
1716571600,Still
1716571605,Walking
1716571610,Still
1716571688,Walking
1716571695,Still
1716571726,Walking
1716571730,Still
1716572931,Walking
1716572936,Still
1716573537,Walking
1716573542,Still
1716574142,Walking
1716574145,Still
1716574179,Walking
1716574182,Running
1716574183,Walking
1716574184,Still
1716574187,Walking
1716574191,Running
1716574194,Walking
1716574196,Running
1716574196,Walking
1716574196,Running
1716574196,Walking
1716574196,Running
1716574198,Walking
1716574199,Running
1716574199,Walking
1716574205,Still
1716574215,Walking
1716574230,Still
1716574544,Walking
1716574551,Still
1716574578,Walking
1716574579,Still
1716574591,Walking
1716574593,Still
1716574600,Walking
1716574603,Still
1716574624,Walking
1716574637,Still
1716574692,Walking
1716574697,Still
1716574708,Walking
1716574713,Still
1716574720,Walking
1716574726,Still
1716574761,Walking
1716574767,Still
1716574783,Walking
1716574792,Still
1716574798,Walking
1716574806,Still
1716574923,Walking
1716574926,Still
1716574938,Walking
1716574947,Still
1716574956,Walking
1716574969,Still
1716576986,Walking
1716576989,Still
1716577084,Walking
1716577090,Still
1716578215,Walking
1716578216,Walking
1716578216,Running
1716578217,Running
1716578218,Walking
1716578218,Running
1716578218,Walking
1716578221,Still
1716578225,Walking
1716578228,Still
1716578254,Walking
1716578258,Still
1716578269,Walking
1716578270,Still
1716578274,Walking
1716578277,Still
1716578283,Walking
1716578284,Still
1716578306,Walking
1716578309,Still
1716578555,Walking
1716578577,Still
1716578639,Walking
1716578646,Still
1716579486,Walking
1716579494,Still
1716579518,Walking
1716579522,Still
1716579655,Walking
1716579657,Still
1716580570,Walking
1716580574,Still
1716592576,Walking
1716592580,Still
1716592592,Walking
1716592599,Still
1716592629,Walking
1716592635,Still
1716592645,Walking
1716592647,Still
1716592736,Walking
1716592741,Still
1716592746,Walking
1716592749,Still
1716592879,Walking
1716592883,Still
1716592925,Walking
1716592932,Still
1716593145,Walking
1716593154,Still
1716593179,Walking
1716593181,Still
1716596147,Running
1716596147,Walking
1716596148,Walking
1716596149,Running
1716596149,Walking
1716596152,Still
1716596208,Walking
1716596208,Walking
1716596208,Running
1716596208,Running
1716596210,Running
1716596211,Walking
1716596215,Still
1716878337,Walking
1716878343,Still
1716878393,Running
1716878393,Running
1716878393,Walking
1716878393,Walking
1716878394,Walking
1716878395,Still
1716878400,Walking
1716878403,Still
1716881675,Walking
1716881688,Still
1716881729,Walking
1716881735,Still
1716881752,Walking
1716881755,Still
1716881770,Walking
1716881774,Still
1716881970,Walking
1716881976,Still
1716881996,Walking
1716881999,Still
1716882212,Walking
1716882215,Still
1716882235,Walking
1716882238,Still
1716882302,Walking
1716882307,Still
1716883095,Walking
1716883098,Still
1716885737,Walking
1716885743,Still
1716885826,Walking
1716885830,Still
1716885998,Walking
1716886000,Walking
1716886000,Running
1716886008,Still
1716886031,Running
1716886033,Walking
1716886034,Running
1716886035,Walking
1716886037,Still
1716886042,Running
1716886042,Walking
1716886043,Walking
1716886043,Running
1716886044,Walking
1716886045,Still
1716886062,Walking
1716886066,Running
1716886067,Walking
1716886067,Running
1716886067,Walking
1716886067,Running
1716886068,Walking
1716886075,Still
1716889193,Walking
1716889206,Still
1716889250,Walking
1716889251,Still
1716889454,Walking
1716889456,Still
1716889461,Walking
1716889464,Still
1716889482,Walking
1716889483,Still
1716889663,Walking
1716889674,Still
1716889687,Walking
1716889690,Still
1716889739,Walking
1716889746,Still
1716889829,Walking
1716889837,Still
1716892498,Walking
1716892501,Still
1716893871,Walking
1716893876,Still
1716893885,Walking
1716893886,Still
1716893947,Walking
1716893968,Still
1716893983,Walking
1716893986,Still
1716894003,Walking
1716894005,Still
1716894014,Walking
1716894021,Still
1716894028,Walking
1716894043,Still
1716894051,Walking
1716894056,Still
1716894088,Walking
1716894089,Running
1716894090,Running
1716894090,Running
1716894090,Walking
1716894090,Walking
1716894091,Walking
1716894091,Running
1716894094,Walking
1716894095,Running
1716894095,Walking
1716894099,Still
1716894112,Walking
1716894115,Still
1716894125,Walking
1716894132,Still
1716894153,Walking
1716894163,Still
1716894186,Walking
1716894188,Still
1716894196,Walking
1716894205,Still
1716894238,Walking
1716894244,Still
1716894319,Walking
1716894327,Still
1716894345,Walking
1716894350,Still
1716894920,Walking
1716894925,Still
1716894930,Walking
1716894933,Still
1716894940,Walking
1716894950,Still
1716895523,Walking
1716895536,Still
1716895547,Walking
1716895554,Still
1716895788,Walking
1716895791,Still
1716895816,Walking
1716895818,Still
1716895871,Walking
1716895879,Still
1716899037,Walking
1716899040,Still
1716899062,Walking
1716899071,Still
1716899107,Walking
1716899116,Still
1716899495,Walking
1716899501,Still
1716899552,Walking
1716899555,Still
1716900151,Walking
1716900158,Still
1716901010,Walking
1716901018,Still
1716901128,Running
1716901131,Walking
1716901133,Still
1716901181,Walking
1716901185,Still
1716904092,Walking
1716904092,Walking
1716904092,Running
1716904093,Running
1716904096,Walking
1716904096,Running
1716904096,Walking
1716904101,Running
1716904101,Walking
1716904102,Running
1716904103,Walking
1716904103,Running
1716904103,Walking
1716904114,Still
1716904125,Walking
1716904130,Still
1716904138,Walking
1716904149,Still
1716904153,Walking
1716904165,Still
1716904169,Walking
1716904170,Running
1716904171,Walking
1716904173,Running
1716904174,Running
1716904174,Walking
1716904174,Walking
1716904184,Still
1716905090,Walking
1716905094,Still
1716905165,Walking
1716905170,Still
1716905190,Walking
1716905192,Walking
1716905192,Running
1716905200,Still
1716905207,Walking
1716905209,Still
1716905221,Walking
1716905224,Still
1716905230,Walking
1716905238,Still
1716905242,Walking
1716905252,Still
1716905262,Walking
1716905266,Still
1716905282,Walking
1716905289,Still
1716905296,Walking
1716905303,Still
1716905316,Walking
1716905317,Running
1716905318,Walking
1716905320,Still
1716905335,Walking
1716905338,Still
1716905343,Walking
1716905357,Still
1716905361,Walking
1716905365,Still
1716905436,Walking
1716905447,Still
1716905565,Walking
1716905570,Still
1716905574,Walking
1716905576,Still
1716905638,Walking
1716905647,Still
1716905666,Running
1716905669,Walking
1716905671,Still
1716905724,Running
1716905729,Walking
1716905729,Still
1716905732,Running
1716905737,Walking
1716905738,Still
1716905741,Running
1716905742,Walking
1716905744,Still
1716907248,Walking
1716907257,Still
1716907732,Walking
1716907740,Still
1716907773,Walking
1716907779,Still
1716907801,Walking
1716907805,Still
1716907810,Walking
1716907815,Still
1716908551,Walking
1716908556,Still
1716908615,Walking
1716908640,Still
1716908762,Walking
1716908766,Still
1716908778,Walking
1716908785,Still
1716908805,Walking
1716908816,Still
1716908853,Walking
1716908857,Still
1716908867,Walking
1716908876,Still
1716908879,Walking
1716908896,Still
1716908917,Walking
1716908920,Still
1716908947,Walking
1716908951,Still
1716908959,Walking
1716908963,Still
1716908974,Walking
1716908993,Still
1716909027,Walking
1716909030,Still
1716909042,Walking
1716909050,Still
1716909064,Walking
1716909072,Still
1716909115,Walking
1716909128,Still
1716909145,Walking
1716909151,Still
1716909205,Walking
1716909211,Still
1716909218,Walking
1716909221,Still
1716909334,Walking
1716909337,Still
1716909422,Walking
1716909435,Still
1716909464,Walking
1716909488,Still
1716909536,Walking
1716909540,Still
1716909546,Walking
1716909553,Still
1716909567,Walking
1716909572,Still
1716909575,Walking
1716909580,Still
1716909637,Walking
1716909650,Still
1716909858,Walking
1716909861,Still
1716910170,Walking
1716910185,Still
1716913962,Walking
1716913978,Still
1716913983,Walking
1716913985,Still
1716913990,Walking
1716914016,Still
1716914024,Walking
1716914037,Still
1716914044,Walking
1716914050,Still
1716914073,Walking
1716914080,Still
1716914200,Walking
1716914208,Running
1716914208,Walking
1716914222,Still
1716914227,Walking
1716914230,Still
1716915182,Walking
1716915186,Still
1716915198,Walking
1716915200,Still
1716915310,Walking
1716915323,Still
1716915367,Walking
1716915370,Still
1716915399,Walking
1716915405,Still
1716915410,Walking
1716915417,Still
1716915489,Walking
1716915492,Still
1716915499,Walking
1716915510,Still
1716915528,Walking
1716915529,Still
1716915534,Walking
1716915553,Still
1716915584,Walking
1716915593,Still
1716915677,Walking
1716915688,Still
1716915759,Walking
1716915766,Still
1716916712,Walking
1716916734,Still
1716918878,Walking
1716918883,Still
1716918890,Walking
1716918906,Still
1716918945,Walking
1716918951,Still
1716918975,Walking
1716918977,Still
1716918982,Walking
1716918985,Still
1716918995,Walking
1716919007,Still
1716919037,Walking
1716919039,Still
1716919386,Walking
1716919389,Still
1716919882,Walking
1716919887,Still
1716919915,Walking
1716919928,Still
1716919947,Walking
1716919954,Still
1716919960,Walking
1716919962,Still
1716919967,Walking
1716919973,Still
1716919982,Walking
1716919989,Still
1716920079,Walking
1716920086,Still
1716920092,Walking
1716920109,Still
1716920129,Walking
1716920133,Still
1716920318,Walking
1716920321,Still
1716920814,Walking
1716920817,Still
1716921156,Walking
1716921159,Still
1716921164,Walking
1716921167,Still
1716921420,Walking
1716921423,Still
1716922116,Walking
1716922119,Still
1716922393,Walking
1716922404,Still
1716922426,Walking
1716922435,Still
1716924383,Walking
1716924387,Still
1716924509,Walking
1716924516,Still
1716924543,Walking
1716924547,Still
1716926322,Walking
1716926325,Still
1716926432,Walking
1716926444,Still
1716926505,Walking
1716926513,Still
1716926523,Walking
1716926528,Still
1716926566,Walking
1716926576,Still
1716926595,Walking
1716926596,Running
1716926596,Walking
1716926599,Still
1716926610,Walking
1716926613,Still
1716926618,Walking
1716926627,Still
1716926633,Walking
1716926650,Still
1716926666,Walking
1716926675,Still
1716926796,Walking
1716926801,Still
1716926834,Walking
1716926837,Still
1716926860,Walking
1716926865,Still
1716926872,Running
1716926875,Walking
1716926880,Still
1716926883,Running
1716926884,Walking
1716926896,Still
1716926981,Running
1716926982,Running
1716926982,Walking
1716926983,Walking
1716926983,Running
1716926984,Running
1716926984,Walking
1716926984,Walking
1716926993,Still
1716927338,Walking
1716927341,Still
1716927376,Walking
1716927379,Still
1716927383,Walking
1716927395,Still
1716927478,Walking
1716927487,Still
1716927542,Walking
1716927549,Still
1716927622,Walking
1716927623,Walking
1716927623,Running
1716927628,Still
1716927634,Walking
1716927641,Still
1716928383,Walking
1716928385,Still
1716928405,Walking
1716928406,Running
1716928406,Walking
1716928416,Still
1716928433,Walking
1716928443,Still
1716928448,Walking
1716928458,Still
1716955441,Walking
1716955444,Still
1716955455,Walking
1716955460,Still
1716955519,Walking
1716955525,Still
1716955531,Walking
1716955534,Still
1716955986,Walking
1716955988,Still
1716956140,Walking
1716956148,Still
1716959062,Walking
1716959073,Still
1716959089,Walking
1716959098,Still
1716959329,Walking
1716959347,Still
1716959392,Walking
1716959402,Still
1716959455,Walking
1716959473,Still
1716959526,Walking
1716959545,Still
1716959563,Walking
1716959567,Still
1716959625,Walking
1716959631,Still
1716959674,Walking
1716959688,Still
1716959737,Walking
1716959753,Still
1716959789,Walking
1716959799,Running
1716959799,Walking
1716959800,Walking
1716959800,Running
1716959804,Running
1716959804,Walking
1716959806,Walking
1716959806,Running
1716959807,Walking
1716959807,Running
1716959812,Running
1716959813,Running
1716959813,Walking
1716959814,Walking
1716959819,Still
1716959835,Walking
1716959846,Still
1716959856,Walking
1716959866,Still
1716959873,Walking
1716959875,Still
1716959887,Walking
1716959889,Still
1716959893,Walking
1716959897,Still
1716959901,Walking
1716959917,Still
1716959939,Walking
1716959941,Still
1716960081,Walking
1716960092,Running
1716960093,Walking
1716960095,Still
1716960100,Walking
1716960108,Still
1716960166,Walking
1716960169,Still
1716960193,Walking
1716960199,Still
1716960334,Walking
1716960343,Still
1716960352,Walking
1716960360,Still
1716960427,Walking
1716960433,Still
1716960442,Walking
1716960443,Still
1716960486,Walking
1716960488,Still
1716960550,Walking
1716960554,Still
1716960572,Walking
1716960583,Still
1716963488,Walking
1716963488,Running
1716963488,Running
1716963489,Running
1716963489,Walking
1716963490,Walking
1716963490,Walking
1716963490,Running
1716963495,Still
1716963504,Walking
1716963506,Still
1716964186,Walking
1716964194,Still
1716964257,Walking
1716964260,Still
1716964277,Walking
1716964280,Still
1716964298,Walking
1716964304,Still
1716967962,Walking
1716967987,Still
1716968007,Walking
1716968011,Still
1716968107,Walking
1716968114,Still
1716968137,Walking
1716968140,Still
1716968155,Walking
1716968168,Still
1716968219,Walking
1716968222,Still
1716968422,Walking
1716968424,Still
1716968431,Walking
1716968434,Still
1716968790,Walking
1716968797,Still
1716971383,Walking
1716971385,Still
1716972920,Walking
1716972924,Still
1716973208,Walking
1716973214,Still
1716973220,Walking
1716973229,Running
1716973229,Walking
1716973230,Running
1716973230,Walking
1716973230,Running
1716973230,Walking
1716973230,Running
1716973231,Walking
1716973247,Still
1716973742,Walking
1716973751,Still
1716973761,Walking
1716973768,Still
1716973823,Walking
1716973828,Still
1716973832,Walking
1716973836,Still
1716973906,Walking
1716973927,Still
1716978067,Walking
1716978083,Still
1716978102,Walking
1716978109,Still
1716978120,Walking
1716978123,Still
1716978155,Walking
1716978168,Still
1716978211,Walking
1716978218,Still
1716978292,Walking
1716978295,Still
1716978641,Walking
1716978645,Still
1716978951,Walking
1716978954,Still
1716979590,Walking
1716979599,Still
1716979607,Walking
1716979610,Still
1716979781,Walking
1716979786,Still
1716979791,Walking
1716979791,Walking
1716979791,Running
1716979793,Running
1716979793,Walking
1716979794,Walking
1716979794,Running
1716979798,Still
1716979805,Walking
1716979807,Still
1716979860,Running
1716979860,Walking
1716979863,Still
1716979869,Walking
1716979873,Still
1716979917,Walking
1716979922,Still
1716979983,Walking
1716979984,Walking
1716979984,Running
1716979988,Still
1716980003,Walking
1716980009,Still
1716980178,Walking
1716980181,Still
1716985632,Walking
1716985632,Walking
1716985632,Running
1716985633,Running
1716985633,Running
1716985633,Walking
1716985634,Walking
1716985634,Walking
1716985634,Running
1716985647,Still
1716985652,Walking
1716985655,Still
1716985810,Walking
1716985813,Still
1716985907,Walking
1716985912,Still
1716985931,Walking
1716985939,Walking
1716985939,Running
1716985939,Walking
1716985939,Running
1716985941,Running
1716985941,Walking
1716985941,Running
1716985943,Walking
1716985950,Still
1716985976,Walking
1716985981,Still
1716985986,Walking
1716985994,Running
1716985996,Walking
1716985996,Running
1716985998,Walking
1716985999,Still
1716986004,Walking
1716986010,Still
1716986015,Walking
1716986020,Still
1716986033,Walking
1716986035,Running
1716986035,Walking
1716986036,Running
1716986038,Running
1716986038,Walking
1716986052,Walking
1716986061,Still
1716986086,Walking
1716986093,Still
1716986136,Walking
1716986146,Still
1716986152,Walking
1716986165,Still
1716986378,Walking
1716986386,Still
1716991752,Walking
1716991754,Walking
1716991754,Running
1716991767,Still
1716991771,Walking
1716991774,Still
1716991781,Walking
1716991786,Still
1716991839,Walking
1716991843,Still
1716991888,Walking
1716991891,Still
1716991899,Walking
1716991902,Still
1716991917,Walking
1716991919,Still
1716991924,Walking
1716991931,Running
1716991932,Walking
1716991932,Walking
1716991932,Running
1716991932,Running
1716991932,Walking
1716991933,Running
1716991933,Walking
1716991948,Still
1716991989,Walking
1716991998,Still
1716992012,Walking
1716992016,Still
1716992102,Walking
1716992105,Still
1716992121,Walking
1716992141,Still
1716992150,Walking
1716992163,Still
1716992170,Walking
1716992178,Running
1716992178,Walking
1716992179,Running
1716992179,Walking
1716992179,Walking
1716992179,Running
1716992182,Running
1716992183,Walking
1716992183,Running
1716992183,Still
1716992183,Walking
1716992188,Walking
1716992190,Still
1716992196,Walking
1716992200,Still
1716992207,Walking
1716992218,Still
1716992284,Walking
1716992294,Still
1716992311,Walking
1716992318,Still
1716992334,Walking
1716992338,Still
1716992367,Walking
1716992370,Still
1716994125,Walking
1716994128,Still
1716994168,Walking
1716994182,Still
1716994591,Walking
1716994594,Still
1716994647,Walking
1716994650,Still
1716994658,Walking
1716994663,Still
1716994674,Walking
1716994691,Still
1716994712,Walking
1716994728,Still
1716994748,Walking
1716994755,Still
1716994784,Walking
1716994787,Still
1716994897,Walking
1716994901,Still
1716994923,Walking
1716994931,Still
1716994939,Walking
1716994942,Walking
1716994942,Running
1716994948,Running
1716994948,Walking
1716994962,Still
1716994975,Walking
1716994978,Still
1716994995,Walking
1716995002,Still
1716995026,Walking
1716995037,Still
1716995066,Walking
1716995076,Still
1716995085,Walking
1716995090,Still
1716995109,Walking
1716995112,Still
1716995130,Walking
1716995142,Still
1716995153,Walking
1716995154,Running
1716995154,Running
1716995154,Walking
1716995155,Walking
1716995168,Still
1716995212,Walking
1716995222,Still
1716995683,Walking
1716995695,Still
1716995700,Walking
1716995708,Still
1716995718,Walking
1716995743,Still
1716996056,Walking
1716996060,Still
1716996161,Walking
1716996164,Still
1716996514,Walking
1716996519,Still
1716996528,Walking
1716996534,Still
1716996980,Walking
1716996983,Still
1716997163,Walking
1716997166,Still
1716997211,Running
1716997213,Walking
1716997216,Still
1716997227,Walking
1716997228,Still
1716998227,Walking
1716998229,Still
1716998426,Walking
1716998429,Walking
1716998429,Running
1716998430,Walking
1716998430,Running
1716998432,Still
1716998437,Walking
1716998439,Still
1716998453,Running
1716998456,Walking
1716998469,Still
1716998714,Walking
1716998725,Still
1716998738,Walking
1716998738,Running
1716998738,Running
1716998738,Running
1716998738,Walking
1716998738,Walking
1716998738,Walking
1716998738,Running
1716998739,Running
1716998739,Walking
1716998741,Walking
1716998741,Running
1716998741,Walking
1716998742,Walking
1716998742,Running
1716998751,Walking
1716998751,Running
1716998752,Still
1716999804,Walking
1716999807,Still
1716999875,Walking
1716999878,Still
1716999898,Walking
1716999910,Still
1717000033,Walking
1717000039,Still
1717000338,Walking
1717000341,Still
1717000449,Walking
1717000460,Still
1717000486,Walking
1717000497,Still
1717000522,Running
1717000522,Walking
1717000522,Walking
1717000523,Walking
1717000523,Running
1717000524,Walking
1717000524,Running
1717000526,Running
1717000526,Walking
1717000526,Walking
1717000526,Running
1717000527,Walking
1717000527,Running
1717000528,Walking
1717000528,Running
1717000528,Walking
1717000528,Running
1717000530,Running
1717000531,Walking
1717000533,Still
1717000540,Walking
1717000546,Still
1717000614,Walking
1717000621,Still
1717000655,Walking
1717000659,Still
1717000697,Walking
1717000704,Still
1717000863,Walking
1717000866,Still
1717000899,Walking
1717000900,Still
1717001220,Walking
1717001223,Still
1717001296,Walking
1717001300,Still
1717001538,Walking
1717001544,Still
1717001557,Walking
1717001561,Still
1717001812,Walking
1717001816,Still
1717001854,Walking
1717001858,Still
1717001866,Walking
1717001873,Still
1717002382,Walking
1717002385,Running
1717002385,Running
1717002385,Walking
1717002385,Walking
1717002389,Still
1717002397,Walking
1717002402,Still
1717002459,Walking
1717002463,Still
1717002489,Walking
1717002495,Still
1717002568,Walking
1717002580,Still
1717002596,Walking
1717002607,Still
1717002714,Walking
1717002716,Still
1717002783,Walking
1717002785,Still
1717002807,Walking
1717002813,Still
1717002846,Walking
1717002849,Still
1717002859,Walking
1717002868,Still
1717002884,Walking
1717002895,Still
1717003002,Walking
1717003009,Still
1717003014,Walking
1717003018,Still
1717003028,Walking
1717003038,Still
1717003063,Walking
1717003063,Walking
1717003063,Running
1717003071,Still
1717003348,Walking
1717003351,Still
1717003361,Walking
1717003366,Still
1717003374,Walking
1717003395,Walking
1717003400,Still
1717003415,Walking
1717003424,Still
1717005254,Walking
1717005264,Still
1717005271,Walking
1717005277,Still
1717005285,Walking
1717005295,Still
1717005303,Walking
1717005316,Still
1717005321,Walking
1717005355,Running
1717005355,Walking
1717005359,Walking
1717005359,Running
1717005364,Still
1717005378,Walking
1717005397,Still
1717005401,Walking
1717005412,Running
1717005412,Walking
1717005414,Walking
1717005414,Running
1717005494,Running
1717005496,Walking
1717005496,Still
1717006191,Walking
1717006200,Running
1717006200,Walking
1717006201,Running
1717006201,Walking
1717006209,Still
1717006455,Running
1717006455,Walking
1717006456,Walking
1717006457,Still
1717008130,Walking
1717008138,Running
1717008139,Walking
1717008143,Running
1717008144,Walking
1717008214,Walking
1717008214,Running
1717008253,Running
1717008254,Walking
1717008254,Running
1717008256,Walking
1717008273,Still
1717008284,Walking
1717008291,Still
1717008303,Walking
1717008310,Still
1717008316,Walking
1717008321,Still
1717008327,Walking
1717008330,Still
1717008453,Running
1717008453,Walking
1717008454,Walking
1717008454,Running
1717008455,Walking
1717008457,Still
1717008478,Walking
1717008500,Still
1717008509,Walking
1717008519,Still
1717008525,Walking
1717008528,Still
1717009362,Walking
1717009366,Still
1717009460,Walking
1717009467,Still
1717009477,Walking
1717009481,Still
1717009523,Walking
1717009529,Still
1717009817,Walking
1717009820,Still
1717010814,Walking
1717010815,Running
1717010815,Walking
1717010818,Still
1717011324,Walking
1717011326,Still
1717012679,Walking
1717012686,Still
1717013443,Walking
1717013447,Still
1717014462,Walking
1717014476,Still
1717014544,Walking
1717014560,Still
1717014696,Walking
1717014706,Still
1717014730,Walking
1717014738,Still
1717014746,Walking
1717014753,Walking
1717014753,Running
1717014754,Running
1717014754,Walking
1717014754,Walking
1717014754,Running
1717014762,Still
1717014793,Walking
1717014800,Still
1717014835,Walking
1717014849,Still
1717014857,Walking
1717014870,Still
1717014897,Walking
1717014903,Still
1717014917,Walking
1717014923,Still
1717014963,Walking
1717014967,Still
1717014983,Walking
1717014991,Still
1717014999,Walking
1717015002,Still
1717015310,Walking
1717015318,Still
1717015341,Walking
1717015349,Still
1717015364,Walking
1717015372,Still
1717015386,Walking
1717015394,Still
1717015411,Walking
1717015422,Still
1717015442,Walking
1717015456,Still
1717017000,Walking
1717017006,Still
1717017030,Walking
1717017035,Still
1717018470,Walking
1717018474,Still
1717018491,Walking
1717018499,Still
1717019036,Walking
1717019039,Still
1717019277,Walking
1717019290,Still
1717019303,Walking
1717019311,Still
1717019319,Walking
1717019322,Still
1717019349,Walking
1717019352,Still
1717019364,Walking
1717019368,Still
1717019409,Walking
1717019412,Still
1717019426,Walking
1717019428,Still
1717019831,Walking
1717019835,Still
1717020178,Walking
1717020179,Walking
1717020179,Running
1717020181,Still
1717020469,Walking
1717020484,Still
1717020494,Walking
1717020511,Still
1717020528,Walking
1717020537,Still
1717021763,Walking
1717021769,Still
1717021780,Walking
1717021784,Still
1717021789,Walking
1717021800,Still
1717021811,Walking
1717021819,Still
1717021860,Walking
1717021866,Still
1717021871,Walking
1717021874,Still
1717021994,Walking
1717022003,Still
1717022056,Walking
1717022064,Still
1717022085,Walking
1717022103,Walking
1717022103,Running
1717022129,Still
1717022133,Walking
1717022147,Still
1717022167,Walking
1717022169,Still
1717022174,Walking
1717022179,Still